88817.0,1497610545.0,205,0,0,0,http://g.cdn.pengpengla.com/starfantuan/fanquan/1497610595183.mp3,明道语音素材第一版回顾
260409.0,1497606612.0,427,16,2,0,http://g.cdn.pengpengla.com/starfantuan/fanquan/149760691453.mp3,李东学语音素材第一版回顾
496067.0,1504861204.0,166068,0,0,0,http://g.cdn.upliveapps.com/oauthgame/star_big_5624b0ca0e92338e2c01821074f4561d.jpg,#abc n#123n#456n#789n#012n# 
497209.0,1504152749.0,166068,0,0,0,http://g.cdn.upliveapps.com/oauthgame/star_big_727a4384dea60a1f94514eb714ca2242.jpg,等你来high。刷刷💕求家人正在up直播。 https://t.co/VRM2edAoOQ 
502036.0,1500541332.0,166068,0,0,0,http://g.cdn.upliveapps.com/oauthgame/star_big_4ff1cde8757093b07c85d6b5b6109305.jpg,哈哈
556777.0,149760002.0,386,0,0,0,http://g.cdn.pengpengla.com/starfantuan/fanquan/1497605595576.mp3,曾舜晞语音素材第一版回顾
560170.0,1500443756.0,120381,0,0,0,http://p.upcdn.pengpengla.com/star/p/u/2017/7/19/28aa8ecd-47f9-4e0a-a282-b6e72d48b515.png,哈哈哈哈哈
561122.0,1498809616.0,120381,0,0,0,http://g.cdn.upliveapps.com/oauthgame/star_big_5fd51d9a3e7c6d514dc9e216b545da18.jpg,哈哈哈哈 哈哈好后悔 斤斤计较斤斤计较 姐姐你你你会哈哈哈哈 哈哈宝贝不好
561300.0,1498644025.0,120381,0,0,0,http://g.cdn.upliveapps.com/oauthgame/7954867da604e2921b64f7d83b37be5e.m3u8,哎哟！ 
611701.0,1516051465.0,0,1,0,0,https://p.upcdn.pengpengla.com/star/p/u/2018/1/16/8a70931d-0d0a-45d3-ab0f-73c133da49b7.jpg,#王凯英雄本色2018# #英雄本色2018# #陪王凯细水长流# @王凯kkw 🌾🌾🌾🌾🌾🌾🌾🌾🌾🌾🌾🌾🌾🌾
611711.0,1515999007.0,0,2,0,3,https://p.upcdn.pengpengla.com/star/p/u/2018/1/15/9444b2db-8632-454e-bcb0-653a16f1c7fc.jpg,都好看，都喜欢！
611713.0,1515993644.0,0,1,0,0,https://p.upcdn.pengpengla.com/star/p/u/2018/1/15/570c7f56-1256-492e-a8ae-b71119b11611.jpg,王凯哥哥
611731.0,1516147736.0,0,2,0,0,https://p.upcdn.pengpengla.com/star/p/u/2018/1/17/80e0907a-343a-4951-9054-2625e85f63cb.jpg,英雄路漫漫，与凯常相伴。
611762.0,1516065971.0,0,2,0,0,https://p.upcdn.pengpengla.com/star/p/u/2018/1/16/c17befd1-5f63-4a5d-b23a-92ec52123736.jpg,❤️❤️❤️
611794.0,1516013732.0,0,0,0,0,https://p.upcdn.pengpengla.com/star/p/u/2018/1/15/0c0898a1-b5fb-452d-a33a-ef8ea3bac677.jpg,🌾🌾🌾🌾
611902.0,1515860949.0,0,2,0,0,https://p.upcdn.pengpengla.com/star/p/u/2018/1/14/e9f9bc07-101c-4368-b294-2f083c004375.jpg,希望你笑颜长现
611952.0,1515593728.0,0,13,2,0,https://p.upcdn.pengpengla.com/star/p/u/2018/1/10/eac1a99c-9c78-4816-9f39-6f95d30285fa.jpg,老大你可以看得到吗
611980.0,1515598404.0,0,2,1,0,https://p.upcdn.pengpengla.com/star/p/u/2018/1/10/0c75e152-1c06-4a50-a1c4-263135ed60bb.jpg,对你的心 就如初见❤️n希望你在2018年能好好的 演绎更多不同的角色n我会一直支持你饰演的角色哒n加油加油加油 To be a better man.
612002.0,1515594232.0,0,19,14,8,https://p.upcdn.pengpengla.com/star/p/u/2018/1/10/653bfaf2-4470-4d58-a70e-0bf1a0d0353c.jpg,2018n曲奇和你一錡出发n希望以后的每一天老大都是开心的n希望每一年都比上一年更加出彩n我想陪着你见证你的成就n陪你一錡成长n我要将这个“曲奇”的头衔带的更久更久n等到哪一天见到你时，很高兴的站在你面前n告诉你：老大你好，我是曲奇@范世錡
612009.0,1515642224.0,0,9,0,0,https://p.upcdn.pengpengla.com/star/p/u/2018/1/11/95ad70ba-262e-4714-a420-3e5831e01130.jpg,2018年快乐阿n我的老范 努力努力 我们一起奋斗 n希望你快乐健康 n最真的方式希望你健康快乐n我最近好忙 可我还是爱你n默默的爱你❤
612019.0,1515624669.0,0,5,1,0,https://p.upcdn.pengpengla.com/star/p/u/2018/1/11/f31ed334-ee33-4b45-80c7-f140a51c487e.jpg,感谢最好的你，让曲奇们有了家，让曲奇们可以因为一件事而共同努力，请你记得不论什么时候，你的身后都有强大的曲奇团在陪着你！
612213.0,1515486041.0,0,1,0,0,https://p.upcdn.pengpengla.com/star/p/u/2018/1/9/f294714c-ba37-42d1-b283-03c3d34e69e5.jpg,强行用备忘录写字，写得丑就怪备忘录不好控制，都是它的锅哈哈哈
612217.0,1515478079.0,0,7,0,1,https://p.upcdn.pengpengla.com/star/p/u/2018/1/9/5dc05649-f288-4432-b080-477c427f8e3d.jpg,情深不易 无问西东
612338.0,1515478868.0,204,6,0,0,https://p.upcdn.pengpengla.com/star/p/u/2018/1/9/15b29603-e024-4fad-8192-eb0a7522f98e.jpg,《急诊科医生》发布会u0009r2017-10-22
612371.0,1515904707.0,204,1,0,0,https://p.upcdn.pengpengla.com/star/p/u/2018/1/14/71cbda75-78b6-436d-8909-8097c598fefa.jpg,《跨界歌王》第二季录制u0009r2017-06-04
612373.0,1515904993.0,204,8,0,0,https://p.upcdn.pengpengla.com/star/p/u/2018/1/14/cd8875bc-dc31-45a6-820e-fa1b1bca22e9.jpg,王珞丹十周年粉丝见面会u0009r2017-05-28
612382.0,1515910018.0,204,30,0,0,https://p.upcdn.pengpengla.com/star/p/u/2018/1/14/0c5d94ba-8db9-421d-a7d4-beb9e5e1cc3f.jpg,急诊科医生杀青r2017-01-09
612527.0,1515399016.0,0,1,0,0,https://p.upcdn.pengpengla.com/star/p/u/2018/1/8/156bb069-286b-4439-83a6-5225bea7f3f7.jpg,魏巡❤️💜💙🧡💕
612558.0,1515400769.0,0,0,0,0,https://p.upcdn.pengpengla.com/star/p/u/2018/1/8/8d194185-1146-4cdc-93bd-10eec6434761.jpg,卖萌的时候很撩人 很暖❤️
612596.0,1515406806.0,0,2,0,0,https://p.upcdn.pengpengla.com/star/p/u/2018/1/8/f220cfa6-5fcb-4c92-bc96-cdd1d9964414.jpg,这两个(๑•̌㉨•̑๑)੭ु⁾⁾ ༘ؓ ँั๊ྃ 帅得不用穿衣服好么！
612600.0,1515407560.0,0,3,1,0,https://p.upcdn.pengpengla.com/star/p/u/2018/1/8/ab6e7846-1680-4c3d-9931-d95b3966fc6f.jpg,＃周震南＃n周震南好帅😍😍😍
612643.0,1515416503.0,0,222,0,0,https://p.upcdn.pengpengla.com/star/p/u/2018/1/8/1c0697f9-5be7-4bed-baed-e204a6408c9a.jpg,薛之谦
612665.0,1515420107.0,0,170,0,0,https://p.upcdn.pengpengla.com/star/p/u/2018/1/8/e2bb2c05-2c7b-434c-aa53-9c20e69e9f3e.jpg,谦谦❤️君子
612668.0,1515420233.0,0,20,0,0,https://p.upcdn.pengpengla.com/star/p/u/2018/1/8/2cfd80c9-9489-4e23-a770-2873be4ed03d.jpg,帅
612688.0,1515421981.0,0,4,0,0,https://p.upcdn.pengpengla.com/star/p/u/2018/1/8/eee12e3e-0a55-48f9-b589-c6cb9c935b78.jpg,很帅啊
612710.0,1515425559.0,0,1,0,0,https://p.upcdn.pengpengla.com/star/p/u/2018/1/8/9bf7dd68-60c7-4c78-8731-d4a7dcaf34e0.jpg,发带兴，可爱炸了好吗！！！
612735.0,1515431417.0,0,2,3,0,https://p.upcdn.pengpengla.com/star/p/u/2018/1/9/cda065a9-8de0-42c4-ab3b-82fa538e6538.jpg,#赵天宇#
612786.0,1515462368.0,0,24,4,4,https://p.upcdn.pengpengla.com/star/p/u/2018/1/9/98bca89c-7b45-4e06-adeb-a51f8baa3586.jpg,最喜欢的太多了，上一张我近期见你时的造型吧，爱你，么么哒，我们王总最帅
612887.0,1515485520.0,0,8,0,0,https://p.upcdn.pengpengla.com/star/p/u/2018/1/9/aa63df4f-ac49-4345-a775-5110d598f8f9.jpg,第一次见到活的
612902.0,1515490240.0,0,5,0,0,https://p.upcdn.pengpengla.com/star/p/u/2018/1/9/f58c7b22-10e5-497a-afc8-d372e1636bbf.jpg,我的表情包
612936.0,1515499441.0,0,10,0,0,https://p.upcdn.pengpengla.com/star/p/u/2018/1/9/3abd6379-3f88-420c-b299-0bac484c5b00.jpg,白大神啊
612971.0,1515505644.0,0,1,0,0,https://p.upcdn.pengpengla.com/star/p/u/2018/1/9/21ce0789-0ff3-4c88-97bf-33214bcc6feb.jpg,鬼鬼，好美。
612989.0,1515508057.0,0,4,0,0,https://p.upcdn.pengpengla.com/star/p/u/2018/1/9/53ec6eab-cd83-4390-8a1f-c30d46f852a4.jpg,wuli朋
613064.0,1515542139.0,0,10,0,0,https://p.upcdn.pengpengla.com/star/p/u/2018/1/10/7cdfc268-9f5d-4c09-a62f-55e0f1707535.jpg,巡回演唱会时的孟子坤
613144.0,1515566048.0,0,2,0,0,https://p.upcdn.pengpengla.com/star/p/u/2018/1/10/99990301-d2e0-4286-8185-a42b5709850f.jpg,就……很喜欢
613150.0,1515570900.0,0,6,0,0,https://p.upcdn.pengpengla.com/star/p/u/2018/1/10/c3a5ade1-d10a-485b-bcb1-ffcce9267d43.jpg,千玺脏辫~🙈❤
613162.0,1515578335.0,0,3,0,0,https://p.upcdn.pengpengla.com/star/p/u/2018/1/10/ccf1ae3d-5432-4d42-879a-de427cc85de5.jpg,易烊千玺
613171.0,1515581614.0,0,0,0,0,https://p.upcdn.pengpengla.com/star/p/u/2018/1/10/9b7b7a7c-4d17-4074-a6ae-ee8b618a66fb.jpg,紫发时期的jisoo
613333.0,1515656765.0,0,8,0,0,https://p.upcdn.pengpengla.com/star/p/u/2018/1/11/31baaedc-6418-49a5-9f8a-09be195075ff.jpg,马伯骞，马老师，正能量
613335.0,1515657016.0,0,8,0,0,https://p.upcdn.pengpengla.com/star/p/u/2018/1/11/b64337b5-4120-4096-9fe3-79f36fbd7a46.jpg,漂亮的小孩马伯骞
613339.0,1515657342.0,0,4,1,0,https://p.upcdn.pengpengla.com/star/p/u/2018/1/11/87613db9-8816-4047-a744-9e9abb1ed847.jpg,360度無死角邱帥
613342.0,1515658271.0,0,5,0,0,https://p.upcdn.pengpengla.com/star/p/u/2018/1/11/b118abfd-aaa3-439e-945c-f873b0bd37e4.jpg,三岁的薛老师，太可爱了
613371.0,1515673911.0,0,8,0,0,https://p.upcdn.pengpengla.com/star/p/u/2018/1/11/e737a73c-b86a-4173-81d1-d0b231cc79d0.jpg,我薛 😍
613496.0,1515774857.0,0,7,0,0,https://p.upcdn.pengpengla.com/star/p/u/2018/1/13/23c39155-53e0-42f5-b13a-8c70f184e398.jpg,赵天宇赵天宇
613497.0,1515776792.0,0,1,1,0,https://p.upcdn.pengpengla.com/star/p/u/2018/1/13/8f64373c-c9ca-4cce-a936-682697bc55da.jpg,张雪迎 雪迎
613499.0,1515777954.0,0,0,0,0,https://p.upcdn.pengpengla.com/star/p/u/2018/1/13/8d75faac-809b-4053-b6a2-ff25bf50f0fb.jpg,喜歡晏紫東
613515.0,1515808173.0,0,4,0,0,https://p.upcdn.pengpengla.com/star/p/u/2018/1/13/526db369-0e48-49e6-9e25-ed7cce1177af.jpg,白撩撩
613568.0,1515852143.0,0,6,0,0,https://p.upcdn.pengpengla.com/star/p/u/2018/1/13/4076b0a0-0dff-40b7-8e1c-311819b29c78.jpg,可爱的小揪揪
613586.0,1515864970.0,0,1,0,0,https://p.upcdn.pengpengla.com/star/p/u/2018/1/14/ba63b794-4a66-406d-b983-509c2938b630.jpg,又帥又可愛的小王子易軒❤
613718.0,1515993432.0,0,0,0,0,https://p.upcdn.pengpengla.com/star/p/u/2018/1/15/b0e5537e-9ec2-487a-aeda-3e5d57fe8a2f.gif,我家oppa💙💙💙🙆🙆
613738.0,1516014233.0,0,3,0,0,https://p.upcdn.pengpengla.com/star/p/u/2018/1/15/656d3cac-d612-4c62-9999-0fe610e8c6b1.jpg,#鹿晗#🤗🤗🤗🤗🤗
613762.0,1516073054.0,0,9,0,0,https://p.upcdn.pengpengla.com/star/p/u/2018/1/16/2af2d4ff-584d-498c-9bbd-ac6b488b4979.jpg,这两个生日会的造型都很好看，酷酷中带一丝丝甜，是我爱的兔兔。
613801.0,1516154315.0,0,6,0,0,https://p.upcdn.pengpengla.com/star/p/u/2018/1/17/bf41d999-f068-427f-bd0b-df92def2db0c.gif,前男友和现男友世纪对决，深深吸引了我。
613866.0,1515984274.0,1354,7,0,0,https://p.upcdn.pengpengla.com/star/p/u/2018/1/15/027e0c4f-31f1-487e-99ee-54f1bdb78b7a.jpg,❤🍃
613892.0,1515050213.0,127822,0,0,0,https://p.upcdn.pengpengla.com/star/p/u/2018/1/4/468f9c67-aafe-425e-8dec-acb9da79885b.png,江小白yolo音乐现场澳门场r2017-10-15
613896.0,1515050793.0,127822,0,0,0,https://p.upcdn.pengpengla.com/star/p/u/2018/1/4/b94c1db6-ef96-409f-b397-5e1e7cb3d3f8.jpg,2017富秋音乐节r2017-11-19 14:30
613911.0,1516206327.0,127822,12,0,0,https://p.upcdn.pengpengla.com/star/p/u/2018/1/18/7f007879-6887-41bc-92dd-b6dfc088149e.jpg,2017网易云音乐原创盛典r2018-01-17
613919.0,1514956888.0,0,0,0,0,https://p.upcdn.pengpengla.com/star/p/u/2018/1/3/781257f8-b1d3-4c44-80c2-0b3f9f0d1a71.jpg,表白崔皓月小哥哥
613934.0,1514973099.0,0,64,0,1,https://p.upcdn.pengpengla.com/star/p/u/2018/1/3/49dff8fd-8253-41c8-95fc-6274555151b7.jpg,喜欢崔皓月，性格暴戾的他会因为白欣欣说“不许生气”“再生气也不许使用暴力”而克制自己不对沈栋杰动手，看到白欣欣来了马上松开按着季易的手。因为在乎你，你的每一句话我都会重视。
613954.0,1514960016.0,0,0,0,1,https://p.upcdn.pengpengla.com/star/p/u/2018/1/3/d800b714-f094-41c5-9db7-990336e765c8.jpg,霸道又中二的月月
613957.0,1514960919.0,0,2,0,0,https://p.upcdn.pengpengla.com/star/p/u/2018/1/3/f2ed7b2c-2952-4170-9988-6dce57d4b8a8.jpg,月月真的很撩 而且我最喜欢他的勇敢和专一啊 爱你我就告诉你 爱你为了你我可以辜负全世界的霸道与温柔 
614039.0,1514956134.0,0,0,0,0,https://p.upcdn.pengpengla.com/star/p/u/2018/1/3/26bc3fb6-13a7-4987-80cd-141eee8134fc.jpg,崔皓月n崔皓月n崔皓月n张一山n张一山n张一山n哇哈哈 哈哈 超级喜欢
614044.0,1514966565.0,0,1,0,0,https://p.upcdn.pengpengla.com/star/p/u/2018/1/3/5aa22308-d76a-45c6-a414-6d9c69e46e58.jpg,手控福利，表白我山和我山的手❤❤❤
614059.0,1514956095.0,0,2,1,0,https://p.upcdn.pengpengla.com/star/p/u/2018/1/3/8e8436a0-0656-4971-95be-4d14888f7ded.jpg,表白崔皓月！😍😍😍
614076.0,1514958674.0,0,2,1,0,https://p.upcdn.pengpengla.com/star/p/u/2018/1/3/d95d64c7-cc0a-42be-bbff-e68b20d1354b.jpg,鞥哼
614108.0,1514958200.0,0,0,0,0,https://p.upcdn.pengpengla.com/star/p/u/2018/1/3/94171ae9-7dbf-4764-a386-5557dc60ee19.jpg,温柔先生
614138.0,1514998879.0,0,3,0,0,https://p.upcdn.pengpengla.com/star/p/u/2018/1/4/bf4189cf-8351-4cb8-b5ea-e87a5f890a4d.jpg,大爱月月❤❤
614157.0,1514966907.0,0,1,0,0,https://p.upcdn.pengpengla.com/star/p/u/2018/1/3/47c55b89-26cd-4a6e-a3e0-3f8ebed432f3.jpg,其实把，沈沈才是最撩的
614196.0,1514969565.0,0,0,0,0,https://p.upcdn.pengpengla.com/star/p/u/2018/1/3/7fedc67a-b51f-43f2-b3c2-0b87d9af63fc.jpg,所有的他都喜欢
614225.0,1515028460.0,0,0,0,0,https://p.upcdn.pengpengla.com/star/p/u/2018/1/4/18447516-ef5e-40c3-a270-1ffdfde8d23d.jpg,😁😁😁😁
614236.0,1515055039.0,0,3,0,0,https://p.upcdn.pengpengla.com/star/p/u/2018/1/4/a933df02-2865-45e9-8661-2e5cf20bfe2a.jpg,☺可爱的猪猪女孩
614244.0,1515065357.0,0,2,0,0,https://p.upcdn.pengpengla.com/star/p/u/2018/1/4/dfedbecd-c739-4b92-8b19-47880e0ab44b.jpg,爱我山哥。😘😘😘
614340.0,1515303332.0,198658,0,0,0,https://p.upcdn.pengpengla.com/star/p/u/2018/1/7/91069290-de66-4587-a1b8-7f9317d23278.png,有天老高直播的时候不小心开车了，然后就有人说他涉黄，然后，孩子就紧张的摸耳朵，小动作太可爱啦😘😘😘，😚😚😚
614392.0,1516126016.0,41066,2,0,0,https://p.upcdn.pengpengla.com/star/p/u/2018/1/17/25b7cf59-a019-44d7-bb37-8d258d4dc3d3.jpg,晚安谢甜甜 希望你做个好梦❤️
614436.0,1515066552.0,41066,3,0,0,https://p.upcdn.pengpengla.com/star/p/u/2018/1/4/63f5b491-5cbf-41bc-aa87-3698c9094d61.jpg,我会一直陪你走到最后。
614453.0,1514894505.0,41066,0,0,0,https://p.upcdn.pengpengla.com/star/p/u/2018/1/2/cb2d385f-7dcf-491e-9b66-40847fa091ee.jpg,陪伴宝宝的第192天❤❤❤
614491.0,1515506194.0,41066,1,0,0,https://p.upcdn.pengpengla.com/star/p/u/2018/1/9/6d47e5a6-72b7-49a6-bd7b-0bf30b551b26.jpg,I Love you everyday～❤️❤️❤️nmuch love baby～❤️❤️❤️
614540.0,1514897310.0,25666,37,2,0,https://p.upcdn.pengpengla.com/star/p/u/2018/1/2/59d50372-222b-4482-af34-1fbf3c1fc558.jpg,羡慕你身边的所有人，也想和你一起生活，嫉妒使我更加喜欢你，2018愿你拥有好运气❤
614544.0,1514901161.0,25666,2,0,0,https://p.upcdn.pengpengla.com/star/p/u/2018/1/2/84dbb033-b240-45c9-81b6-9ef6b06c8d29.jpg,第一天！哈哈哈哈哈哈哈，才知道有这个功能唉
614552.0,1514906051.0,25666,6,0,1,https://p.upcdn.pengpengla.com/star/p/u/2018/1/2/de4082ab-9b82-403e-a60d-5b31a96b5458.jpg,阳光少年🐒️哈哈哈
614566.0,1514984023.0,25666,3,0,0,https://p.upcdn.pengpengla.com/star/p/u/2018/1/3/e0b07d44-0b66-4cec-ba90-383d7f59197f.png,一直喜欢你❤❤❤
614570.0,1514995252.0,25666,0,0,0,https://p.upcdn.pengpengla.com/star/p/u/2018/1/4/1cc2e223-504f-4a11-bfcc-801a3e22d1df.jpg,就是爱你么么哒
614572.0,1514998020.0,25666,0,0,0,https://p.upcdn.pengpengla.com/star/p/u/2018/1/4/7e73d5dc-2692-4d48-9cf1-a75d7e43caf5.jpg,晚安
614595.0,1515240786.0,25666,0,0,0,https://p.upcdn.pengpengla.com/star/p/u/2018/1/6/62bc412d-1a4e-41a4-8337-0bbe02e8390f.jpg,每天看看你就很开心❤ 今天依然爱你。
614681.0,1516170340.0,25666,173,10,1,https://p.upcdn.pengpengla.com/star/p/u/2018/1/17/86faf484-2325-4bf8-883c-ddb397cf8c39.png,我要膨胀了
614696.0,1516205438.0,25666,2,0,0,https://p.upcdn.pengpengla.com/star/p/u/2018/1/18/c863ff1e-6c5a-4497-a363-fc2b1abd65c0.jpg,会一直陪伴🤗
614709.0,1514896001.0,187423,23,1,0,https://p.upcdn.pengpengla.com/star/p/u/2018/1/2/f2c37f44-fa5d-4549-bd9c-72b5f470f356.jpg,薛之谦新专辑发布会r2017-11-28
614722.0,1514822038.0,40157,147,3,0,https://p.upcdn.pengpengla.com/star/p/u/2018/1/1/0227ad34-79a5-45da-97ff-8823d15ad744.jpg,TF家族冬日嘉年华n2017-12-29 15:00
614724.0,1514601343.0,151646,3,0,0,https://p.upcdn.pengpengla.com/star/p/u/2017/12/30/30f3babd-75dc-4b5e-a00d-d5a97319384d.jpg,Day1n今天也是个好天气。
614728.0,1514683094.0,151646,7,0,0,https://p.upcdn.pengpengla.com/star/p/u/2017/12/31/db8c8d2d-9e99-4303-9163-989c9c0a6268.jpg,每天想你
614734.0,1514775603.0,151646,0,0,0,https://p.upcdn.pengpengla.com/star/p/u/2018/1/1/37ee1d6e-7191-49b4-a616-eae54ffcea50.jpg,2018的第一天n祝哥哥一切顺利 天天开心
614769.0,1515756821.0,151646,1,0,0,https://p.upcdn.pengpengla.com/star/p/u/2018/1/12/e2f809c4-5437-40f2-93e6-3cc9507d5181.jpg,哥哥真的棒棒！！！😘😍
615005.0,1514605874.0,169116,1,0,0,https://p.upcdn.pengpengla.com/star/p/u/2017/12/30/060d8fc2-d5ea-40cf-b97d-e56a9f1cef85.jpg,最喜欢的三张！
615020.0,1514622067.0,169116,14,0,0,https://p.upcdn.pengpengla.com/star/p/u/2017/12/30/0fff0fbd-636d-46db-ab3b-e165d804334f.jpg,不一样的可爱月月(｡･ω･｡)ﾉ♡
615066.0,1514607847.0,174873,1,0,0,https://p.upcdn.pengpengla.com/star/p/u/2017/12/30/83ed4020-388b-408b-bb4f-624d3e005a1a.jpg,日常表白马伯骞，余生一个马伯骞足矣！
615090.0,1515165430.0,174873,7,1,2,https://p.upcdn.pengpengla.com/star/p/u/2018/1/5/53900813-108a-47ef-8d74-d53b01cbf588.jpg,2017新星马伯骞！2018觉醒马伯骞！以后的每一年馍馍陪你一起走啊💝💝💝
615151.0,1515075563.0,219,6,0,0,https://p.upcdn.pengpengla.com/star/p/u/2018/1/4/4e1bae76-f85d-4844-a842-63671a9cbf65.jpg,本当に敬服して、あなたのようにずっと努力の女の子で、それに私に夢を追いかけ続ける勇気を与えてくれます、ありがとうございます～
615250.0,1514814558.0,184927,2,0,0,https://p.upcdn.pengpengla.com/star/p/u/2018/1/1/7e9a45e4-a1fc-4352-ac6a-7d60fc06ebf4.jpg,可爱如你
615317.0,1514174675.0,0,0,0,0,https://p.upcdn.pengpengla.com/star/p/u/2017/12/25/ce5a248f-b301-468a-8cc5-f3d17d921f80.jpg,祝生日快乐！天天一路芳华，越来越好！感谢你的出现，是我们2017不期而遇的大美好！(人有梦想是好事）
615327.0,1514174735.0,0,1,0,0,https://p.upcdn.pengpengla.com/star/p/u/2017/12/25/a38847fb-6716-4708-a7af-be8f81a9cb4b.jpg,生日快乐啊，one day，相信你会越来越好:-)
615345.0,1514174931.0,0,1,0,0,https://p.upcdn.pengpengla.com/star/p/u/2017/12/25/f4291d54-8969-4d31-bf75-f38dbd4120f6.jpg,我的小甜甜 生日快乐🎉🎈🎁🎂n不愿你承受这世界的恶意 n记得要笑 记得要开心n记得按时吃饭n记得好好照顾自己n忙碌之余也要抽时间给自己放松放松n别绷得太紧n比心心❤️
615397.0,1514175595.0,0,0,0,0,https://p.upcdn.pengpengla.com/star/p/u/2017/12/25/eb2e4669-a7d2-4bd3-bb46-4bc6478338b6.jpg,生日快乐呀
615411.0,1514175908.0,0,0,0,0,https://p.upcdn.pengpengla.com/star/p/u/2017/12/25/93ec496a-abd6-404d-b39a-820d8b9008e9.png,"胡一天小哥哥你怎么连闭眼睛都那么可爱,生日快乐🎂！"
615463.0,1514176692.0,0,1,0,2,https://p.upcdn.pengpengla.com/star/p/u/2017/12/25/6cac486a-97d5-4393-8d25-3e09ba5bdc69.jpg,老胡12.26生日快乐，最帅的你🌸
615486.0,1514176969.0,0,15,1,1,https://p.upcdn.pengpengla.com/star/p/u/2017/12/25/469fa61b-e0c3-4700-a0c3-8ca03514c718.jpg,希望你永远是那个爱笑的少年💓
615511.0,1514177293.0,0,1,0,0,https://p.upcdn.pengpengla.com/star/p/u/2017/12/25/bd14c60d-c0b6-4415-b7cd-a3cfc2096869.jpg,遇见你真的很幸运 你给我们带来了很多美好     在以后的时间会一直在你背后支持你 为你加油 胡一天生日快乐
615566.0,1514178308.0,0,0,0,0,https://p.upcdn.pengpengla.com/star/p/u/2017/12/25/9cefa4c8-7041-4fe4-88d3-0b15bb75bf45.jpg,一天生日快乐，要天天开心。谁都会走，麻将永远都不会，陪你一路走来不容易，好的坏的我们都一起承担，加油，未来可期。
615600.0,1514179108.0,0,0,0,0,https://p.upcdn.pengpengla.com/star/p/u/2017/12/25/02113170-0c12-4110-b4e9-a99864ee03a7.jpg,一天啊，你以后的人生一定会越来越美好，因为有麻将们在你身后一直支持着你。做你想做的事成为你想成为的人，我们爱的那个坦率真挚善良的你，会越来越好的！
615619.0,1514179482.0,0,0,0,0,https://p.upcdn.pengpengla.com/star/p/u/2017/12/25/ae42c723-f2d5-48e4-8f64-4ba80f53de02.jpg,想了很久该说些什么n我不太会说长篇大论n但心里对你是满满的爱意n希望你好 一切都好 因为是你❤️n愿少年勇敢向前 依然保持赤子之心n未来可期 胡一天啊n
615633.0,1514179790.0,0,214,8,3,https://p.upcdn.pengpengla.com/star/p/u/2017/12/25/e97f4cb8-8ef3-418a-b9d6-178cd8204623.jpg,哥，生日快乐，帅气如你，你真的很棒，第一次这么喜欢一个明星，以后也会一直陪你走下去，不知道世界上为什么会有这么帅性格好长得好品质好，这么十全十美的人，你很棒，未来，麻将陪你走下去，
615652.0,1514180341.0,0,0,0,0,https://p.upcdn.pengpengla.com/star/p/u/2017/12/25/fdaaa9b5-4644-4e53-86d5-ffb724ea6118.jpg,胡 one day    生日快乐   遇见你之前  我的生活里没有一个如此令我疯狂的人   遇见你以后   我的生活充满你   24岁的你  在这一年经历太多  只愿你所有的努力都不被辜负  愿你不忘初心   未来可期   你继续前行  麻将伴你永远  你一直在我一直爱💋💋
615662.0,1514180829.0,0,0,0,0,https://p.upcdn.pengpengla.com/star/p/u/2017/12/25/bd507075-ef5c-455e-bfd9-79bf210f57f0.jpg,12月初的时候偶然看了小美好，看到了你，突然就觉得怎么会有微笑起来这么好看的人呢。后来，看到了你的更多消息，为你开心。今天，是我认识你的第25天，时间或许不长，但我想说，很开心你的出现，照亮我的现在。生日快乐，希望你的未来更加美好。
615684.0,1514182105.0,0,0,0,0,https://p.upcdn.pengpengla.com/star/p/u/2017/12/25/bf6ff342-f5b8-4037-ab39-40553060b79f.jpg,To胡一天，这是我第一次这么喜欢一个明星，喜欢你的一切，不管别人怎么说你，我坚信这些会让你更好，希望你今后会有更多的作品出来，我们会做你背后永远的麻将。一天，生日快乐🌹🌹
615693.0,1514182660.0,0,0,0,0,https://p.upcdn.pengpengla.com/star/p/u/2017/12/25/c1f60a2f-8c50-45a4-bb83-62a2f1a4e219.jpg,只是因为你是胡一天
615696.0,1514182858.0,0,0,0,0,https://p.upcdn.pengpengla.com/star/p/u/2017/12/25/854c224f-46fe-4f22-a5a0-f0e73e7f1752.jpg,生日快乐🎂 一天 支持你的小麻将
615799.0,1514193146.0,0,0,0,0,https://p.upcdn.pengpengla.com/star/p/u/2017/12/25/dc8a04ee-8116-4a2f-8e0a-89cf828de26a.jpg,生日快乐🎂希望2018年是你一个美好的开端，以后都顺顺利利，红红火火，平平安安，快快乐乐的，还有身体也要健健康康的，麻将永远在你身后支持你，相信你，爱你❤❤Happy Birthday🎉🎉🎉🎉
615827.0,1514198463.0,0,2,0,0,https://p.upcdn.pengpengla.com/star/p/u/2017/12/25/e2f8311e-49cb-4a7b-9d5f-637d72bcf63b.jpg,明天就是你生日了，我先提前祝你生日快乐，麻将们会陪伴你一天又一天
615865.0,1514203793.0,0,2,0,0,https://p.upcdn.pengpengla.com/star/p/u/2017/12/25/47d5f846-3ae0-4ccf-a44c-ab39f3a327b1.png,胡一天生日快乐，我爱你，等我！
615884.0,1514207313.0,0,0,0,0,https://p.upcdn.pengpengla.com/star/p/u/2017/12/25/194d9c1c-1dc5-40cc-ad94-574a82c996e4.jpg,亲爱的老胡，生日快乐🎉🎈，祝你未来的路越来越顺利，每天都开开心心的
615922.0,1514212020.0,0,0,0,0,https://p.upcdn.pengpengla.com/star/p/u/2017/12/25/66d9eb4a-c51a-4379-af7f-189a51e4a6da.jpg,小哥哥，麻将们陪你过的第一个生日，生日快乐😊!
615946.0,1514214271.0,0,0,0,0,https://p.upcdn.pengpengla.com/star/p/u/2017/12/25/830fdfd1-1f91-44ba-9d3d-e65c6035f0fe.jpg,胡老师，生日快乐。
615956.0,1514215715.0,0,0,0,0,https://p.upcdn.pengpengla.com/star/p/u/2017/12/25/82c54c1b-66dc-46e2-8f99-bdfba145e7e4.jpg,天儿啊，这一年的冬天遇见你，是我的小幸运。未来会陪你一天又一天，祝你和我自己都能成为更优秀的人。最后，生日快乐哦😊
615971.0,1514217065.0,0,6,0,0,https://p.upcdn.pengpengla.com/star/p/u/2017/12/25/8f119df1-1c86-4b1e-82eb-78ad4af3088c.jpg,我想我会越来越喜欢你nn23岁的胡一天再见nn24岁的胡一天你好
615977.0,1514217714.0,0,1,0,0,https://p.upcdn.pengpengla.com/star/p/u/2017/12/25/85a59468-feb8-414e-a43e-afa0da8ff25e.jpg,@胡一天啊n世间唯一不必费力就可以得到的便是年龄！n一路走来，好的坏的；n深话浅说，长路漫走 ！n简单一句祝福：“生日快乐~~”n愿时光能缓，美好如初！n未来的你会更好。。。
615983.0,1514217787.0,0,0,0,0,https://p.upcdn.pengpengla.com/star/p/u/2017/12/26/d2deb13c-7603-4adb-8267-09874ee92666.jpg,哥哥生日快乐啊
616001.0,1514218171.0,0,0,0,0,https://p.upcdn.pengpengla.com/star/p/u/2017/12/26/abad1a34-76a9-40ea-ac58-002cde2ffd59.jpg,胡一天 生日快乐
616034.0,1514218695.0,0,0,0,0,https://p.upcdn.pengpengla.com/star/p/u/2017/12/26/fd6955b9-88da-456b-b645-f145ed85763a.jpg,胡一天，过来，让我亲一口❤
616051.0,1514218894.0,0,0,0,0,https://p.upcdn.pengpengla.com/star/p/u/2017/12/26/e02fb98c-0735-4a94-b170-f6500768cb21.jpg,生日快樂🎊🎁🎈🎉🎂天天，要多休息哦～n別工作太累了～～～💕🎄麻將們一直陪著你n麻將愛你😘
616056.0,1514218977.0,0,0,0,0,https://p.upcdn.pengpengla.com/star/p/u/2017/12/26/9645d33b-a167-4ab8-9abf-9837d8614fed.jpg,经不过似水流年，逃不过此间少年。对工作的认真专心，对粉丝的温柔细语。都始终如一，不忘初心。你说你喜欢蓝色做应援，点点「胡」蓝拼凑出「一」片胡海在阳光的映照下与蓝蓝的「天」空交相辉映你的努力也鼓舞着麻将们，让我们有追逐梦想的动力。我喜欢你，不多，就像冬日的暖阳刚刚好，你是年少的欢喜，反过来也是你nONE 是再度出发，继续努力的决心 nDAY 是未来陪伴麻将们的每一天 n祝oneday小哥哥生日快乐
616085.0,1514219525.0,0,0,0,0,https://p.upcdn.pengpengla.com/star/p/u/2017/12/26/21a0e1cc-bdff-45a5-b031-e1e577586621.jpg,一天啊生日快乐！么么哒
616095.0,1514219724.0,0,0,0,0,https://p.upcdn.pengpengla.com/star/p/u/2017/12/26/4a35f3d1-7ff6-4586-983d-d56079351545.jpg,生日快乐我的小哥哥 胡一天 又大一岁了你肯定会更好的
616125.0,1514220629.0,0,1,0,0,https://p.upcdn.pengpengla.com/star/p/u/2017/12/26/4b56e869-6746-4293-8491-6bdac71e6bbc.png,生日快乐老胡
616143.0,1514221444.0,0,1,0,0,https://p.upcdn.pengpengla.com/star/p/u/2017/12/26/c31ae16f-0272-4874-b0b1-c376e918fb81.jpg,一辈子那么长 我真的只喜欢你♥️ n胡一天 生日快乐🎂！！n㊗️你 开开心心 健健康康的～ 遇见你是多么幸运的事
616177.0,1514223408.0,0,2,0,0,https://p.upcdn.pengpengla.com/star/p/u/2017/12/26/d50b88cb-9e09-4faa-a018-42fff13bbe81.jpg,友谊久久。n生日快乐n胡甜甜
616182.0,1514223953.0,0,0,0,0,https://p.upcdn.pengpengla.com/star/p/u/2017/12/26/7764c435-a668-4c12-920e-f00dee62db47.png,生日快乐♪٩(´ω`)و♪生日快乐
616202.0,1514228188.0,0,1,0,0,https://p.upcdn.pengpengla.com/star/p/u/2017/12/26/73f455fd-0177-44b7-8f93-43583e5febfd.jpg,把所有的祝福都给你～n生日快乐 胡老师～
616217.0,1514240797.0,0,3,0,0,https://p.upcdn.pengpengla.com/star/p/u/2017/12/26/97e074ab-c077-40b8-9e52-16a5b1222f48.jpg,天哥，生日快乐呦爱你(笔芯)
616218.0,1514240877.0,0,0,0,0,https://p.upcdn.pengpengla.com/star/p/u/2017/12/26/8e71cdc4-ec0d-4319-9be5-e9b15dbbf43e.jpg,前半生都是流浪n因为遇见你n如鹿归林n如舟靠岸n♡ ​
616227.0,1514242838.0,0,0,0,0,https://p.upcdn.pengpengla.com/star/p/u/2017/12/26/2bfccdb9-180d-48d3-a9ba-ad8f76de019a.jpg,祝老胡24岁生日快乐！！！n我们麻将一直在哦！
616252.0,1514246364.0,0,2,0,0,https://p.upcdn.pengpengla.com/star/p/u/2017/12/26/59f0cf68-b197-41d2-ac7a-14d7d444226f.jpg,生日快乐我们的胡可爱n麻将们爱的胡可爱n希望你可以每天开开心心的n麻将一直在你身边😉
616258.0,1514246669.0,0,0,0,0,https://p.upcdn.pengpengla.com/star/p/u/2017/12/26/0be55de4-f638-446e-940b-cfe4b04d32d5.jpg,一天生日快乐❤
616273.0,1514247423.0,0,0,0,0,https://p.upcdn.pengpengla.com/star/p/u/2017/12/26/f72695d1-1139-4684-9473-87a5b074cc87.jpg,未来可期，我们陪你！生日快乐！最爱的人！
616279.0,1514248041.0,0,0,0,0,https://p.upcdn.pengpengla.com/star/p/u/2017/12/26/5300cea4-5134-442d-a765-48c88affb61f.gif,24岁的胡一天你很棒！
616295.0,1514248939.0,0,1,0,0,https://p.upcdn.pengpengla.com/star/p/u/2017/12/26/375db537-eb19-44e8-a31d-7466746f6136.jpg,生日快乐🎂🎂n我们的一天小哥哥❤❤
616358.0,1514253764.0,0,1,0,0,https://p.upcdn.pengpengla.com/star/p/u/2017/12/26/a827aa32-b19c-4ad5-b6cb-2ea3499b7c2f.jpg,胡甜甜生日快乐，你是最好的，麻将们陪你一天又一天
616362.0,1514254160.0,0,2,0,0,https://p.upcdn.pengpengla.com/star/p/u/2017/12/26/5bd5ad19-ac26-42b0-8f50-1a86cf3398e3.gif,少年，生日快乐🎂，一天又一天，一年又一年的陪伴着你♥︎
616414.0,1514259884.0,0,2,0,0,https://p.upcdn.pengpengla.com/star/p/u/2017/12/26/5b78af92-25ec-489f-a866-bf8c7f9bc5ed.jpg,生日快乐呀胡一天🎂nWish you to be the change you want to see in the world❤️
616416.0,1514259959.0,0,3,0,0,https://p.upcdn.pengpengla.com/star/p/u/2017/12/26/c00c3cd4-f229-4eae-a6cd-dbf3eae2e1c4.png,从前车马很慢，书信很远，一生只够爱一个人，遇见了小美好的你，未来我们同你一起成长一起走过最美青春之旅
616458.0,1514263653.0,0,1,0,0,https://p.upcdn.pengpengla.com/star/p/u/2017/12/26/9a0f4e8b-eda4-4027-99bd-68be403da94d.jpg,生日快乐！（*＾ワ＾*）
616465.0,1514264263.0,0,3,0,0,https://p.upcdn.pengpengla.com/star/p/u/2017/12/26/6ac7ab02-e5ff-418e-80c0-7ad3b8368e07.jpg,胡一天啊，生日快乐呐😍，去做你喜欢的事情，我们在。
616477.0,1514264964.0,0,1,0,0,https://p.upcdn.pengpengla.com/star/p/u/2017/12/26/7976053f-98ff-4f14-b203-0fc3d71ffd00.jpg,习惯叫你胡老师，胡老师生日快乐，希望你每天开心，好好照顾自己，加油💪我会永远支持你的，爱你❤️❤️❤️
616510.0,1514268260.0,0,0,0,0,https://p.upcdn.pengpengla.com/star/p/u/2017/12/26/66f9bd79-0cf6-4b61-b32f-75811ea0b05e.jpg,祝老胡生日快乐 未来可期 愿你每天都开开心心的 相信你和你的团队都会变得越来越优秀 麻将支持你 加油
616524.0,1514268966.0,0,0,0,0,https://p.upcdn.pengpengla.com/star/p/u/2017/12/26/34b1051e-bdcb-43f0-9f5e-c6940b35f6d3.jpg,生日快乐老胡❤️祝你的演艺生涯可以比太阳更光✨
616571.0,1514274103.0,0,2,0,0,https://p.upcdn.pengpengla.com/star/p/u/2017/12/26/fb335ffd-2347-4b71-a827-3bebfe5a7786.jpg,生日快乐啊。n美好一天，n美好每一天。
616602.0,1514281213.0,0,2,0,0,https://p.upcdn.pengpengla.com/star/p/u/2017/12/26/26ae4bcd-b684-4ac1-9d83-4fff71ae8cb8.jpg,生日快乐n这是陪你过的第一个生日 n那个眼里有星星的的男孩 n要记得工作不管再忙一定要好好吃饭好好睡觉n注意身体 注意保暖 n然后 以后的每一天请多关照哦n           永远爱你的大大
616649.0,1514288665.0,0,0,0,0,https://p.upcdn.pengpengla.com/star/p/u/2017/12/26/80802687-217c-461e-b987-ae5406a3b121.jpg,生日快乐🎂
616658.0,1514290870.0,0,0,0,0,https://p.upcdn.pengpengla.com/star/p/u/2017/12/26/8e912083-d1f3-4400-9177-fe3367c295a9.jpg,胡一天❤️
616681.0,1514296386.0,0,1,0,1,https://p.upcdn.pengpengla.com/star/p/u/2017/12/26/8e29bdf9-2d42-4b8d-927e-e54470c5e874.gif,生日快乐
616722.0,1514302646.0,0,1,0,0,https://p.upcdn.pengpengla.com/star/p/u/2017/12/26/fc9e3e34-33ec-4e52-8a86-aba13580d4ab.png,不想爱的太满，只想陪你更久。。
616730.0,1514328624.0,0,1,0,0,https://p.upcdn.pengpengla.com/star/p/u/2017/12/27/1e9ff5bf-383c-4b6b-b31c-89adf1241504.jpg,找了很多老胡的照片，但是没有一张觉得满意！因为我的一天哥哥帅气是照片无法比拟的！24岁我很高兴遇见你！
616734.0,1514341319.0,0,1,0,0,https://p.upcdn.pengpengla.com/star/p/u/2017/12/27/e86ee36c-d3ec-4647-acef-68b499497181.jpg,喜欢你每一天
616762.0,1514376948.0,0,25,7,0,https://p.upcdn.pengpengla.com/star/p/u/2017/12/27/d61cfe47-9b43-4878-ae71-9416916eda62.jpg,一天小哥哥生日快乐  爱你么么哒
616781.0,1514445898.0,0,6,0,1,https://p.upcdn.pengpengla.com/star/p/u/2017/12/28/34ba1066-da27-40b0-9e5b-c6ab47063678.jpg,阳光大男孩
616827.0,1514594225.0,0,2,0,0,https://p.upcdn.pengpengla.com/star/p/u/2017/12/30/87bbbbec-795c-4208-9e63-5d7084d97b9a.jpg,胡一天加油！！比心心
616852.0,1514770096.0,0,4,0,0,https://p.upcdn.pengpengla.com/star/p/u/2018/1/1/7f2a989d-7899-4f08-8755-477d7ab8c926.png,在你生日的那天，看着麻将们给你的祝福，觉得老胡真的好暖。看到你努力，不论如何，请你加油。
616853.0,1514772784.0,0,1,0,0,https://p.upcdn.pengpengla.com/star/p/u/2018/1/1/3b00e118-8795-4fb9-b29f-11856dd38157.jpg,微风轻轻吹，我好喜欢你
616907.0,1515150642.0,0,4,1,0,https://p.upcdn.pengpengla.com/star/p/u/2018/1/5/40bdfa42-7efb-4da8-b5bc-d6f1a47aba4d.jpg,簡單的語言卻是最深情的告白～
616909.0,1515158342.0,0,0,0,0,https://p.upcdn.pengpengla.com/star/p/u/2018/1/5/17720d7b-fac7-4883-a578-6bdd14aa9a49.jpg,生日快乐！胡怼怼
616912.0,1515163808.0,0,5,1,0,https://p.upcdn.pengpengla.com/star/p/u/2018/1/5/b7b68001-7c0f-465f-9e21-47e46cba4b27.jpg,胡一天胡一天胡一天胡一天胡一天胡一天
616914.0,1515206203.0,0,6,0,1,https://p.upcdn.pengpengla.com/star/p/u/2018/1/6/83e91d82-063f-4f43-bc8d-963acbc14fda.jpg,喜欢老胡
616990.0,1515636999.0,0,6,0,0,https://p.upcdn.pengpengla.com/star/p/u/2018/1/11/c529a9f1-946f-4378-aa6e-f7a22fc30321.jpg,。。。。
617040.0,1514560710.0,184093,62,9,0,https://p.upcdn.pengpengla.com/star/p/u/2017/12/29/c366d6e9-0ce8-4a6d-af66-f16e85e4ff59.jpg,你的每一个样子我都好喜欢，日常爱你赵老师
617046.0,1514592034.0,184093,11,1,0,https://p.upcdn.pengpengla.com/star/p/u/2017/12/30/199c0ef1-873f-4fbb-8088-7c24c4cbe6b2.jpg,你唱歌时眼睛里的情绪最是迷人
617105.0,1515682112.0,184093,25,0,0,https://p.upcdn.pengpengla.com/star/p/u/2018/1/11/3c418fdb-44ed-4c8c-b55a-40f463208bcc.jpg,陪伴你半年了，以后的每一天我会一直在，只希望你以后每天都会更幸福我的土土未来一起走
617111.0,1515821565.0,184093,7,0,0,https://p.upcdn.pengpengla.com/star/p/u/2018/1/13/508b89bc-967e-47b4-9eb4-5f170812e2df.jpg,#赵天宇# [心][心]#明星势力榜# [鲜花][鲜花]赵天宇，天长地久，宇你相守！@赵天宇Koss  @赵天宇Koss  @赵天宇Koss  @赵天宇Koss  @赵天宇Koss
617119.0,1516027970.0,184093,9,1,0,https://p.upcdn.pengpengla.com/star/p/u/2018/1/15/c3410bb1-c427-4ca0-8071-956801742709.png,下次请在自己的微博故事里
617150.0,1516078960.0,168638,3,0,0,https://p.upcdn.pengpengla.com/star/p/u/2018/1/16/386f77b7-e821-4986-b225-88fd43335a1f.jpg,#赵英博#
617201.0,1515542372.0,96,0,0,0,https://p.upcdn.pengpengla.com/star/p/u/2018/1/10/2acdcef4-56b7-4b6b-af36-77978a495ef0.jpg,看到你的笑容，春暖花开n图片来自（小黑羊70626）
617228.0,1516194172.0,96,1,0,0,https://p.upcdn.pengpengla.com/star/p/u/2018/1/17/424e3dbb-0e83-4c1c-89ce-40c0312753ea.jpg,晚安(´-ωก`)晚安
617242.0,1515663810.0,96,131,12,1,https://p.upcdn.pengpengla.com/star/p/u/2018/1/11/cddccbaf-f063-4efc-880d-2e4cb3608598.jpg,一玉米的独白
617295.0,1515411081.0,187092,2,0,0,https://p.upcdn.pengpengla.com/star/p/u/2018/1/8/e1257a98-eeca-48ba-a67b-71c537fe3d97.jpg,你是我的唯一
617324.0,1514991930.0,187092,9,0,0,https://p.upcdn.pengpengla.com/star/p/u/2018/1/3/0a8b3ebc-911a-47b2-93b1-04522f240dd5.jpg,可能这就是我喜欢的样子了吧
617336.0,1516110775.0,187092,3,0,0,https://p.upcdn.pengpengla.com/star/p/u/2018/1/16/b8580b37-9aa8-4a29-b4a5-45a0b37e52c4.jpg,马嘉琪会不会也下这个软件关注自己n阿姨粉到了
617354.0,1515137148.0,151239,2,0,0,https://p.upcdn.pengpengla.com/star/p/u/2018/1/5/a50f0ef8-61a7-45eb-b3df-dd6ea0502516.png,有你的每一天，都是好的……💜
617404.0,1515470407.0,151239,3,0,0,https://p.upcdn.pengpengla.com/star/p/u/2018/1/9/3a4be9c1-8681-4e62-b857-ca1c5abc7e43.jpg,今天要考试了，坤坤保佑我不要挂科吧！爱你爱你💜💜💜
617474.0,1514638284.0,151239,1,0,0,https://p.upcdn.pengpengla.com/star/p/u/2017/12/30/c271d5ed-b60c-447c-883b-f5b0cea72fae.jpg,2017最深的记忆
617502.0,1514716016.0,151239,6,0,0,https://p.upcdn.pengpengla.com/star/p/u/2017/12/31/36f5866a-cd92-435f-baa0-6fbab723e887.jpg,你是年少的欢喜，喜欢的少年是你，2017的最后一天，爱你
617517.0,1514596515.0,151239,31,1,1,https://p.upcdn.pengpengla.com/star/p/u/2017/12/30/402077b0-642f-464e-a34a-751dd27133a6.jpg,因为你是孟子坤啊
617533.0,1514556533.0,151239,4,0,0,https://p.upcdn.pengpengla.com/star/p/u/2017/12/29/d3131c4b-aa9d-4ebd-b2c4-905f52a3a64c.jpg,永远陪伴
617570.0,1515334230.0,151239,1,0,0,https://p.upcdn.pengpengla.com/star/p/u/2018/1/7/f2c492de-3c43-4483-9351-6e80f3defba1.jpg,我陪你MZK
617606.0,1514608518.0,185046,17,0,0,https://p.upcdn.pengpengla.com/star/p/u/2017/12/30/d4c82997-8e86-479d-a585-f05c216dfccd.jpg,Day2、n眉眼带笑，说的就是你啊~
617679.0,1514684550.0,56042,38,2,4,https://p.upcdn.pengpengla.com/star/p/u/2017/12/31/6757da13-ba9a-4424-b8b8-bde0de30acd4.jpg,感谢2017，感谢遇到你
617685.0,1516147454.0,56042,2,1,1,https://p.upcdn.pengpengla.com/star/p/u/2018/1/17/f0cd192d-6bca-4fa5-aa41-70eca087cf8d.jpg,是我们可爱轩呐😘
617728.0,1514709447.0,184779,35,0,0,https://p.upcdn.pengpengla.com/star/p/u/2017/12/31/6a1f35d9-e92b-440e-94ed-c47dc786b49a.jpg,2017年的最后一天，有你，足够！❤️🧡💛💚💙💜
617729.0,1514709457.0,184779,11,0,0,https://p.upcdn.pengpengla.com/star/p/u/2017/12/31/a5a02548-cdc3-490e-a312-2b1bc7682cf7.jpg,2017年的最后一天，有你，足够！❤️🧡💛💚💙💜
617767.0,1515888113.0,184779,22,0,0,https://p.upcdn.pengpengla.com/star/p/u/2018/1/14/db47b8f4-2d0f-4f6c-ac74-fb526578f67f.jpg,早安
617854.0,1514769102.0,185382,3,1,0,https://p.upcdn.pengpengla.com/star/p/u/2018/1/1/9e520660-19aa-478f-aa74-d6e390482185.jpg,💛💛💛2018，我们一起走！
617905.0,1514769168.0,185382,4,1,0,https://p.upcdn.pengpengla.com/star/p/u/2018/1/1/a11dbc5f-cef9-4872-8050-f179130cdeb6.jpg,快乐
617933.0,1514554404.0,185382,6,0,0,https://p.upcdn.pengpengla.com/star/p/u/2017/12/29/78589f5d-2ccf-43ba-9ce1-c4ef82cd4f67.jpg,祝毛毛有个好梦❣️
617952.0,1515497752.0,185382,19,0,0,https://p.upcdn.pengpengla.com/star/p/u/2018/1/9/04630d92-6163-4911-a4fe-00106a29c233.jpg,真是控制不住喜欢他的心😘
617966.0,1515833097.0,93479,4,0,0,https://p.upcdn.pengpengla.com/star/p/u/2018/1/13/98f200ef-2f55-4830-891f-b4780dec0aff.jpg,等你💓
617968.0,1514869356.0,93479,144,1,1,https://p.upcdn.pengpengla.com/star/p/u/2018/1/2/dadac4dd-44e1-4c4d-a47e-ae6810b07c47.jpg,我们在
617974.0,1515167846.0,93479,3,0,0,https://p.upcdn.pengpengla.com/star/p/u/2018/1/5/74b26fa7-8da0-4c81-963e-af9a1f2d3907.jpg,万万，别怕，我们一直在呐~别烦恼，别不开心，总会过去的，清者自清，事情总会水落石出。我们无畏！我等你回来~不管别人怎么说，我只相信你。喜欢你，从没有后悔过！相信回来的你，会更加强大！不离不弃~你若一直在，我便一直爱~（哼哼~这种时候，总想给你个抱抱~）
617987.0,1514551342.0,93479,2,0,0,https://p.upcdn.pengpengla.com/star/p/u/2017/12/29/bcfb5521-5e3b-4b93-a554-bb09c99afe70.jpg,超超超爱的皮皮万
618021.0,1515852186.0,93479,2,0,0,https://p.upcdn.pengpengla.com/star/p/u/2018/1/13/5d9c115b-7c9b-4858-bf5f-c046d07c9af5.jpg,至少我还在2018113
618050.0,1514605976.0,93479,2,0,0,https://p.upcdn.pengpengla.com/star/p/u/2017/12/30/0c99d96d-f44c-49e6-9367-bda862996ee1.jpg,爱你无畏
618060.0,1514611694.0,93479,2,2,0,https://p.upcdn.pengpengla.com/star/p/u/2017/12/30/ddef9bff-66a4-4176-998e-32eadaf2ca20.png,今天 n因爱无畏
618081.0,1515567933.0,93479,4,0,0,https://p.upcdn.pengpengla.com/star/p/u/2018/1/10/e298c724-84d1-4a73-9941-e2ff5052895c.jpg,黑暗的终点尽头有着光。
618094.0,1515677560.0,93479,3,0,0,https://p.upcdn.pengpengla.com/star/p/u/2018/1/11/a9cb3a19-97ce-4d87-8531-ef32c65df2c5.jpg,万万你要开心哦
618152.0,1515036558.0,93479,1,0,0,https://p.upcdn.pengpengla.com/star/p/u/2018/1/4/90853631-1dd0-4c14-aa08-615a8afc7f50.jpg,一直陪着你
618163.0,1515288041.0,93479,7,2,0,https://p.upcdn.pengpengla.com/star/p/u/2018/1/7/727c9697-cef3-48af-8740-32477156decb.png,我还在  forever
618194.0,1515207461.0,93479,1,0,0,https://p.upcdn.pengpengla.com/star/p/u/2018/1/6/a2c78768-e9e0-41a6-8775-6804d18c4cdf.jpg,想你
618207.0,1515341723.0,93479,18,0,0,https://p.upcdn.pengpengla.com/star/p/u/2018/1/8/5146768b-fcca-4481-a6d5-d9b5a9af6b9e.gif,等你啊，嗯哼🤓
618220.0,1514882923.0,93479,21,1,0,https://p.upcdn.pengpengla.com/star/p/u/2018/1/2/ba38afa9-502b-498b-8129-0cc063d4aba9.jpg,这才是我家万的手 虽然肉了点 但是白白嫩嫩一点不糙
618237.0,1514646996.0,93479,5,0,0,https://p.upcdn.pengpengla.com/star/p/u/2017/12/30/59c8eae2-465d-40d0-b170-db48498feb37.jpg,万总，好想你好想你😭😭😭
618242.0,1514789634.0,93479,2,0,0,https://p.upcdn.pengpengla.com/star/p/u/2018/1/1/c086c5f7-b9ed-4f96-8369-1ab6fba40817.jpg,我的少年永远都是最耀眼的那一个❤
618283.0,1514534432.0,93479,2,0,0,https://p.upcdn.pengpengla.com/star/p/u/2017/12/29/dbb44dbb-5f35-4693-819a-026e1b1e712c.jpg,喜欢你
618337.0,1514417301.0,93479,2,0,0,https://p.upcdn.pengpengla.com/star/p/u/2017/12/28/70ff8e1c-07ed-40e3-a095-8900fcbdd298.jpg,皮皮
618344.0,1516023106.0,93479,2,0,0,https://p.upcdn.pengpengla.com/star/p/u/2018/1/15/7c648c86-a6bd-4371-97bb-deb52c144177.jpg,皮皮
618351.0,1515080133.0,93479,0,0,0,https://p.upcdn.pengpengla.com/star/p/u/2018/1/4/b4af63b1-0cfa-4593-a72b-c662331f105d.jpg,无以言表，只有内心默默的支持
618360.0,1514564957.0,93479,2,0,0,https://p.upcdn.pengpengla.com/star/p/u/2017/12/30/ef1aecd3-cf81-44bc-9a9f-e75d6bb74cb6.jpg,帅啊啊啊啊啊啊啊啊
618377.0,1516185959.0,93479,7,0,0,https://p.upcdn.pengpengla.com/star/p/u/2018/1/17/282fd1ed-21ec-456d-b80e-9480baa05f2f.jpg,就害怕这里被发现也被关了 安静一点悄咪咪的
618379.0,1514880124.0,93479,4,0,0,https://p.upcdn.pengpengla.com/star/p/u/2018/1/2/2f952b76-1b1f-453f-aa3b-011bd94f88de.jpg,我们一直在♥️
618385.0,1514602812.0,93479,0,0,0,https://p.upcdn.pengpengla.com/star/p/u/2017/12/30/469b6992-5c55-4581-9e78-161876967cb8.jpg,因爱无畏，因你无畏！我们一直在！❤
618410.0,1515213678.0,93479,8,0,0,https://p.upcdn.pengpengla.com/star/p/u/2018/1/6/d31475ae-3a1c-41c1-a3bf-6d7519e7e80d.jpg,会一直陪着你 老万我们最喜欢你了n老万 因爱无畏
618414.0,1515390994.0,93479,2,0,0,https://p.upcdn.pengpengla.com/star/p/u/2018/1/8/7f2d4bb2-4cb1-43bb-9943-d77bd59c5a82.jpg,PG_ONE n嗨 帅哥 我是7月份才喜欢上你的 我还没见过你❤我准备考大学了 等我考完去见你好吗 我希望我们在西安街头相遇🏃🏃我跑过去拍一下你的肩膀说 嗨 pgone  我是你的小黑粉 你不回答我就认为你是答应了❤记得我们的约定👌19年夏天见
618419.0,1515716914.0,93479,4,0,0,https://p.upcdn.pengpengla.com/star/p/u/2018/1/12/3b77bbf3-8274-4fe8-b23d-583f025b1861.jpg,嗯 和昨天一样很喜欢你n不认识先生 我们都在等你归来❤
618446.0,1515296150.0,93479,2,0,0,https://p.upcdn.pengpengla.com/star/p/u/2018/1/7/e4b7b5f7-95c0-40bd-b58b-a5b37c61fb59.jpg,因爱你而无畏
618453.0,1514220344.0,93479,1,0,0,https://p.upcdn.pengpengla.com/star/p/u/2017/12/26/234db0d3-03ca-4b6a-b04b-865426bcf29f.jpg,大魔王说:爱人常在，小黑粉们~
618487.0,1514742190.0,93479,1,0,0,https://p.upcdn.pengpengla.com/star/p/u/2018/1/1/f3e02641-5507-45d2-a4dc-2f4ac3805e0a.jpg,不止2018年，以后也是我只要喜欢你就够了！！
618507.0,1514777960.0,93479,2,0,0,https://p.upcdn.pengpengla.com/star/p/u/2018/1/1/896284c6-2bf1-4191-b51d-769decfb5e4c.jpg,妈妈的支持撑起了一个孩子的梦想！因爱无畏！爱你无畏！
618518.0,1515248746.0,93479,3,0,0,https://p.upcdn.pengpengla.com/star/p/u/2018/1/6/cfe27de1-854d-4f24-ac9a-0141b3c26176.jpg,我一直都在，从未离开
618524.0,1515267797.0,93479,11,0,0,https://p.upcdn.pengpengla.com/star/p/u/2018/1/7/4f902e0e-d0ff-4dd6-87b6-765475136305.jpg,从未离开'因爱无畏'等万回归nnnnn从未离开'因爱无畏'等万回归nnnnn从未离开'因爱无畏'等万回归nnnnn从未离开'因爱无畏'等万回归nnnnn从未离开'因爱无畏'等万回归
618531.0,1515028554.0,93479,1,1,0,https://p.upcdn.pengpengla.com/star/p/u/2018/1/4/8fc19d23-ade6-4960-8060-1edc32f0644e.jpg,酷酷滴老万
618553.0,1514507963.0,93479,3,0,0,https://p.upcdn.pengpengla.com/star/p/u/2017/12/29/2bc09ed9-e15d-4799-8762-66111057cd0f.jpg,帅的背影
618555.0,1515068391.0,93479,5,0,0,https://p.upcdn.pengpengla.com/star/p/u/2018/1/4/1b86b83d-23a9-4ada-a6c1-69c1c5deea7c.jpg,想牵。
618571.0,1515252089.0,93479,0,0,0,https://p.upcdn.pengpengla.com/star/p/u/2018/1/6/58e46772-46f9-43d0-8e66-e77bbdef4ed6.jpg,我们一直都在
618577.0,1515379826.0,93479,3,0,0,https://p.upcdn.pengpengla.com/star/p/u/2018/1/8/ca59bc06-ac3a-4615-bd17-ba7f6dea0627.jpg,我在这，等你
618586.0,1515389969.0,93479,14,0,0,https://p.upcdn.pengpengla.com/star/p/u/2018/1/8/cadc2444-254d-43de-9b84-8836eb62e021.jpg,真相会迟到，但绝不会缺席。n我们都在等你回来，因为万万不可辜负啊。
618592.0,1515338744.0,93479,5,0,0,https://p.upcdn.pengpengla.com/star/p/u/2018/1/7/46ce3fc9-2e23-42cb-8c70-f7cf32d613e3.jpg,我在等一个人 一个我很爱的人🍓
618604.0,1515565574.0,93479,3,1,0,https://p.upcdn.pengpengla.com/star/p/u/2018/1/10/d0c86d7f-f3f7-40f6-ab51-bf4331151f0f.jpg,多幸运，我能认识你❤
618610.0,1515520766.0,93479,2,0,0,https://p.upcdn.pengpengla.com/star/p/u/2018/1/10/3931b809-77c6-49ff-a091-cd30c53837a3.jpg,我想你
618681.0,1516152696.0,3994,1,0,0,https://p.upcdn.pengpengla.com/star/p/u/2018/1/17/e6171c67-5edd-4e82-a7db-a44badbbaa1f.png,在我最疲惫的时候，看看石头的照片就能让自己重新打起精神╮(￣▽￣)╭
618686.0,1515213403.0,2749,9,0,0,https://p.upcdn.pengpengla.com/star/p/u/2018/1/6/23c17a09-683f-4196-bf86-6e213bc448a6.gif,可爱
618695.0,1515687403.0,2749,1,0,0,https://p.upcdn.pengpengla.com/star/p/u/2018/1/12/9b29077e-bfd3-46ea-8ef1-cf8acd500189.gif,“黑粉”2
618723.0,1515216749.0,372,21,0,0,https://p.upcdn.pengpengla.com/star/p/u/2018/1/6/5560ef24-0253-494d-b531-53874f9a209d.jpg,想你。
618751.0,1514669563.0,648,4,0,0,https://p.upcdn.pengpengla.com/star/p/u/2017/12/31/afc94bf7-99e7-4e32-a289-1ffdb44bb6ff.jpg,亚文永远支持你😍
618781.0,1515909292.0,646,4,0,0,https://p.upcdn.pengpengla.com/star/p/u/2018/1/14/f6854bc7-7ff9-4da0-ac41-b4e4ad348375.jpg,哥😊
618814.0,1515162763.0,646,3,0,0,https://p.upcdn.pengpengla.com/star/p/u/2018/1/5/f72be89b-87d1-4e6a-aa4e-b416a8328258.jpg,给哥打call💋
618883.0,1515826182.0,16010,11,0,0,https://p.upcdn.pengpengla.com/star/p/u/2018/1/13/49b8ca10-f8bb-466c-8338-e77a59c8511f.jpg,2018我要偶遇你，哪怕远远望着，不打扰，}
618917.0,1514613373.0,2101,28,0,0,https://p.upcdn.pengpengla.com/star/p/u/2017/12/30/6c4ce1ba-8618-4172-b61c-e3cf29159128.jpg,阿九永远陪伴你
618941.0,1514602587.0,43885,1,0,0,https://p.upcdn.pengpengla.com/star/p/u/2017/12/30/6c57225e-1fc6-4b94-9ec3-257be0d2a042.jpg,这个要记着💪
618978.0,1514596578.0,4836,0,0,0,https://p.upcdn.pengpengla.com/star/p/u/2017/12/30/5a95cd75-910b-41bf-83dc-2ddb60a0833f.jpg,道明臣系列二
619287.0,1514477003.0,122,44,1,2,https://p.upcdn.pengpengla.com/star/p/u/2017/12/29/211a9838-696e-44f0-b652-e5d26ba8cb93.jpg,「丶這組圖叫，n標準旅遊照哈哈哈，（第一天發現這個功能阿哈哈哈，n，）」😂😂😂💕💕💕
619396.0,1514505710.0,345,2,0,0,https://p.upcdn.pengpengla.com/star/p/u/2017/12/29/86a2e0b4-cff8-42f5-810f-90f3cf35dfd6.jpg,陪伴每一天
619525.0,1514004013.0,0,0,0,0,https://p.upcdn.pengpengla.com/star/p/u/2017/12/23/22b4cc56-9685-4451-aa7d-7336723840f2.jpg,👀
619546.0,1514005037.0,0,1,0,0,https://p.upcdn.pengpengla.com/star/p/u/2017/12/23/c8ebd013-428b-4cd9-a0cd-6f3979f7a4f9.jpg,抽中我抽中我抽中我！！！
619573.0,1514007613.0,0,2,0,0,https://p.upcdn.pengpengla.com/star/p/u/2017/12/23/fdc76659-c7b7-475c-a539-16a6e17895f9.jpg,💖💖💖
619580.0,1514013982.0,0,2,0,0,https://p.upcdn.pengpengla.com/star/p/u/2017/12/23/a60c302a-f54f-47f4-8b30-d80fde97b6b6.jpg,喜欢程程这么久了应该还是第一次写这种小纸条(´∀｀)♡
619596.0,1514088616.0,0,1,0,0,https://p.upcdn.pengpengla.com/star/p/u/2017/12/24/fc66d094-13a7-4774-9e24-ba1b411d111b.jpg,三爷生日快乐
619604.0,1514089047.0,0,0,0,0,https://p.upcdn.pengpengla.com/star/p/u/2017/12/24/7c78bde4-5450-4d13-9ce6-4e24bf1c3477.jpg,🐎🐎🐎
619634.0,1514090179.0,0,0,0,0,https://p.upcdn.pengpengla.com/star/p/u/2017/12/24/0b2faca9-1d4c-4fee-a9be-47d5395f7609.jpg,🆒
619657.0,1514090979.0,0,1,0,1,https://p.upcdn.pengpengla.com/star/p/u/2017/12/24/60b06cd9-1fbf-49f5-82c2-e9684664937e.jpg,我们的三儿啊😊
619664.0,1514091429.0,0,1,0,0,https://p.upcdn.pengpengla.com/star/p/u/2017/12/24/75c5c0eb-fbe6-40b1-9f9e-ea4456e022f6.jpg,达达一定要看见我🙂🙂🙂
619699.0,1514093322.0,0,1,0,0,https://p.upcdn.pengpengla.com/star/p/u/2017/12/24/c16b238f-636c-41f1-a6d9-433d006e53ae.jpg,希望2017的我能最后欧一把😭
619747.0,1514097204.0,0,0,0,0,https://p.upcdn.pengpengla.com/star/p/u/2017/12/24/1a083697-db82-4de4-8fb0-e541dcd7dcf2.jpg,emmmm…
619812.0,1514103096.0,0,0,0,0,https://p.upcdn.pengpengla.com/star/p/u/2017/12/24/cf7b58a1-227d-4794-b6af-d887b9a8c09a.jpg,下周五月考的我很绝望
619818.0,1514104960.0,0,0,0,0,https://p.upcdn.pengpengla.com/star/p/u/2017/12/24/4421fec0-ee72-4cda-92ae-64d96c8f9fa6.jpg,初恋男孩马嘉祺，感谢你的坚持，感谢你能踏过泥泞走到我们面前。以后，我们陪你走❤
619850.0,1514109121.0,0,1,0,0,https://p.upcdn.pengpengla.com/star/p/u/2017/12/24/3aa9818d-345d-4573-b9b9-0a37a4f7049b.jpg,三爷发自拍呀
619865.0,1514111267.0,0,2,0,0,https://p.upcdn.pengpengla.com/star/p/u/2017/12/24/bd7ea656-1074-4539-b086-11d4b0561ea8.jpg,字丑别嫌弃
619899.0,1514113515.0,0,3,0,0,https://p.upcdn.pengpengla.com/star/p/u/2017/12/24/44af67b3-ddc7-4db6-a5ab-c25347ac6150.jpg,给我的圣诞宝宝敖子逸
620021.0,1514184038.0,0,0,0,0,https://p.upcdn.pengpengla.com/star/p/u/2017/12/25/974c7db7-bd59-4dd9-b3f9-7627c4bcdd24.jpg,捡捡，圣诞快乐！
620028.0,1514187116.0,0,23,0,0,https://p.upcdn.pengpengla.com/star/p/u/2017/12/25/b3e772a4-f086-4b62-921b-b53a33d3678d.jpg,因为是最好的敖子逸啊❤
620233.0,1514346521.0,0,1,0,0,https://p.upcdn.pengpengla.com/star/p/u/2017/12/27/f037995b-e4b0-4bfe-834e-b6b6682408fd.jpg,#传给台风的小纸条#
620242.0,1514363546.0,0,0,1,0,https://p.upcdn.pengpengla.com/star/p/u/2017/12/27/75c6e373-465a-462e-ae11-9523eafd188c.jpg,To陈泗旭
620261.0,1514367384.0,0,0,0,0,https://p.upcdn.pengpengla.com/star/p/u/2017/12/27/e19dc898-e7f2-4a99-ae80-0abc70ea71bc.jpg,给 嘉祺~(≧▽≦)/~
620327.0,1514369866.0,0,4,0,0,https://p.upcdn.pengpengla.com/star/p/u/2017/12/27/bc8e4d47-894c-4756-a7b9-70e4d0d80246.jpg,给马嘉祺的小纸条！！
620396.0,1514746455.0,0,45,0,0,https://p.upcdn.pengpengla.com/star/p/u/2018/1/1/99306896-d48b-4b5f-a48b-13702aaf7311.jpg,十只一定要出道啊！姐姐陪你们走花路♡
620413.0,1515036831.0,0,16,0,0,https://p.upcdn.pengpengla.com/star/p/u/2018/1/4/a2c72a74-3081-4d96-9cbe-bffacbdd96eb.jpg,宋亚轩
620426.0,1515233087.0,0,7,0,0,https://p.upcdn.pengpengla.com/star/p/u/2018/1/6/0f4aeb4a-10e0-4053-882e-770efc6e2858.jpg,tf家族么么哒
620433.0,1515311715.0,0,21,0,0,https://p.upcdn.pengpengla.com/star/p/u/2018/1/7/e9588c30-3151-444c-a20f-0629532b2df5.jpg,刘耀文你超阔爱哒
620439.0,1515324035.0,0,19,0,0,https://p.upcdn.pengpengla.com/star/p/u/2018/1/7/086c9cd2-0e04-409a-98f7-a6636703138f.jpg,陌上人如玉，公子世无双。张真源，感谢让我遇到你
620455.0,1515814841.0,0,12,0,0,https://p.upcdn.pengpengla.com/star/p/u/2018/1/13/a7b68e0b-98d3-433e-be79-157c120e6f57.jpg,层层比心
620488.0,1514559042.0,179402,0,0,0,https://p.upcdn.pengpengla.com/star/p/u/2017/12/29/85e52f68-17fd-45a6-a6e8-91ee2dc964e3.jpg,政主美颜💝
620503.0,1515649519.0,20119,27,1,1,https://p.upcdn.pengpengla.com/star/p/u/2018/1/11/7e309837-62da-4398-a7f1-ab8c2b65318a.jpg,你说你怎么这么甜呀
620557.0,1514601569.0,427,4,0,0,https://p.upcdn.pengpengla.com/star/p/u/2017/12/30/ccd13ec5-7dae-452b-8c44-c661b97838e6.jpg,#李东学# 优雅、帅气、含蓄、迷人的王子~@李东学！❤爱上你，无药可解!🌻
620563.0,1515718619.0,427,3,0,0,https://p.upcdn.pengpengla.com/star/p/u/2018/1/12/b7fe3125-c6ce-44ad-b775-68084bed6b97.png,不离不弃、心心相印!🍻
620582.0,1516060235.0,427,1,0,0,https://p.upcdn.pengpengla.com/star/p/u/2018/1/16/0c647516-3ab1-4831-b67e-30f7238e3710.jpg,💖💖早安！
620647.0,1514795642.0,143,0,0,0,https://p.upcdn.pengpengla.com/star/p/u/2018/1/1/5dd5e055-11e0-41b2-ab8a-a47c69303eba.jpg,老爷新年快乐
620649.0,1514728817.0,143,0,0,0,https://p.upcdn.pengpengla.com/star/p/u/2017/12/31/b40e2cd4-ef53-4956-849a-90e11fd9753e.jpg,17携手走过，18羽你相伴！❤❤❤
620718.0,1515599534.0,491,4,0,0,https://p.upcdn.pengpengla.com/star/p/u/2018/1/10/65dc8f16-4bef-4973-9073-e0b78863ccd8.jpg,我真的好喜欢你，好喜欢好喜欢你，好喜欢好喜欢好喜欢你。🍑
620774.0,1515220635.0,3653,7,0,0,https://p.upcdn.pengpengla.com/star/p/u/2018/1/6/854fcf0a-cc44-4b82-a43b-08b452b88cdd.jpg,😊😊😊
620787.0,1514713732.0,3653,8,0,0,https://p.upcdn.pengpengla.com/star/p/u/2017/12/31/f5e0a9e1-84b2-4d3e-9907-884229d8dcf9.jpg,小鞠不要太辛苦了
620809.0,1516168917.0,34,0,0,0,https://p.upcdn.pengpengla.com/star/p/u/2018/1/17/f4875dd9-e56f-4f2e-b9e1-2937d60aab87.jpg,陪你一起并肩同行💋💋
620819.0,1514775948.0,3529,1,0,0,https://p.upcdn.pengpengla.com/star/p/u/2018/1/1/297d9b25-5e22-4c6a-92ee-1aec421392d3.jpg,2018都要好好的
620874.0,1515770892.0,18,1,0,0,https://p.upcdn.pengpengla.com/star/p/u/2018/1/12/cb005d3a-1462-4008-85f5-e2f7ae1e2a7f.jpg,十年结束了，但我们的旅程没有结束，十一年继续，n2018我终于可以去啦
620889.0,1515329045.0,18,1,0,2,https://p.upcdn.pengpengla.com/star/p/u/2018/1/7/34681dc1-eb66-4cf8-8e84-0acbdddd9f66.jpg,我晨哥羞涩到不能够的样子真的很帅💕
620908.0,1515412253.0,172,2,0,0,https://p.upcdn.pengpengla.com/star/p/u/2018/1/8/6c0e1eee-a400-41d5-96b8-a022c7d6560a.jpg,太帅了
620956.0,1515105817.0,35,12,0,0,https://p.upcdn.pengpengla.com/star/p/u/2018/1/5/45ad1ff0-de41-48ba-a067-b96422dabfc5.jpg,嘿嘿
621035.0,1516166787.0,25,6,1,0,https://p.upcdn.pengpengla.com/star/p/u/2018/1/17/500f30b2-40a7-4dfb-8404-addda059fd4c.png,笑面如花
621051.0,1514664640.0,101,3,0,0,https://p.upcdn.pengpengla.com/star/p/u/2017/12/31/e6a242d5-4fb7-41d7-bf72-f79a375b209d.jpg,开心快乐每一天
621067.0,1514462069.0,41,3,0,0,https://p.upcdn.pengpengla.com/star/p/u/2017/12/28/1d15d129-0627-4d87-9faf-c5afe1b55e90.jpg,因为太帅，总觉得屏幕不够大
621083.0,1516175547.0,41,23,0,0,https://p.upcdn.pengpengla.com/star/p/u/2018/1/17/da62fd4a-beb4-475f-9c46-e87dc8df1eb7.jpg,爱你
621115.0,1514448982.0,588,0,0,0,https://p.upcdn.pengpengla.com/star/p/u/2017/12/28/dfccb72e-f8e8-4e8a-af02-1341e9f1d76d.jpg,恭喜你700万粉丝达成
621162.0,1514937564.0,111,8,0,2,https://p.upcdn.pengpengla.com/star/p/u/2018/1/3/05cb6ce8-450a-4f57-a316-7aec16f79412.jpg,老大！一定要好好的❤爱你😘
621228.0,1515469455.0,30,3,0,0,https://p.upcdn.pengpengla.com/star/p/u/2018/1/9/ffe3d563-1fcf-42ca-8b25-06d54e052809.jpg,小狮子每一天的太阳☀️之光
621229.0,1515666437.0,30,4,0,0,https://p.upcdn.pengpengla.com/star/p/u/2018/1/11/8405043d-4a38-426b-93de-2ad044d4612a.png,日常冒泡，却不发微博，我觉得好多小狮子和我一样我觉得好多小狮子和我一样😂每次都是兴高采烈的听到提示，结果都不是更博
621265.0,1515698005.0,32,2,0,0,https://p.upcdn.pengpengla.com/star/p/u/2018/1/12/2e7af69d-50d4-4e8a-8c9d-b92e80bc62d9.jpg,许俊宰呀💕💕
621329.0,1516095446.0,26070,1,0,0,https://p.upcdn.pengpengla.com/star/p/u/2018/1/16/2e7deb8a-f125-4168-80c8-af1ca847c537.jpg,你真好看
621364.0,1513869457.0,0,2,0,0,https://p.upcdn.pengpengla.com/star/p/u/2017/12/21/bf7e2a4f-56cd-4dd0-b30b-1275524cdc6b.jpg,未来越来越好！一路风景瑜你同行！
621376.0,1513867587.0,0,4,0,0,https://p.upcdn.pengpengla.com/star/p/u/2017/12/21/71db0a04-ef05-469d-8f73-6e3294cb168c.jpg,你的每一个样貌，都是我心动的瞬间
621407.0,1513937376.0,0,0,0,0,https://p.upcdn.pengpengla.com/star/p/u/2017/12/22/735c4343-71fe-4aac-afbe-fee3cfdbd68b.jpg,喜欢你
621422.0,1514179065.0,0,1,0,0,https://p.upcdn.pengpengla.com/star/p/u/2017/12/25/def855e9-ee83-4493-aea5-14380fd39b9f.jpg,这么可爱这么奶的也就只有景瑜了，爱死了！
621440.0,1514885105.0,0,2,0,0,https://p.upcdn.pengpengla.com/star/p/u/2018/1/2/dabb99aa-7fa0-401e-b994-29852230cb2c.jpg,没有最帅 只有更帅
621471.0,1514025582.0,0,0,0,0,https://p.upcdn.pengpengla.com/star/p/u/2017/12/23/565dec4f-2648-445c-b409-cca6591ce353.jpg,鲸鱼🐳鲸鱼🐳鲸鱼🐳鲸鱼🐳
621484.0,1513935686.0,0,0,0,0,https://p.upcdn.pengpengla.com/star/p/u/2017/12/22/8f43479e-201e-47c3-a5b8-030f06d670cb.jpg,一路风景、瑜你同行、老大生日快乐
621554.0,1513930372.0,0,12,1,0,https://p.upcdn.pengpengla.com/star/p/u/2017/12/22/921eb1b2-e35b-46aa-a017-285cdc48abf7.jpg,❤️❤️
621567.0,1515251455.0,0,3,0,0,https://p.upcdn.pengpengla.com/star/p/u/2018/1/6/3714c0db-17cd-4679-ae78-84b4c00f5e06.jpg,最爱的老大！
621574.0,1514003024.0,0,0,0,0,https://p.upcdn.pengpengla.com/star/p/u/2017/12/23/af387a3c-7ad8-419d-83b5-0fafc9f45588.jpg,🎂🎂🎂
621601.0,1514097482.0,0,0,0,0,https://p.upcdn.pengpengla.com/star/p/u/2017/12/24/8daf42e8-5812-48cb-b885-deee25fca50b.jpg,圣诞节快乐＼(^▽^)／！
621704.0,1513931727.0,0,37,0,0,https://p.upcdn.pengpengla.com/star/p/u/2017/12/22/a3aaaac3-cd6a-4a8d-8b05-6c9228424302.jpg,景瑜12  24  生日快樂n祝願你  事業蒸蒸日上n盼望你  天天開開心心n一路風景   瑜你同行
621731.0,1513954882.0,0,2,0,0,https://p.upcdn.pengpengla.com/star/p/u/2017/12/22/59b30d9e-7ff0-4881-b9ea-2c62c2d1e6d5.jpg,生日快乐，🐳
621772.0,1513949760.0,0,0,0,0,https://p.upcdn.pengpengla.com/star/p/u/2017/12/22/688ce94d-fa1d-4b7b-84ea-e43e06a2a511.jpg,希望你每天都笑口常开，无忧无虑。
621806.0,1513937631.0,0,0,0,0,https://p.upcdn.pengpengla.com/star/p/u/2017/12/22/50dcce6e-9511-4cdf-80aa-22f8e942bf26.jpg,任时光匆匆流去n我只在乎你
621841.0,1513898608.0,0,1,0,0,https://p.upcdn.pengpengla.com/star/p/u/2017/12/22/25b75c36-f954-4161-a04c-7477c0a71c2f.jpg,景瑜性格魅力无边，喜欢他灿烂的笑容，丹东纯爷们😍😍😍
621846.0,1513941038.0,0,0,0,0,https://p.upcdn.pengpengla.com/star/p/u/2017/12/22/04ed7815-1039-47b2-9568-ed7899fc146d.jpg,祝景瑜25岁生日快乐！天天开心快乐！
621850.0,1513952140.0,0,1,0,0,https://p.upcdn.pengpengla.com/star/p/u/2017/12/22/702ad7e7-e458-4c54-8a5f-6e897f5163da.jpg,帅哥哥
621874.0,1513944021.0,0,1,0,0,https://p.upcdn.pengpengla.com/star/p/u/2017/12/22/fe212c94-98cb-4d12-909a-6bd88f818755.jpg,鲸鱼生日快乐，一路风景，瑜你同行
621891.0,1513935556.0,0,0,0,0,https://p.upcdn.pengpengla.com/star/p/u/2017/12/22/714ef2b6-cfcc-4d42-8fea-cfca8365e45f.jpg,一路风景，瑜你同行！老大，生日快乐
621894.0,1513935730.0,0,0,0,0,https://p.upcdn.pengpengla.com/star/p/u/2017/12/22/8e660d47-8a8d-4561-b2f7-5759a86e63d3.jpg,生日快乐老大
621915.0,1513946519.0,0,0,0,0,https://p.upcdn.pengpengla.com/star/p/u/2017/12/22/f7572fd7-dd29-4ea2-9dfd-558bd41afd7e.jpg,愿你永远健康快乐
621930.0,1513950928.0,0,1,0,0,https://p.upcdn.pengpengla.com/star/p/u/2017/12/22/af66c6e8-3dc1-4cac-b0d1-4f49d8478cdc.jpg,我们和你一起一步一步走向更好的未来，明天更美好！！！
621967.0,1513932711.0,0,5,0,0,https://p.upcdn.pengpengla.com/star/p/u/2017/12/22/9b13829d-94fe-4fca-889b-42570fcb32a3.jpg,硬汉鱼，爱你，护鲸团
621981.0,1513949097.0,0,0,0,0,https://p.upcdn.pengpengla.com/star/p/u/2017/12/22/110fe52a-0891-4682-a78a-c3ac7754c108.jpg,黄景瑜帅气
622025.0,1515167842.0,0,10,0,0,https://p.upcdn.pengpengla.com/star/p/u/2018/1/5/841332f7-836c-4688-8875-e91e96244065.jpg,一路风景瑜你同行
622030.0,1516073407.0,0,3,0,0,https://p.upcdn.pengpengla.com/star/p/u/2018/1/16/2ab93367-3904-4971-b01c-fba6b731680f.jpg,生日快乐
622041.0,1516156512.0,45109,14,0,0,https://p.upcdn.pengpengla.com/star/p/u/2018/1/17/dff0e4c2-5342-4cf0-971c-053bfe707ab8.jpg,任嘉伦😘
622113.0,1515072458.0,46,5,0,0,https://p.upcdn.pengpengla.com/star/p/u/2018/1/4/e1d8cd55-d8c5-439b-92bb-ce2552c42ba2.jpg,啊呦，不要这么可爱啦
622132.0,1515376756.0,14,13,0,0,https://p.upcdn.pengpengla.com/star/p/u/2018/1/8/87a3b799-2b6a-457f-9963-dbf65a47384d.jpg,爱你呀！
622143.0,1514791947.0,14,4,0,0,https://p.upcdn.pengpengla.com/star/p/u/2018/1/1/ae4542b5-648e-44fc-92f4-0ce66dd1027b.jpg,美呆了🙈
622170.0,1514613721.0,3811,1,0,0,https://p.upcdn.pengpengla.com/star/p/u/2017/12/30/9b695223-0830-4dde-84b0-0f69cbbcbf49.jpg,爱宏毅
622196.0,1515073577.0,99,4,1,1,https://p.upcdn.pengpengla.com/star/p/u/2018/1/4/baa7e4d8-60d5-4302-9c14-734f7c85e30a.jpg,我们亲爱滴瑜伽涛
622257.0,1514559580.0,138,4,0,0,https://p.upcdn.pengpengla.com/star/p/u/2017/12/29/fc4f328a-d534-4be1-9fc8-7edec77948e2.jpg,你是光，晚安
622291.0,1515838128.0,138,9,1,0,https://p.upcdn.pengpengla.com/star/p/u/2018/1/13/36b59856-7454-4bbb-8151-b0db9f75ec95.jpg,想要带你去浪漫的土耳其💙
622309.0,1514640808.0,138,19,0,0,https://p.upcdn.pengpengla.com/star/p/u/2017/12/30/a49027c4-3ba8-487b-9794-e3e07afe9439.jpg,ʕ•̀ω•́ʔ✧
622433.0,1516208175.0,138,19,0,0,https://p.upcdn.pengpengla.com/star/p/u/2018/1/18/c2f4245d-e85b-43fc-b002-b7342457e68e.jpg,帅炸了，俏皮的小舌头
622479.0,1515943839.0,138,0,0,0,https://p.upcdn.pengpengla.com/star/p/u/2018/1/14/d9d798b7-d578-4a43-8890-26c3dd7e49c5.jpg,2018，我想陪你走给每一天，我也会努力追上你
622482.0,1515922346.0,138,1,1,0,https://p.upcdn.pengpengla.com/star/p/u/2018/1/14/6962d84f-436c-4450-9cbb-c05bc4a1d552.jpg,今天很棒棒٩(ˊvˋ*)و
622497.0,1515952874.0,138,6,0,0,https://p.upcdn.pengpengla.com/star/p/u/2018/1/15/682e51ed-6a3d-4836-859b-aaeae7f0be88.jpg,白敬亭n不是谁的替代品n💛💚💙💜
622508.0,1514347564.0,119,4,0,0,https://p.upcdn.pengpengla.com/star/p/u/2017/12/27/11d7b6e8-37a8-425d-85cb-99d403294489.jpg,格格好
622556.0,1514604159.0,119,3,0,0,https://p.upcdn.pengpengla.com/star/p/u/2017/12/30/e2e8b3ce-c0a5-478a-86df-53b23da3c544.jpg,白衣少年心心念念
622589.0,1514684387.0,119,0,0,0,https://p.upcdn.pengpengla.com/star/p/u/2017/12/31/bca43ab6-2b9e-40ea-9c45-8d41d43cdfb5.jpg,喜欢你
622628.0,1515320758.0,119,2,0,0,https://p.upcdn.pengpengla.com/star/p/u/2018/1/7/2b7e31d1-554c-41ea-88aa-1f1c29ae8828.jpg,任凭世间人来人往，我依旧保持奔放
622729.0,1513824656.0,210958,3,1,1,https://p.upcdn.pengpengla.com/star/p/u/2017/12/21/06b4854c-d169-48fb-9710-f5351985ef4d.jpg,明星持牌照，看王浩歌把超级星饭团捧在手心
622738.0,1513906559.0,210958,38,14,1,https://p.upcdn.pengpengla.com/star/p/u/2017/12/22/53f243a9-660d-4730-b4e3-ea545e13eba8.jpg,明星持牌照，看朱戬把超级星饭团捧在手心。
622746.0,1513914624.0,210958,3,0,0,https://p.upcdn.pengpengla.com/star/p/u/2017/12/22/dc28267f-a50e-4d79-8539-b19c2cb85ce4.jpg,明星持牌照，看林一把超级星饭团捧在手心~
622757.0,1513915622.0,210958,4,0,0,https://p.upcdn.pengpengla.com/star/p/u/2017/12/22/ab0f7653-ba33-4777-8277-c1c1d5a9865f.jpg,明星持牌照，看吴月黎把超级星饭团捧在手心~
622787.0,1515209254.0,1039,13,0,0,https://p.upcdn.pengpengla.com/star/p/u/2018/1/6/80a4400d-1d22-46a6-8246-af473b7f3121.jpg,❤
622812.0,1515147694.0,131020,12,0,0,https://p.upcdn.pengpengla.com/star/p/u/2018/1/5/5361aca3-4c99-4abc-9027-9f351e1f456f.jpg,你是天使😘
622820.0,1514992039.0,131020,2,0,0,https://p.upcdn.pengpengla.com/star/p/u/2018/1/3/6487f2ec-6fb0-491d-8832-64106c611496.jpg,exo 사랑해요
622886.0,1515906162.0,3067,0,0,0,https://p.upcdn.pengpengla.com/star/p/u/2018/1/14/d56be947-a4a6-499d-8eea-641275b293cc.png,可愛慘了😍n戴帽子好帥啊！
622896.0,1514631283.0,3672,1,0,0,https://p.upcdn.pengpengla.com/star/p/u/2017/12/30/65ae45e9-a6e9-4a66-8eaa-8c0a817fb328.jpg,爱你❤
622904.0,1514651375.0,3672,0,0,0,https://p.upcdn.pengpengla.com/star/p/u/2017/12/31/fd6e6c79-a2a7-493b-a650-4083e9d8d168.jpg,宝贝生日快乐
622905.0,1514532749.0,3672,1,0,0,https://p.upcdn.pengpengla.com/star/p/u/2017/12/29/df030deb-2cdb-485c-91ad-41c9b74859f9.jpg,最喜欢你了啊^O^
622922.0,1515781598.0,3672,2,0,0,https://p.upcdn.pengpengla.com/star/p/u/2018/1/13/60f1cc7e-e6cb-4624-8acc-8a48401ce3cd.jpg,没去现场  看到直播的时候  依旧哭了   n喜欢上你们    是我做过最不后悔的事n三生有幸     遇到你们@爱啃梨的星际碎片@沈肯尼_London
622963.0,1516151161.0,59,4,0,0,https://p.upcdn.pengpengla.com/star/p/u/2018/1/17/1f52c3bd-7b70-4a74-9303-b89309984e22.jpg,伴你每一天💕
623009.0,1515899143.0,59,6,0,0,https://p.upcdn.pengpengla.com/star/p/u/2018/1/14/0b7eb728-b1d6-4b52-a317-db511673f1e9.jpg,陪伴是最长情的告白
623010.0,1516188577.0,59,7,0,0,https://p.upcdn.pengpengla.com/star/p/u/2018/1/17/30348114-1235-41f7-8251-73b06e858f09.jpg,羽
623011.0,1515583918.0,59,2,0,0,https://p.upcdn.pengpengla.com/star/p/u/2018/1/10/1a94b637-7301-4f6f-91df-441a08d7fec3.jpg,《怦然心动》里有句台词是：有一天你会遇到一个彩虹般绚烂的人，从此其他人都是过往浮云。n我想说，遇见你后，不管是心里眼里都再也容不下其他人了❤❤❤
623025.0,1514466149.0,3673,4,1,0,https://p.upcdn.pengpengla.com/star/p/u/2017/12/28/3580cf4a-13d4-48b0-bcc7-70880f58ae76.jpg,永远陪伴，爱你么么哒
623032.0,1514518298.0,3673,4,0,0,https://p.upcdn.pengpengla.com/star/p/u/2017/12/29/b78b8314-03c1-4783-bb7c-193c20fe99a0.jpg,哥的日常😂
623036.0,1514639450.0,3673,0,0,0,https://p.upcdn.pengpengla.com/star/p/u/2017/12/30/80bb6fb5-6cda-4c85-8afd-afbcfb190c37.jpg,每一天都是爱沈煜伦
623145.0,1514242732.0,19067,12,1,0,https://p.upcdn.pengpengla.com/star/p/u/2017/12/26/b1a78feb-6917-466c-b0cf-bc93fdb9f665.png,巫白真的真的  喜欢大峰💘
623180.0,1514540076.0,16,3,1,1,https://p.upcdn.pengpengla.com/star/p/u/2017/12/29/1aee1f99-49e3-4791-bf2b-11a7d7f4e05c.jpg,唱歌冬。帅哭
623293.0,1514392423.0,2677,6,0,0,https://p.upcdn.pengpengla.com/star/p/u/2017/12/28/34105754-c120-4217-b2af-29ecd55a9a37.jpg,要你好，真的只要你好，无论工作还是感情，忙碌劳累后，可以有那么一段时间休息放松，充实自己，从容的生活，不去压抑自己。哪怕很长时间见不到你，没有你的消息，但只要知道你是真的很好，就够了……
623333.0,1516150444.0,27,2,1,0,https://p.upcdn.pengpengla.com/star/p/u/2018/1/17/7f268e41-fd51-4a57-875d-b89b45d9b5f8.jpg,喜欢你的今天（每一天）
623339.0,1515650366.0,27,5,1,0,https://p.upcdn.pengpengla.com/star/p/u/2018/1/11/029010db-40d6-40f1-a969-d08ed22cdc95.jpg,ଘ(੭ˊ꒳​ˋ)੭💓🍬💓✧
623342.0,1514728924.0,27,6,1,0,https://p.upcdn.pengpengla.com/star/p/u/2017/12/31/d893262b-fdab-40dc-a98f-130627420425.jpg,跨年快乐我的糖
623346.0,1515976963.0,265,3,0,1,https://p.upcdn.pengpengla.com/star/p/u/2018/1/15/2413b470-eb0a-420f-9a75-3ab316b7167e.jpg,你今天也要很好😉
623347.0,1514739497.0,265,3,0,0,https://p.upcdn.pengpengla.com/star/p/u/2018/1/1/0bafd8de-601b-4061-84c4-b85ff3355618.jpg,2018的每一天都有你
623380.0,1514675977.0,28233,13,0,1,https://p.upcdn.pengpengla.com/star/p/u/2017/12/31/5fbc3e52-fa51-4379-b61d-5fd43a9d6357.png,一眼就瞄到小飞侠三个字了战战
623424.0,1514785980.0,466,0,0,0,https://p.upcdn.pengpengla.com/star/p/u/2018/1/1/8a8619d4-c9af-40cd-92a0-4bbf8367256b.jpg,真的好喜欢你n无论什么风格
623458.0,1515159432.0,466,5,0,1,https://p.upcdn.pengpengla.com/star/p/u/2018/1/5/5aa0f11e-deed-4a9b-8605-5e8960e3df79.jpg,要颜值有颜值，要演技有演技，我山哥就是这么棒
623461.0,1515573695.0,466,4,0,0,https://p.upcdn.pengpengla.com/star/p/u/2018/1/10/75d5b77f-99bd-4d10-85a1-92c7cc172f70.jpg,好想见到你我的山哥
623468.0,1514981595.0,466,1,0,0,https://p.upcdn.pengpengla.com/star/p/u/2018/1/3/58131d8b-baa8-4c74-9318-cfa818a52638.jpg,看到你的照片，忍不住保存
623571.0,1515465719.0,466,2,0,0,https://p.upcdn.pengpengla.com/star/p/u/2018/1/9/d7b07010-2a34-464d-9b3e-52e978f3e0cd.jpg,心疼你疲惫时不能休息
623626.0,1515820752.0,466,1,0,0,https://p.upcdn.pengpengla.com/star/p/u/2018/1/13/39398d5f-d0b7-4519-a4f2-aa88a10d3e16.jpg,看你的迷之一笑，开心❤
623653.0,1514255194.0,100350,8,6,5,https://p.upcdn.pengpengla.com/star/p/u/2017/12/26/755a6b3e-2cf4-4c8a-91c1-8ba11e6bea12.jpg,记第一天
623775.0,1515462238.0,2,4,0,0,https://p.upcdn.pengpengla.com/star/p/u/2018/1/9/7dc4efae-20f2-4bda-aa70-8db01d3fd3a3.jpg,花啊，我是一个不怎么会说话的人，但是呐，我会一直把你放在心里，我想让你知道，世界上还存在一个我，在默默地守护你，默默地支持你。开心哦！nn2018.01.09n🌹🌹
623825.0,1515409006.0,103997,3,0,0,https://p.upcdn.pengpengla.com/star/p/u/2018/1/8/edd82365-f3ba-47d7-98f2-a1d6b5421df7.jpg,不见不散😘😘😘
623830.0,1514571321.0,103997,9,3,2,https://p.upcdn.pengpengla.com/star/p/u/2017/12/30/dc0bc2e0-7a05-44a7-bcbe-c318fe5ba6ab.jpg,晚安
623838.0,1514382502.0,103997,11,5,5,https://p.upcdn.pengpengla.com/star/p/u/2017/12/27/b3625e1a-dfd2-4a69-9fa4-62637b13edcd.jpg,你的出现点亮我满星空的画面
623902.0,1514596882.0,89069,6,0,0,https://p.upcdn.pengpengla.com/star/p/u/2017/12/30/7da13147-ce7c-4c81-84e8-734f6d03931a.jpg,日常看嘉尔
623975.0,1516178381.0,89069,6,0,0,https://p.upcdn.pengpengla.com/star/p/u/2018/1/17/e82ed5a7-9b70-4033-ba22-6ed64daeaa12.jpg,陪伴你每一天
623985.0,1514731389.0,20,6,0,0,https://p.upcdn.pengpengla.com/star/p/u/2017/12/31/2c3e0138-b3cb-42b3-adcf-87979acb915c.jpg,爱超♡
624033.0,1514472738.0,827,8,0,0,https://p.upcdn.pengpengla.com/star/p/u/2017/12/28/729af46a-ca48-45a2-aa82-8882e428017e.jpg,晚安❤
624044.0,1515595534.0,827,3,0,0,https://p.upcdn.pengpengla.com/star/p/u/2018/1/10/7270df75-a413-40ef-81d3-cb6787ed8668.jpg,因为有你，因为是你，所以是你
624114.0,1515630003.0,30257,13,1,0,https://p.upcdn.pengpengla.com/star/p/u/2018/1/11/5234294e-40da-46ae-b702-4bbc68f4aadb.jpg,早安
624194.0,1514953547.0,84186,4,0,0,https://p.upcdn.pengpengla.com/star/p/u/2018/1/3/9173930c-3e15-45ec-9c4c-227f94efdc33.jpg,午安呐，，
624203.0,1515135402.0,84186,5,1,0,https://p.upcdn.pengpengla.com/star/p/u/2018/1/5/7888050d-89d0-431e-9214-5a4cdd7f791d.jpg,＃查杰＃n喜欢你，就像春天的绿柳，轻轻抚着你。n喜欢你，就像夏天的微风，入你心底。n喜欢你，就像秋天的麦田，无边无际。n喜欢你，就像冬天的白雪，纯白无暇。n喜欢你就像如同喜夏秋冬，四季循环，不熄不灭。n查家少年清雅如玉小，杰出俊美倾心一遇假如我是一朵雪花，我一定找寻你方向，在你头顶轻轻飞舞飘落，有你的冬季恋歌一场。假如我是一片云彩，我一定找寻你的方向，当你抬头望天空时，对着你静静微笑让你感受美好
624244.0,1515315967.0,84186,9,0,0,https://p.upcdn.pengpengla.com/star/p/u/2018/1/7/d8239946-a861-46f2-ad76-c865ccaeeca1.jpg,大哥帅帅哒！
624247.0,1515322658.0,84186,0,0,0,https://p.upcdn.pengpengla.com/star/p/u/2018/1/7/33601dfd-4aaa-49f7-8a10-5b644f5d88ac.jpg,不怕，我们在
624337.0,1516083840.0,84186,11,0,0,https://p.upcdn.pengpengla.com/star/p/u/2018/1/16/04b676d8-b98d-4c37-8752-2fb7e1dbda23.jpg,每天都是一个新的你
624367.0,1513402885.0,91358,1,0,0,https://p.upcdn.pengpengla.com/star/p/u/2017/12/16/62771130-3627-483f-8037-b361b3fc3e3c.jpg,这张老胡超可爱啊
624444.0,1513907139.0,91358,11,0,0,https://p.upcdn.pengpengla.com/star/p/u/2017/12/22/e21f51d4-f849-4a3c-8c64-65757713087a.jpg,美少年
624450.0,1513994607.0,91358,1,0,0,https://p.upcdn.pengpengla.com/star/p/u/2017/12/23/a2f4ca1e-8741-4eca-ac89-5bb879966f55.jpg,好像真是中了你的毒，现在好想去浙江上学，这样就离你更近了
624459.0,1514077905.0,91358,0,0,0,https://p.upcdn.pengpengla.com/star/p/u/2017/12/24/1d1c33b9-2b5f-4bce-8dba-28b21bbbf9e3.jpg,帅帅的胡一天，加油
624500.0,1514252797.0,91358,1,0,0,https://p.upcdn.pengpengla.com/star/p/u/2017/12/26/326b570c-e80d-4639-ae11-b1c5b2fc8380.jpg,生日快乐
624505.0,1514260806.0,91358,2,0,0,https://p.upcdn.pengpengla.com/star/p/u/2017/12/26/88005509-4cc4-44d1-8aa2-75631bc31dfb.jpg,陪伴一天又一天
624597.0,1514475593.0,91358,1,0,0,https://p.upcdn.pengpengla.com/star/p/u/2017/12/28/696536bc-e20c-4050-a19b-d88150691999.jpg,❤
624631.0,1514516299.0,91358,5,0,0,https://p.upcdn.pengpengla.com/star/p/u/2017/12/29/34777417-96ae-4fe2-8786-aa774c9567a6.jpg,我不知道我能喜欢你多久，可是，只要我现在喜欢你就够了，未来可期，我与你同行@胡一天啊
624677.0,1514553489.0,91358,4,0,1,https://p.upcdn.pengpengla.com/star/p/u/2017/12/29/98056b11-4a51-401e-89ff-baaf09690e2d.jpg,我爱你
624682.0,1514555586.0,91358,1,0,0,https://p.upcdn.pengpengla.com/star/p/u/2017/12/29/71be1b1e-eac7-42a3-9b07-8bf78babe30a.jpg,病狂为胡一天打call
624700.0,1514566023.0,91358,2,0,0,https://p.upcdn.pengpengla.com/star/p/u/2017/12/30/e9686f86-4752-4ec5-a273-2602e04f7013.jpg,晚安！😘
624760.0,1514654130.0,91358,5,1,0,https://p.upcdn.pengpengla.com/star/p/u/2017/12/31/6862f5e8-c80d-4d78-8de8-70e512eaf258.jpg,陪我哥24岁的第五天！今天他将登上湖南卫视跨年演唱会！让我们一起期待胡甜甜的表演吧！
624768.0,1514682452.0,91358,15,0,1,https://p.upcdn.pengpengla.com/star/p/u/2017/12/31/f4ba4aae-8410-4352-b4aa-7bd0b98157e1.jpg,😄
624782.0,1514724177.0,91358,5,0,0,https://p.upcdn.pengpengla.com/star/p/u/2017/12/31/97108300-733a-40ae-a5c6-3aa6651e5b9a.jpg,我在等你
624844.0,1514800297.0,91358,8,1,1,https://p.upcdn.pengpengla.com/star/p/u/2018/1/1/0b7c80ad-8e81-4298-82f9-9c3c2d4d5996.jpg,无法自拔
624868.0,1514863268.0,91358,0,0,0,https://p.upcdn.pengpengla.com/star/p/u/2018/1/2/9cf8208f-4e63-4194-b860-0e41c5e99ecc.jpg,我们一直在，也会一直爱
624906.0,1514912809.0,91358,1,0,0,https://p.upcdn.pengpengla.com/star/p/u/2018/1/3/5b958cd4-818b-4891-a9fe-b449f4a9b78a.jpg,它是属于你的那份荣耀！加油！你会做的更好最棒！愿陪你每一天！
624961.0,1515025800.0,91358,1,0,0,https://p.upcdn.pengpengla.com/star/p/u/2018/1/4/37cf92a9-7ae5-4b4d-80d1-a54fb67d6d1d.jpg,你眼睛里有星星✨
624972.0,1515041716.0,91358,1,0,0,https://p.upcdn.pengpengla.com/star/p/u/2018/1/4/236351ed-6c76-4336-9754-1d8e69cfa55a.jpg,真的太太太喜欢你了，笔芯❤❤❤＃陪伴胡一天每一天＃
624989.0,1515070962.0,91358,3,0,0,https://p.upcdn.pengpengla.com/star/p/u/2018/1/4/637f3703-ea33-41ce-96c5-e7746c27ca32.jpg,一天一天贴近你的心   n@胡一天啊  我对江辰的喜欢和对你的喜欢是不一样的  你知道吗
625012.0,1515129337.0,91358,4,0,0,https://p.upcdn.pengpengla.com/star/p/u/2018/1/5/b5c43ef7-a027-4ecc-8d89-70e265eb8c7e.jpg,love you forever
625015.0,1515134472.0,91358,0,0,0,https://p.upcdn.pengpengla.com/star/p/u/2018/1/5/f49328c1-c7c4-495b-9c45-b5ed3ae811a5.jpg,陪你每一天
625051.0,1515170429.0,91358,3,0,0,https://p.upcdn.pengpengla.com/star/p/u/2018/1/6/e03d7c46-e3aa-43f7-bb53-766689ad6bf2.jpg,我会陪你一直走下去的！
625067.0,1515207496.0,91358,2,0,0,https://p.upcdn.pengpengla.com/star/p/u/2018/1/6/c415d7a4-6969-4469-80c1-bc7278b5ebfb.jpg,老胡青涩的样子更好看
625079.0,1515216292.0,91358,1,0,0,https://p.upcdn.pengpengla.com/star/p/u/2018/1/6/803c5902-d763-4ff6-8ce8-a110322b390b.jpg,唯爱
625082.0,1515218525.0,91358,4,0,0,https://p.upcdn.pengpengla.com/star/p/u/2018/1/6/b6bd0231-1fab-4710-be06-ff63bfb5d1a5.jpg,你是我人生中第一个让我不离不弃的人，爱你呦老胡❤❤❤
625092.0,1515242033.0,91358,2,0,0,https://p.upcdn.pengpengla.com/star/p/u/2018/1/6/9d92fdac-2512-4fe8-bd01-29e09933e4d6.jpg,喜欢你没有理由😘
625107.0,1515257088.0,91358,5,0,0,https://p.upcdn.pengpengla.com/star/p/u/2018/1/7/f490424b-ea85-4a44-91c0-8c1fca14b1c1.jpg,最好的天
625140.0,1515309550.0,91358,3,0,0,https://p.upcdn.pengpengla.com/star/p/u/2018/1/7/1a5e52ba-ab24-4dc8-9412-c3a9fb79c0bb.jpg,想你了
625187.0,1515396661.0,91358,6,0,1,https://p.upcdn.pengpengla.com/star/p/u/2018/1/8/9433145f-0ed0-4383-9a59-733adc9b2e6b.gif,😘😘😘
625204.0,1515409954.0,91358,2,0,0,https://p.upcdn.pengpengla.com/star/p/u/2018/1/8/e82a9996-d075-492d-b5f4-65201f6fd93d.jpg,胡一天，一天比一天帅！！
625228.0,1515427591.0,91358,2,0,0,https://p.upcdn.pengpengla.com/star/p/u/2018/1/9/48b5c616-c365-42f9-950f-e5dca59d93b1.jpg,最喜欢的胡一天啊♡旅途愉快哦
625248.0,1515488626.0,91358,0,0,0,https://p.upcdn.pengpengla.com/star/p/u/2018/1/9/3b421701-eb4a-44cd-ab73-ef72d6d86c76.jpg,1314
625252.0,1515495515.0,91358,1,0,0,https://p.upcdn.pengpengla.com/star/p/u/2018/1/9/24bcac18-ca2b-42a8-92f7-401a24709a02.jpg,希望你在土耳其一切顺利😊
625257.0,1515497590.0,91358,0,0,0,https://p.upcdn.pengpengla.com/star/p/u/2018/1/9/573cbd36-0b3c-4f0a-890c-f9c829d507ed.gif,人生不知眼前的“枸杞”
625269.0,1515511598.0,91358,6,0,0,https://p.upcdn.pengpengla.com/star/p/u/2018/1/9/bf86d1e8-443d-4766-8f4c-13c89f4e8e24.jpg,不要忘记我爱你
625302.0,1515596214.0,91358,7,1,0,https://p.upcdn.pengpengla.com/star/p/u/2018/1/10/c99a64b0-9799-4b34-8955-cdb148099369.jpg,陪伴胡一天到永远！
625314.0,1515598217.0,91358,2,0,0,https://p.upcdn.pengpengla.com/star/p/u/2018/1/10/0928e78b-63dc-4333-b6aa-c0c75e0afffc.jpg,帅气的，胡老师，天冷注意保暖
625320.0,1515599699.0,91358,5,0,0,https://p.upcdn.pengpengla.com/star/p/u/2018/1/10/f44112b8-2d9a-4a13-8d91-0d4df050c6e4.jpg,守护你直到永远
625326.0,1515602270.0,91358,1,0,0,https://p.upcdn.pengpengla.com/star/p/u/2018/1/11/e03bfd02-16af-487c-891c-8a973f9b529f.jpg,晚安，胡一天
625353.0,1515667247.0,91358,2,0,0,https://p.upcdn.pengpengla.com/star/p/u/2018/1/11/0db6298e-6302-414d-a2a5-0f240593976b.jpg,真的超级期待了啊
625425.0,1515824257.0,91358,2,0,0,https://p.upcdn.pengpengla.com/star/p/u/2018/1/13/cbc8dd2b-54e0-4440-a718-83fd93aa7340.jpg,❤❤❤❤❤
625438.0,1515837123.0,91358,4,0,0,https://p.upcdn.pengpengla.com/star/p/u/2018/1/13/12ecf2bc-9fb2-441d-a771-8a823523cf82.jpg,我多喜欢你，你不知道
625439.0,1515837203.0,91358,2,0,0,https://p.upcdn.pengpengla.com/star/p/u/2018/1/13/0d33cfc6-6bb7-4cb2-a8c4-60bb8a862c89.jpg,我想我是疯了才会这样！
625442.0,1515844627.0,91358,0,0,0,https://p.upcdn.pengpengla.com/star/p/u/2018/1/13/266486a2-0791-4158-9d7d-0336c2b19200.jpg,有一天叫做胡一天n     之后的每一天n     我都喜欢他
625473.0,1515880895.0,91358,2,0,0,https://p.upcdn.pengpengla.com/star/p/u/2018/1/14/103f9894-508f-4c66-9eef-ed73238fcf21.jpg,胡一天最帅了
625477.0,1515894822.0,91358,2,0,0,https://p.upcdn.pengpengla.com/star/p/u/2018/1/14/6dbeb87f-2c83-4fe8-8004-aa294c234bf0.jpg,眼睛自带光芒，帅炸天😘
625503.0,1515941831.0,91358,2,0,0,https://p.upcdn.pengpengla.com/star/p/u/2018/1/14/cd683448-f841-4ed7-bd3d-c1a43027627e.jpg,想你等你回国❤
625565.0,1516072265.0,91358,6,1,1,https://p.upcdn.pengpengla.com/star/p/u/2018/1/16/27d435e0-4ff1-43cd-9250-87988c46cc2a.gif,😉
625616.0,1516120107.0,91358,1,0,0,https://p.upcdn.pengpengla.com/star/p/u/2018/1/17/b9ea8ec8-3ae6-4bd3-8232-687d4fd4cad3.jpg,好想你💕
625653.0,1516186063.0,91358,5,0,0,https://p.upcdn.pengpengla.com/star/p/u/2018/1/17/3ab4b3af-2f06-49b3-979c-954081b5314a.jpg,360度无死角
625661.0,1516196021.0,91358,0,0,0,https://p.upcdn.pengpengla.com/star/p/u/2018/1/17/b1a511d8-e9fd-4a7a-9e2e-0f7c033810b4.jpg,男神天🤒
625672.0,1516203727.0,91358,2,0,0,https://p.upcdn.pengpengla.com/star/p/u/2018/1/17/46241a41-2f00-42f7-ac00-297554af8816.jpg,大爱胡老师💕
625711.0,1515681481.0,72835,9,0,0,https://p.upcdn.pengpengla.com/star/p/u/2018/1/11/6bf924fe-bc2f-4f75-bbcd-8e00af08daac.jpg,爱到最美是陪伴，陪伴打榜是我唯一能为你做的事，晚安葛格。
625825.0,1515733502.0,271,7,0,0,https://p.upcdn.pengpengla.com/star/p/u/2018/1/12/a066ac45-1148-4dfa-adb0-58709aaf1d0b.jpg,喜欢你没道理，只有一句我爱你。你在哪心在哪😍
625860.0,1515252251.0,26,20,0,0,https://p.upcdn.pengpengla.com/star/p/u/2018/1/6/a08d87a9-9303-484c-8eea-fa976decbf43.jpg,一直爱你们
625909.0,1515540905.0,3917,1,0,0,https://p.upcdn.pengpengla.com/star/p/u/2018/1/10/24dd4497-a3ba-4bc9-ad1f-bddc37a588f4.jpg,2018.1.10
625922.0,1514233786.0,166,194,4,2,https://p.upcdn.pengpengla.com/star/p/u/2017/12/26/e77d016c-4cfc-40dd-bb96-7a7728558f6b.jpg,热巴美翻了
626023.0,1515060790.0,166,26,0,0,https://p.upcdn.pengpengla.com/star/p/u/2018/1/4/03f007dd-2d21-4a4b-9960-53a86f52b3f6.jpg,我的小可爱😊萌萌哒！
626025.0,1515075199.0,166,3,0,0,https://p.upcdn.pengpengla.com/star/p/u/2018/1/4/b4ae6205-6ac0-4a6b-9099-9ee62938a094.jpg,可爱
626027.0,1515157021.0,166,3,0,0,https://p.upcdn.pengpengla.com/star/p/u/2018/1/5/fa822c92-9c71-4a4f-b7dc-f50b7387fad4.gif,666
626096.0,1515887018.0,166,1,0,0,https://p.upcdn.pengpengla.com/star/p/u/2018/1/14/cda75506-8474-4efb-b249-3c25b4b0e63d.jpg,好看吧，嘿嘿嘿
626100.0,1515897923.0,166,3,0,0,https://p.upcdn.pengpengla.com/star/p/u/2018/1/14/87a0c885-2c07-4b15-b6f2-74efe4588361.jpg,我迪哥很酷啊😊
626110.0,1515937632.0,166,11,0,2,https://p.upcdn.pengpengla.com/star/p/u/2018/1/14/a77e47bc-d977-4454-b801-330e8ba427da.jpg,大哥大哥，没错了
626182.0,1514597234.0,9,16,0,0,https://p.upcdn.pengpengla.com/star/p/u/2017/12/30/71423dad-8432-4c21-985c-9d88f4bfa272.jpg,✨🌺
626239.0,1515216845.0,9,3,0,0,https://p.upcdn.pengpengla.com/star/p/u/2018/1/6/a6b4596a-0db9-46d7-b7ee-c1b39cb80f7a.jpg,💙
626295.0,1516159497.0,9,4,0,0,https://p.upcdn.pengpengla.com/star/p/u/2018/1/17/7cba13f6-512f-4e5b-a703-b6b079b25078.jpg,小哥哥
626300.0,1516196538.0,9,2,0,0,https://p.upcdn.pengpengla.com/star/p/u/2018/1/17/5aa62977-40ce-4734-b316-4899c54d107b.jpg,💙
626332.0,1515076648.0,11,314,91,141,https://p.upcdn.pengpengla.com/star/p/u/2018/1/4/4c7c4065-ff70-424d-b453-213d27895b42.jpg,永远支持你陈伟霆加油吧
626386.0,1515209682.0,539,8,0,0,https://p.upcdn.pengpengla.com/star/p/u/2018/1/6/380d6b5e-f0ff-4aac-9c82-642b49812c7f.jpg,就是这么帅呀
626412.0,1514550293.0,12,2,0,0,https://p.upcdn.pengpengla.com/star/p/u/2017/12/29/89e6721e-5d1f-4dc9-96c8-fbeeb73a8cd8.jpg,美幂幂幂幂幂幂幂幂幂
626426.0,1516011051.0,12,4,0,0,https://p.upcdn.pengpengla.com/star/p/u/2018/1/15/5d4089e7-7d8d-448d-84a7-0a86831c3813.jpg,手绘我幂
626448.0,1514382600.0,39,4,0,0,https://p.upcdn.pengpengla.com/star/p/u/2017/12/27/198abf6b-d53f-4fb1-abd9-80a49e9f0bb3.gif,颖颖
626450.0,1514625576.0,39,3,0,0,https://p.upcdn.pengpengla.com/star/p/u/2017/12/30/2823f611-a3af-46d7-9064-0ee49b26fb11.jpg,🌷
626461.0,1515316911.0,39,4,0,0,https://p.upcdn.pengpengla.com/star/p/u/2018/1/7/4c6d0f05-55be-4df4-9fa7-bd5585fc0536.jpg,要睡觉💤
626479.0,1515688893.0,39,5,0,0,https://p.upcdn.pengpengla.com/star/p/u/2018/1/12/17f5b9b3-dcd9-4f97-9f7a-b4a98956a1a3.jpg,颖宝你一定要开心，永远爱你！😘
626494.0,1514739941.0,39,9,0,0,https://p.upcdn.pengpengla.com/star/p/u/2018/1/1/c1841c4d-d6b8-4fb7-ad70-a100ab169782.jpg,新年快
626574.0,1515425138.0,39,3,0,0,https://p.upcdn.pengpengla.com/star/p/u/2018/1/8/16eb7c06-9db3-49b7-9f8d-376f14b77d41.gif,爱你颖宝~亲亲
626673.0,1516164250.0,6754,13,0,0,https://p.upcdn.pengpengla.com/star/p/u/2018/1/17/e3cedb24-d9d5-4118-88f1-fced56815f8a.jpg,唯一追的艺人，灿烈，愿你开心每一天
626728.0,1514863673.0,369,6,0,1,https://p.upcdn.pengpengla.com/star/p/u/2018/1/2/0815284e-9bd7-4c51-bb47-52310322bec4.jpg,我爱你
626757.0,1514978827.0,369,65,0,1,https://p.upcdn.pengpengla.com/star/p/u/2018/1/3/80bbcc70-bea4-47bc-9b16-edd412c946ef.jpg,我阿 是你千万谦友中的小小一只 也不知道这条评论你会不会看见 但无比希望你会看见 你阿 要注意身体 遇到难题的时候 别太为难自己 工作是做不完的  不要那么拼 有时间多上微博看看我们 这里有我们发的关于你的点点滴滴 你会感到很温暖的 还有阿 等我蜕变成更好的自己 去见你 你一定要等我阿 我们说就好  不管任何时候 你有我们谦友💓
626764.0,1514539160.0,369,8,0,0,https://p.upcdn.pengpengla.com/star/p/u/2017/12/29/31ebfcb0-a5cf-4801-a057-07ad6141ab4a.jpg,我好喜欢你……n特别喜欢的那种……
626779.0,1515062247.0,369,4,0,1,https://p.upcdn.pengpengla.com/star/p/u/2018/1/4/9ea3e71c-4a00-48b9-afd3-0513acb855a0.jpg,陪伴
626790.0,1514962686.0,369,2,0,0,https://p.upcdn.pengpengla.com/star/p/u/2018/1/3/9de445e9-4338-4b26-8135-5f0b11d642d8.png,2018.1.3
626811.0,1515069950.0,369,2,0,0,https://p.upcdn.pengpengla.com/star/p/u/2018/1/4/71e99048-efe5-4698-b513-76a6a1282cdc.jpg,❤
626834.0,1515047275.0,369,2,0,0,https://p.upcdn.pengpengla.com/star/p/u/2018/1/4/534a4163-a835-4dca-b145-9a55d773899c.jpg,😘😘😘
626946.0,1515259664.0,369,21,0,0,https://p.upcdn.pengpengla.com/star/p/u/2018/1/7/6bb6c4a4-209e-4c0c-b8f4-26738aba4e54.jpg,听说这个可爱的小宝宝是你…
626981.0,1516151405.0,369,9,0,0,https://p.upcdn.pengpengla.com/star/p/u/2018/1/17/b98ffd21-3828-46b4-aeb5-3df7502e3253.jpg,爱老薛一辈子💋💋
627005.0,1514799867.0,369,6,0,0,https://p.upcdn.pengpengla.com/star/p/u/2018/1/1/80a346b0-7ad3-45db-916e-2f57908a4290.jpg,哥哥，永远爱你，照顾好自己
627029.0,1514526487.0,369,3,0,0,https://p.upcdn.pengpengla.com/star/p/u/2017/12/29/10201b47-8029-44fc-85a4-1f783faf84de.jpg,可爱薛
627059.0,1514781885.0,369,2,0,1,https://p.upcdn.pengpengla.com/star/p/u/2018/1/1/6d7415a5-6fa7-47c5-b3e3-00e90b951671.png,2018因为有你才更美
627075.0,1514952383.0,369,47,0,1,https://p.upcdn.pengpengla.com/star/p/u/2018/1/3/f9506278-851d-4c67-b9da-5e751a60df58.jpg,2018我们还是谦友
627106.0,1515300100.0,369,1,0,0,https://p.upcdn.pengpengla.com/star/p/u/2018/1/7/b37e974b-7cb3-4ec8-b4ee-4cac0ee83cd7.jpg,最喜欢你的笑…老薛…
627138.0,1516069876.0,369,2619,270,149,https://p.upcdn.pengpengla.com/star/p/u/2018/1/16/b9acca33-878b-41e0-bee1-88b04c9ea861.gif,这里有只小兔子，要不要抱回家？
627140.0,1515502289.0,369,4,0,0,https://p.upcdn.pengpengla.com/star/p/u/2018/1/9/680d9cf0-a21c-4174-9739-8c06fdd00b74.jpg,我好像在哪儿见过你…
627243.0,1514871106.0,30827,7,0,0,https://p.upcdn.pengpengla.com/star/p/u/2018/1/2/e7e60fd8-b503-4ab4-bfa5-aa1c9ac0d5bd.jpg,2018，加油
627247.0,1514954724.0,30827,16,2,0,https://p.upcdn.pengpengla.com/star/p/u/2018/1/3/fd0839c8-5fa4-42dc-85a0-dfd06b61cb9a.jpg,盛世美颜😘
627278.0,1516105957.0,30827,47,0,0,https://p.upcdn.pengpengla.com/star/p/u/2018/1/16/97c82210-31e1-4df7-884e-25c6b3d4737f.jpg,如果陪我到最后的是你，一路风雨也没关系 n如果陪我到最后的不是你，我们的点点滴滴我一点都不会忘记 n如果最后你会回来，晚一点也没关系
627351.0,1514641360.0,47,61,1,0,https://p.upcdn.pengpengla.com/star/p/u/2017/12/30/dd0d41e0-35c7-450f-9bef-4e86c9dc7afb.png,我想象不到你该有多累…n匆匆忙忙的帅气…n❤
627356.0,1514479551.0,47,3,0,0,https://p.upcdn.pengpengla.com/star/p/u/2017/12/29/ad6983d0-22ad-4796-bbec-aca3b1038da9.jpg,晚安啊龙哥💕
627398.0,1514964922.0,47,3,0,0,https://p.upcdn.pengpengla.com/star/p/u/2018/1/3/843d175e-ffcc-4334-822f-cbaa9ddf108f.jpg,低头族(志龙)
627420.0,1515945672.0,47,4,0,0,https://p.upcdn.pengpengla.com/star/p/u/2018/1/15/0abd2b29-3553-44b5-9bc5-bd412b9f9fdc.jpg,大哥*涌
627456.0,1515567425.0,22,4,0,0,https://p.upcdn.pengpengla.com/star/p/u/2018/1/10/5d6b4beb-fc4b-4e83-8131-de87fb1e044c.jpg,我永远爱你  宝贝  💗💗💗
627506.0,1515826188.0,22,3,0,0,https://p.upcdn.pengpengla.com/star/p/u/2018/1/13/e4bd56b9-2427-438d-9162-0fe894c01383.jpg,15年的小舌头
627516.0,1515223095.0,22,2,0,0,https://p.upcdn.pengpengla.com/star/p/u/2018/1/6/ce036465-0e57-469a-ac94-6e7f2b8cbef3.jpg,我的大骄傲
627525.0,1516114947.0,22,4,0,2,https://p.upcdn.pengpengla.com/star/p/u/2018/1/16/310de1de-8c1d-48a8-82ce-f762020ff2d2.jpg,蓝色也超级好看的宝宝
627542.0,1514384376.0,22,3,0,0,https://p.upcdn.pengpengla.com/star/p/u/2017/12/27/b90cabda-087c-455b-8da1-4b6facb2c0a8.jpg,❤❤❤
627619.0,1514574375.0,3934,56,2,0,https://p.upcdn.pengpengla.com/star/p/u/2017/12/30/938e2b23-abd2-4533-b7eb-dbbe616165b1.png,我粉的cp全世界最甜
627731.0,1514459283.0,31564,4,0,0,https://p.upcdn.pengpengla.com/star/p/u/2017/12/28/a8d777ef-583b-456d-bf5f-dd175bc41461.jpg,胖团团的瘦瑜瑜👄
627773.0,1515733145.0,31564,257,7,3,https://p.upcdn.pengpengla.com/star/p/u/2018/1/12/0205e356-6c42-49c6-a6fa-e6fad16a9d23.jpg,一路走来，你还是当初那个少年
627789.0,1516135248.0,31564,3,0,0,https://p.upcdn.pengpengla.com/star/p/u/2018/1/17/e94d1375-9a07-4f8a-a855-c65aa258fcc8.jpg,🐳
627818.0,1514282440.0,1243,10,0,0,https://p.upcdn.pengpengla.com/star/p/u/2017/12/26/826af1a9-1ba1-48b6-a239-9639ba94124c.png,我的彬
627848.0,1515569178.0,3217,30,4,0,https://p.upcdn.pengpengla.com/star/p/u/2018/1/10/d63c8c70-ef8d-465a-9426-4ae0e1df3038.jpg,从开始到现在💙
627856.0,1514382242.0,10,2,0,0,https://p.upcdn.pengpengla.com/star/p/u/2017/12/27/363a8c7e-aab9-401d-bf97-dfcbfc9bfb04.jpg,来了，第一天以后都会陪着你
627903.0,1514731719.0,10,9,2,0,https://p.upcdn.pengpengla.com/star/p/u/2017/12/31/8fb6460a-767f-4381-b78c-a93d4ba55cd9.png,18年，依旧爱你❤
627941.0,1514971841.0,10,1,0,0,https://p.upcdn.pengpengla.com/star/p/u/2018/1/3/ec49b6d8-5729-45b8-b5bb-4c5ed1f7230f.jpg,就是帅嘛！
627947.0,1515049836.0,10,0,0,0,https://p.upcdn.pengpengla.com/star/p/u/2018/1/4/15e8c047-15be-4c90-b412-36fc6f217b9c.jpg,甜甜甜甜吴亦凡
627967.0,1515261262.0,10,3,0,0,https://p.upcdn.pengpengla.com/star/p/u/2018/1/7/c17724ad-a3b6-45ce-a6fc-933327373484.jpg,凡凡的煎蛋，溜了，溜了……
628002.0,1515545855.0,10,9,0,0,https://p.upcdn.pengpengla.com/star/p/u/2018/1/10/d46eb581-cc68-4a4e-9e4f-62d00dfe42e0.jpg,要下雪了 要多穿衣服啊😛
628005.0,1515600000.0,10,6,0,0,https://p.upcdn.pengpengla.com/star/p/u/2018/1/10/6d5c44d2-5f88-4d86-99ac-a05bdcf713bc.jpg,晚安
628007.0,1515639320.0,10,813,61,16,https://p.upcdn.pengpengla.com/star/p/u/2018/1/11/3d59254b-e268-4fbb-a536-a5e1e4f4677f.jpg,吴总裁
628079.0,1516121053.0,3579,15,0,1,https://p.upcdn.pengpengla.com/star/p/u/2018/1/17/ccb3d12b-4223-44c1-b40b-1be8f4ea2325.jpg,晴朗一天！！
628128.0,1514630657.0,6,1,0,0,https://p.upcdn.pengpengla.com/star/p/u/2017/12/30/5f2bce8d-f88f-4b7d-908d-22da45039e8a.jpg,唯爱王源
628130.0,1514634910.0,6,2,1,0,https://p.upcdn.pengpengla.com/star/p/u/2017/12/30/5e9665ae-e2da-4b80-9376-492ea27171f7.jpg,想要努力变高变强的源源
628131.0,1514639756.0,6,4,0,0,https://p.upcdn.pengpengla.com/star/p/u/2017/12/30/1a78d75e-ebdf-4ee0-bae6-fce7164b323f.jpg,帅帅的小哥哥 只不过帅照太多 发不完啊 只能随手发一些自己比较喜欢的部分图片 源哥 祝元旦快乐啊 新的一年里 身体健康 万事如意 学业进步 跨年快乐哦! 喜欢你的每一天都很开心 都很满足 新的一年里 也要666哦 汤圆永远支持你!!! 啊啊啊 多么希望源源哥能看到我发布的这几张图片和这些文字 这些都是想跟你说的话啊 最后 再说一句 多吃点饭啊肉啊菜啊 因为你实在太瘦了呀!!!
628191.0,1515070753.0,6,9,0,0,https://p.upcdn.pengpengla.com/star/p/u/2018/1/4/2b84ec55-711d-46fd-9c78-51d19e501ac0.jpg,小源
628282.0,1515902653.0,6,2,0,0,https://p.upcdn.pengpengla.com/star/p/u/2018/1/14/1b4b824e-bc03-4e01-a708-1f519ab542c9.jpg,我爱的那个男孩。(⑉°з°)-💚
628387.0,1514388915.0,44,599,85,56,https://p.upcdn.pengpengla.com/star/p/u/2017/12/27/6072dffb-cd31-49b2-ac2d-f2fefed2b045.jpg,春风十里不如你🌹
628414.0,1515940229.0,44,1,0,0,https://p.upcdn.pengpengla.com/star/p/u/2018/1/14/83d92afb-e7eb-4bb5-948c-4a996c2bfe15.jpg,大神
628425.0,1515283935.0,69,2,0,0,https://p.upcdn.pengpengla.com/star/p/u/2018/1/7/83527d1d-5e80-4d37-95f5-042159ad41ea.jpg,想你
628433.0,1515000627.0,69,3,0,1,https://p.upcdn.pengpengla.com/star/p/u/2018/1/4/1b274fbe-eb5a-4da4-8083-dd65643b3b23.jpg,2018年我要陪你走下去，你的未来我从不缺席
628451.0,1515420485.0,69,1,0,0,https://p.upcdn.pengpengla.com/star/p/u/2018/1/8/99d7f243-640c-4b23-8cc0-0083b32002ef.jpg,爱你❤❤❤
628501.0,1514214220.0,24,90,2,2,https://p.upcdn.pengpengla.com/star/p/u/2017/12/25/908a188e-971b-4afc-802c-938ebc0beddd.png,勋勋，爱你每一天
628580.0,1514536452.0,3,2,0,0,https://p.upcdn.pengpengla.com/star/p/u/2017/12/29/361f7a3a-9eda-493c-9357-3bf61cbbe6b5.gif,射中我的心😍😍😍
628617.0,1515328293.0,3,8,0,0,https://p.upcdn.pengpengla.com/star/p/u/2018/1/7/bdf5f4d0-3c53-4656-98cb-661325a14f96.gif,治愈的笑容
628762.0,1515838941.0,1,2,0,0,https://p.upcdn.pengpengla.com/star/p/u/2018/1/13/f619f457-4d0f-499b-95cd-2b0984a6f1ce.jpg,伴你～
628813.0,1514798111.0,1,1,0,0,https://p.upcdn.pengpengla.com/star/p/u/2018/1/1/cd14e855-7345-46a2-a56f-b567d4cfb9ea.jpg,💙💙从💙💙开始💙💙到💙💙未来💙💙💙只💙💙为💙💙王俊凯💙💙💙💙💙
628818.0,1514784923.0,1,4,0,0,https://p.upcdn.pengpengla.com/star/p/u/2018/1/1/12d4b679-2e9e-4024-8122-307778d712db.jpg,lover
628933.0,1514262603.0,1,6116,1548,1140,https://p.upcdn.pengpengla.com/star/p/u/2017/12/26/1418ece4-a465-49d9-846c-007588d3c4d4.jpg,帅小凯       爱你❤
628945.0,1515932148.0,1,2,0,0,https://p.upcdn.pengpengla.com/star/p/u/2018/1/14/9d4b0ef0-5e6c-4d11-8dd8-e46890be1a7b.jpg,复习……
628960.0,1515904422.0,1,5,0,0,https://p.upcdn.pengpengla.com/star/p/u/2018/1/14/f4ccda2e-f9ff-46d0-88d4-9aa02cc19c3f.jpg,帅
629001.0,1515122806.0,1,1,0,0,https://p.upcdn.pengpengla.com/star/p/u/2018/1/5/40f78601-a95a-4c6f-94b4-c9a29390eb82.jpg,我们的小凯宝宝！👏👏👏
629023.0,1514901912.0,1,2,0,0,https://p.upcdn.pengpengla.com/star/p/u/2018/1/2/5a198615-5cda-40a9-94b2-48a13c00a3dc.gif,小凯对我眨眼睛n小凯唱歌给我听n打起我的鼓n唱起我的歌
629098.0,1514631130.0,1,1,0,0,https://p.upcdn.pengpengla.com/star/p/u/2017/12/30/1730a577-e110-42dd-9553-a408a835b865.png,哥哥，加油
629112.0,1514693338.0,1,4,0,0,https://p.upcdn.pengpengla.com/star/p/u/2017/12/31/890b183d-4c10-4553-b2ef-eacad110baac.jpg,爱你
629151.0,1514906679.0,1,6,0,0,https://p.upcdn.pengpengla.com/star/p/u/2018/1/2/4943fd59-3fc9-4649-b5a5-05009fb8f9c0.jpg,加油！
629160.0,1514967538.0,1,5,0,1,https://p.upcdn.pengpengla.com/star/p/u/2018/1/3/7abdab4b-f5dc-4157-9a95-1cc377b824a1.gif,怎么这么可爱
629161.0,1514896760.0,1,1,0,0,https://p.upcdn.pengpengla.com/star/p/u/2018/1/2/20d90dd6-041d-4be1-b537-4cb9631ce094.jpg,嘻嘻嘻嘻嘻，稀饭稀饭
629237.0,1515462442.0,1,3,0,0,https://p.upcdn.pengpengla.com/star/p/u/2018/1/9/c490829a-838f-478c-a403-dafb5afb9524.png,最喜欢你 却更喜欢你笑n王俊凯 你要天天开心撒
629470.0,1514693650.0,5,8,0,0,https://p.upcdn.pengpengla.com/star/p/u/2017/12/31/c4b80df2-e787-4a53-a5b1-5dd9e72fcb00.jpg,亲亲，2018的千千要快乐哦❤❤
629484.0,1514722221.0,5,2,0,0,https://p.upcdn.pengpengla.com/star/p/u/2017/12/31/4c9bd3d9-0b35-458e-9a76-3628eecc7b3b.jpg,永远陪着你
629516.0,1514768694.0,5,2,0,0,https://p.upcdn.pengpengla.com/star/p/u/2018/1/1/3c802f8a-3b0d-4f0d-9af0-9914b941bb3b.png,元旦快乐啊
629528.0,1514788958.0,5,1,0,0,https://p.upcdn.pengpengla.com/star/p/u/2018/1/1/2cb6201a-3aa5-4cf9-bdba-65aa6c0105b9.jpg,有你的陪伴 没一天都是开心的😌易烊千玺
629570.0,1514899032.0,5,329,7,5,https://p.upcdn.pengpengla.com/star/p/u/2018/1/2/80a4eb9b-04e2-40e0-a68f-831f423c957e.jpg,易烊千玺ins❤
629576.0,1514907480.0,5,3,0,0,https://p.upcdn.pengpengla.com/star/p/u/2018/1/2/8fa9f6e1-58dc-4e8b-af09-aee4c551e81e.jpg,加油！
629595.0,1514966264.0,5,0,0,0,https://p.upcdn.pengpengla.com/star/p/u/2018/1/3/b6ae8eaf-f732-4e3c-99bb-54f932e72fc2.jpg,💗💗💗
629633.0,1515072624.0,5,19,0,1,https://p.upcdn.pengpengla.com/star/p/u/2018/1/4/6a5a791f-57ff-4e60-94ce-cd9225898454.jpg,帅到爆～
629665.0,1515153091.0,5,3,0,0,https://p.upcdn.pengpengla.com/star/p/u/2018/1/5/2ed53b8e-aa4d-454a-9c9e-7b02840edba0.jpg,“n我也有个少女梦 n像个小孩要糖果 n像个公主要亲亲 n也会想让你摸摸头 ​​​“ ​​​​
629725.0,1515312906.0,5,4,0,1,https://p.upcdn.pengpengla.com/star/p/u/2018/1/7/a5f6c858-79db-4c5a-b970-f93a65d2e0f8.gif,哈哈哈哈n互怼的日常
629741.0,1515368201.0,5,4,0,0,https://p.upcdn.pengpengla.com/star/p/u/2018/1/8/3bfca8a1-10c9-41d5-b7a9-ce56529ebe3b.jpg,一心一意，易烊千玺😘
629778.0,1515417007.0,5,4,0,0,https://p.upcdn.pengpengla.com/star/p/u/2018/1/8/b3114ed7-4f5a-472a-a87c-b21a04c737db.jpg,大佬注意休息啊，心疼你♡
629788.0,1515427382.0,5,7,0,1,https://p.upcdn.pengpengla.com/star/p/u/2018/1/9/b11c0407-29a0-4842-b3b6-91f2fbde0749.jpg,可以说是最爱了
629799.0,1515472731.0,5,6,0,0,https://p.upcdn.pengpengla.com/star/p/u/2018/1/9/ea4b3ed6-69ec-49c3-90ba-f5d167f8ed06.jpg,易烊千玺❤
629800.0,1515473614.0,5,8,0,0,https://p.upcdn.pengpengla.com/star/p/u/2018/1/9/2f3e3a6b-8cb8-4dbb-8e49-59e390a41aa6.jpg,太帅了吧，小哥哥.
629885.0,1515691026.0,5,2,0,0,https://p.upcdn.pengpengla.com/star/p/u/2018/1/12/520fd447-acd1-4179-86de-dd00c5112def.jpg,晚安，千玺
629888.0,1515714694.0,5,7,0,0,https://p.upcdn.pengpengla.com/star/p/u/2018/1/12/b6d83b6c-e27c-43b8-83f0-123c88d7ec90.jpg,你是动力 ❤
629912.0,1515764657.0,5,32,1,0,https://p.upcdn.pengpengla.com/star/p/u/2018/1/12/75f1124a-1a1c-4523-a7da-eaa406bc1a28.jpg,我最爱你的笑容了啊
629921.0,1515783550.0,5,2,1,0,https://p.upcdn.pengpengla.com/star/p/u/2018/1/13/6d0f546c-464f-44a7-9873-c163ef710b75.jpg,那个鞋子经历了什么啊
630077.0,1515913907.0,5,8,0,0,https://p.upcdn.pengpengla.com/star/p/u/2018/1/14/721f87e3-f3d4-4689-a969-9fedc337b76b.jpg,陪伴是最長情的告白，所以我每天陪你，即使知道得不到你的「在一起」
630105.0,1515946680.0,5,2,0,0,https://p.upcdn.pengpengla.com/star/p/u/2018/1/15/644b48e4-6474-4a8b-96b0-976e7df7a04c.jpg,喜欢你，喜欢到……整个世界森林里的老虎都化作黄油，嗯，是那种喜欢啊💗
630163.0,1516007260.0,5,4,0,0,https://p.upcdn.pengpengla.com/star/p/u/2018/1/15/d7ced51d-1c2d-4bea-9fd1-44818a238ff1.jpg,来张很久以前的截屏
630185.0,1516081916.0,5,21,0,0,https://p.upcdn.pengpengla.com/star/p/u/2018/1/16/c8e9c987-e804-4af6-9a28-5216e2e9906e.png,因为你叫易烊千玺阿n一个喜欢了五年的偶像❤
630196.0,1516111600.0,5,3,0,0,https://p.upcdn.pengpengla.com/star/p/u/2018/1/16/5e42a9bb-5561-4300-9873-0bc6b89e6356.jpg,我想牵你手 跟你走
630270.0,1514467388.0,44706,9,0,0,https://p.upcdn.pengpengla.com/star/p/u/2017/12/28/e7a53b85-7c15-451e-a142-3ee1a8cbf4f5.jpg,舞台上的你闪闪发光，2018一淇前行
630435.0,1514608373.0,4,8,0,0,https://p.upcdn.pengpengla.com/star/p/u/2017/12/30/42566de8-90d6-4ebb-9e9e-9dffd06cd148.jpg,甜蜜暴击
630442.0,1515620657.0,4,3,0,0,https://p.upcdn.pengpengla.com/star/p/u/2018/1/11/df21c796-97a0-449c-bb7b-7f7ad6422f57.png,鹿晗，爱你❤
630461.0,1516033681.0,4,2,0,0,https://p.upcdn.pengpengla.com/star/p/u/2018/1/16/de891f23-330c-47d5-8ade-5cf4226af1f0.jpg,萌鹿鹿哈哈哈
630489.0,1514524679.0,4,818,141,116,https://p.upcdn.pengpengla.com/star/p/u/2017/12/29/8be2e955-729e-47ac-94e2-843340abe5e4.jpg,喜欢你，没道理！
630505.0,1515812697.0,4,4,0,0,https://p.upcdn.pengpengla.com/star/p/u/2018/1/13/6f493fcf-e492-48b5-a1b5-b53ef8009dfa.jpg,啦啦啦
630508.0,1514601593.0,4,3,0,1,https://p.upcdn.pengpengla.com/star/p/u/2017/12/30/539346b2-7639-4fd2-99c6-827649ac22f8.jpg,我爱的那个不同风格的鹿晗😂
630602.0,1515067849.0,588,36,0,0,https://p.upcdn.pengpengla.com/star/p/u/2018/1/4/3956ca20-3f5c-4281-ab7c-e5537e19108c.jpg,《王者出击》北京见面会r2018-01-04 19:00
630641.0,1514185942.0,8933,19,1,0,https://p.upcdn.pengpengla.com/star/p/u/2017/12/25/c71849fb-2674-408c-bb74-36ad4a8d73e4.jpg,《梦之轨迹》李艺彤2017生日会r2017-12-23 19:00
630745.0,1511867598.0,0,1,0,0,http://p.upcdn.pengpengla.com/star/p/u/2017/11/28/699770da-349d-4847-8618-0ef687cd020e.jpg,伍嘉成
630780.0,1511866625.0,0,3,0,0,http://p.upcdn.pengpengla.com/star/p/u/2017/11/28/a33e2c5c-262b-4b7d-810c-590faba56a70.jpg,伍嘉成手控来啦
630784.0,1511866805.0,0,1,0,0,http://p.upcdn.pengpengla.com/star/p/u/2017/11/28/2e75132c-4dcd-445b-8fac-19e1264fe69a.jpg,伍嘉成手控
630787.0,1511867125.0,0,1,0,0,http://p.upcdn.pengpengla.com/star/p/u/2017/11/28/38929ab4-c5eb-4bfd-aabc-31ad64a0c2c1.jpg,伍嘉成
630803.0,1512990294.0,0,0,0,0,https://p.upcdn.pengpengla.com/star/p/u/2017/12/11/68dbbc49-a80b-474b-b100-67c87e44c097.jpg,我们洲洲的手啊
630817.0,1515309388.0,0,3,0,0,https://p.upcdn.pengpengla.com/star/p/u/2018/1/7/abf192ca-cc78-47d2-9b7f-d4823c78dad8.jpg,薛之谦的手😍😍
630819.0,1513097880.0,0,13,0,0,https://p.upcdn.pengpengla.com/star/p/u/2017/12/13/b43a9a3c-a2ca-4b08-bcce-ca78664cf9bb.jpg,我谦的手！让人疯狂！
630840.0,1513338116.0,0,10,0,0,https://p.upcdn.pengpengla.com/star/p/u/2017/12/15/85d124ce-82c4-497e-a94e-639dc6708414.jpg,我的哥哥啊
630842.0,1514654192.0,0,4,0,0,https://p.upcdn.pengpengla.com/star/p/u/2017/12/31/464f0289-4f75-45cf-be48-b39d65ea7114.jpg,这个手简直想让我犯罪
630848.0,1513441703.0,0,3,0,0,https://p.upcdn.pengpengla.com/star/p/u/2017/12/17/5cd11c81-1390-4c57-830a-dd6b3b8c4400.jpg,陈伟霆的手让我着迷😍#陈伟霆#
630904.0,1512187363.0,0,5,0,0,http://p.upcdn.pengpengla.com/star/p/u/2017/12/2/2aa9484c-aaea-456e-94c8-a446ad1f5f45.jpg,❤❤❤ #孟瑞南北兄弟#
630928.0,1513132575.0,0,2,0,0,https://p.upcdn.pengpengla.com/star/p/u/2017/12/13/4c3f4a6f-e2a6-474a-95e2-9d23bd27590f.jpg,日常想小姚☀
631010.0,1511917006.0,0,2,0,0,http://p.upcdn.pengpengla.com/star/p/u/2017/11/29/2eadf481-781f-459a-bc60-b04ea67c2c14.jpg,我薛的小手手
631012.0,1513430927.0,0,1,0,0,https://p.upcdn.pengpengla.com/star/p/u/2017/12/16/d87b678a-f46b-4b93-9dff-d1b4d5a97e82.jpg,全世界最好看的手
631042.0,1511877678.0,0,3,0,0,http://p.upcdn.pengpengla.com/star/p/u/2017/11/28/e9a1e845-1ac9-45ec-8317-3667a8d9950e.jpg,我家小少爷的手，
631061.0,1514742816.0,0,3,0,0,https://p.upcdn.pengpengla.com/star/p/u/2018/1/1/8189b6c6-5452-41fa-9601-40341cfb2ab0.jpg,查杰❤️
631129.0,1512124826.0,0,0,0,0,http://p.upcdn.pengpengla.com/star/p/u/2017/12/1/04d054b9-9f0c-4b7b-9127-970228edea73.jpg,不用怀疑，就是迪玛希老师的手😘😘😘😘😘
631187.0,1512317625.0,0,1,0,0,http://p.upcdn.pengpengla.com/star/p/u/2017/12/4/02a43946-734c-42f0-905a-09447f47611a.jpg,七哥不但长得美，手长得也是完美无瑕！
631193.0,1513311824.0,0,5,0,0,https://p.upcdn.pengpengla.com/star/p/u/2017/12/15/91244f59-178f-4568-b02c-72417a227250.jpg,十年峰景易路同行
631196.0,1513333087.0,0,3,0,0,https://p.upcdn.pengpengla.com/star/p/u/2017/12/15/9363d140-ae98-400a-a202-8f84ef6f98f6.jpg,😘😘
631212.0,1511859260.0,0,4,0,0,http://p.upcdn.pengpengla.com/star/p/u/2017/11/28/4f314a35-05a2-484b-a053-9870e6d1e109.jpg,胡一天 满足你的手控 颜控 声控❤
631264.0,1511948518.0,0,3,0,0,http://p.upcdn.pengpengla.com/star/p/u/2017/11/29/03c7940c-647a-409e-b799-bda959c6084e.jpg,来自一个说唱歌手的手
631325.0,1513063271.0,0,6,0,0,https://p.upcdn.pengpengla.com/star/p/u/2017/12/12/a1cdf3c0-34ac-4b1f-99eb-1f202f45e451.jpg,那必须有我白😘😘😘😘
631350.0,1512130084.0,0,12,0,0,http://p.upcdn.pengpengla.com/star/p/u/2017/12/1/402d51b1-331f-4349-89eb-a7f822200879.jpg,好看到爆炸💥
631388.0,1512133960.0,0,4,0,0,http://p.upcdn.pengpengla.com/star/p/u/2017/12/1/dd9662ae-cd44-463b-96de-8d4d6a5bb5ab.jpg,老薛的手最好看
631398.0,1511913411.0,0,24,6,2,http://p.upcdn.pengpengla.com/star/p/u/2017/11/29/bdd24b90-4b3c-40ed-8d90-33e09e82f611.jpg,这里
631433.0,1514357496.0,0,7,0,0,https://p.upcdn.pengpengla.com/star/p/u/2017/12/27/1b8b10e8-9e40-41b1-ae62-d07d94262a4a.png,小哭包，吕鋆峰
631446.0,1514437641.0,0,5,0,0,https://p.upcdn.pengpengla.com/star/p/u/2017/12/28/4ace539e-36b1-45e0-899d-03ad5f7ddf6d.jpg,看来我存货还不够
631531.0,1514526353.0,0,4,0,0,https://p.upcdn.pengpengla.com/star/p/u/2017/12/29/e7f09688-eb61-443a-8258-4dad010b93e4.jpg,我林老板的手手
631534.0,1511914216.0,0,0,0,0,http://p.upcdn.pengpengla.com/star/p/u/2017/11/29/92f1338d-61cf-478e-9180-302dbfe26270.jpg,真好看。我们昭林💋
631576.0,1512485352.0,0,0,0,0,http://p.upcdn.pengpengla.com/star/p/u/2017/12/5/37af38f4-b2a9-4bc0-b7ab-70d58725d7ea.png,白敏民吃爪爪
631599.0,1513053492.0,0,17,0,0,https://p.upcdn.pengpengla.com/star/p/u/2017/12/12/13a1ab71-e8ca-418c-8311-d09d8b6f2065.jpg,太好看了吧！
631671.0,1512317449.0,0,9,0,0,http://p.upcdn.pengpengla.com/star/p/u/2017/12/4/93c436c8-ba6e-4593-ab5b-e6762d229c47.jpg,胡老师的手！真的真的太好看了！！
631722.0,1513077468.0,0,5,1,0,https://p.upcdn.pengpengla.com/star/p/u/2017/12/12/7a8406fd-1c31-4c4a-9ab0-cb5eeffa9aaa.jpg,老飞
631737.0,1512990702.0,0,0,0,0,https://p.upcdn.pengpengla.com/star/p/u/2017/12/11/5fc299b9-7088-4f92-af70-0ee2aaa86b60.jpg,我家老王的手
631748.0,1512127099.0,0,1,0,0,http://p.upcdn.pengpengla.com/star/p/u/2017/12/1/c7777ec8-fe44-48ff-be44-b6bfbb4748d2.jpg,邓紫棋呀！
631749.0,1512196709.0,0,3,0,0,http://p.upcdn.pengpengla.com/star/p/u/2017/12/2/104a13c0-91cd-4c72-b90e-871112ee8e2c.jpg,看看我们万的小肉手hhhhh
631750.0,1512196748.0,0,1,0,0,http://p.upcdn.pengpengla.com/star/p/u/2017/12/2/5cf66255-ecab-4e3f-b497-eadba4d1c27b.jpg,小阿飞
631831.0,1511959183.0,0,14,0,0,http://p.upcdn.pengpengla.com/star/p/u/2017/11/29/eb340f96-073e-43f3-8e75-6b4fbf24c001.jpg,我谦谦的手美爆了！
631853.0,1515203187.0,0,6,1,0,https://p.upcdn.pengpengla.com/star/p/u/2018/1/6/ee63f81f-386d-4d5b-893c-4de47fee68d4.jpg,毛不易啊
631869.0,1512347387.0,0,2,0,0,http://p.upcdn.pengpengla.com/star/p/u/2017/12/4/3c204786-99c4-4f54-9ab1-daa37fa4ac7b.jpg,毛老师，为毛老师打call
631898.0,1513663168.0,0,1,0,0,https://p.upcdn.pengpengla.com/star/p/u/2017/12/19/4db967f8-687a-4cb3-8f82-7b259c11e03d.jpg,周震南 极其喜欢你，昼夜不分离@vin周震南
631929.0,1511880846.0,0,4,1,0,http://p.upcdn.pengpengla.com/star/p/u/2017/11/28/54a40545-fe67-46b6-8c36-f53dd9f780a7.jpg,马伯骞马伯骞❤️
631979.0,1513586392.0,0,2,0,0,https://p.upcdn.pengpengla.com/star/p/u/2017/12/18/add42573-46e6-4f03-bedb-45ca01250e7d.jpg,手控💜💜
632003.0,1511866665.0,0,21,7,0,http://p.upcdn.pengpengla.com/star/p/u/2017/11/28/61de7a39-c32c-47ca-b58f-0ff933f78801.jpg,好看吗？我家大头宝宝
632009.0,1512976257.0,0,0,0,0,https://p.upcdn.pengpengla.com/star/p/u/2017/12/11/f598dda8-466d-4fea-86c8-a35c046c814e.jpg,王总王博文
632064.0,1513300137.0,0,3,1,0,https://p.upcdn.pengpengla.com/star/p/u/2017/12/15/e0c2b9bf-3ad0-4aae-9286-26e89d07474e.jpg,赵天宇
632089.0,1513310231.0,0,4,0,0,https://p.upcdn.pengpengla.com/star/p/u/2017/12/15/35bd3179-93fc-49a7-b0be-c7a5821da6f7.jpg,来自一个rapper的小手手，深陷其中，无法自拔。。。。
632100.0,1514642610.0,0,10,0,0,https://p.upcdn.pengpengla.com/star/p/u/2017/12/30/38bc0dd1-a0b0-4888-bfa4-ab4f57fbe68d.jpg,我凯哥啊！
632102.0,1514642848.0,0,7,0,0,https://p.upcdn.pengpengla.com/star/p/u/2017/12/30/301eacb1-3216-42ca-ba39-914fe9af8070.jpg,手好看啊！
632116.0,1513689640.0,0,0,0,0,https://p.upcdn.pengpengla.com/star/p/u/2017/12/19/90335ba3-cd6b-4894-bad2-0d9ac69e5bae.jpg,马龙啊  一双弹钢琴的手打了乒乓球
632120.0,1514422324.0,0,2,1,0,https://p.upcdn.pengpengla.com/star/p/u/2017/12/28/648e6412-55b1-49d1-ad55-0fcb4b298c3e.jpg,安利一个超级手控——薛之谦❤
632143.0,1512381187.0,0,5,1,0,http://p.upcdn.pengpengla.com/star/p/u/2017/12/4/9cddf463-430c-40e5-b566-1a0dafb87ae2.jpg,朴灿烈啊
632148.0,1513606922.0,0,4,0,0,https://p.upcdn.pengpengla.com/star/p/u/2017/12/18/a7e58171-d7df-4f3b-8d4c-680a55e725cb.jpg,手控！
632164.0,1515676054.0,0,6,0,0,https://p.upcdn.pengpengla.com/star/p/u/2018/1/11/b3f18e06-469d-454a-8379-221649a7f23f.jpg,毛毛哒
632228.0,1512991035.0,0,0,0,0,https://p.upcdn.pengpengla.com/star/p/u/2017/12/11/8e2a9156-7f84-4c16-a87a-98cc3d447cfe.jpg,白敬亭的手真的超好看的
632247.0,1515402004.0,0,5,0,0,https://p.upcdn.pengpengla.com/star/p/u/2018/1/8/0c0d6f90-13aa-426d-814f-32a8bedeffef.jpg,赵天宇小哥哥
632254.0,1512896237.0,0,6,0,0,https://p.upcdn.pengpengla.com/star/p/u/2017/12/10/81f88bc0-97fe-4edc-b8c8-9ba3a3155d4a.jpg,我东的手
632287.0,1511861387.0,0,3,0,0,http://p.upcdn.pengpengla.com/star/p/u/2017/11/28/b6527c2d-f8ed-472a-9846-0bbe876979fa.jpg,好美啊
632312.0,1511969573.0,0,3,0,0,http://p.upcdn.pengpengla.com/star/p/u/2017/11/29/4e4bfd76-dad3-4cc1-a968-a9ea5512d00a.jpg,是我家美美哒颖宝没错了
632348.0,1511946837.0,0,5,0,0,http://p.upcdn.pengpengla.com/star/p/u/2017/11/29/9d42e20b-81d6-4850-bd2a-7e523cc26d44.jpg,白哥的手
632381.0,1513351597.0,0,11,0,0,https://p.upcdn.pengpengla.com/star/p/u/2017/12/15/3d806e05-89ce-4fdb-a162-ea26f00538b8.jpg,莫名的愛上“薛式情歌”..n莫名的愛上你那愛笑的眼睛 笑容與笑聲..n當然還有謙謙你的手..n#永遠快樂薛之謙 我心總有謙謙結..
632400.0,1511856968.0,0,0,0,0,http://p.upcdn.pengpengla.com/star/p/u/2017/11/28/63494b4a-9fab-4f67-a89e-453a34040774.jpg,廖俊涛的手啊啊
632464.0,1512318112.0,0,8,1,0,http://p.upcdn.pengpengla.com/star/p/u/2017/12/4/cc03f096-e635-4863-b9ca-c193999610ab.jpg,我家谦谦的手咋能这么好看呢
632469.0,1513041285.0,0,0,0,0,https://p.upcdn.pengpengla.com/star/p/u/2017/12/12/cc7e55c6-abd2-46ba-ae42-6f1ee6689343.png,我们嵩嵩是从来不服气其他帅哥的手的，有这张好看么，雪花谣的封面
632490.0,1511857148.0,0,40,5,0,http://p.upcdn.pengpengla.com/star/p/u/2017/11/28/fa294385-670d-465f-8b6f-551bf69f27e1.jpg,说起手，当然是我们赵老师的啦
632573.0,1512443824.0,0,1,0,0,http://p.upcdn.pengpengla.com/star/p/u/2017/12/5/4e56f0d7-505f-4267-b2ac-99d81f88aa8f.png,我花~手美的哟
632605.0,1513607575.0,0,11,2,0,https://p.upcdn.pengpengla.com/star/p/u/2017/12/18/c32ab738-8231-407b-8e83-3c05e3def975.jpg,当然是毛不易啊！
632670.0,1513592025.0,0,0,0,0,https://p.upcdn.pengpengla.com/star/p/u/2017/12/18/ae2ee5e7-6fac-4c73-ab6e-43d98cc56bbc.jpg,王源
632672.0,1513595235.0,0,2,0,0,https://p.upcdn.pengpengla.com/star/p/u/2017/12/18/138bec01-df9d-431a-8a1c-59ec82c9035c.jpg,手控杀之王😎
632846.0,1512572836.0,0,9,1,0,http://p.upcdn.pengpengla.com/star/p/u/2017/12/6/03be55d4-0987-4c94-990d-711510b4a63e.jpg,来自手控的满足😍😍
632853.0,1512016790.0,0,5,0,0,http://p.upcdn.pengpengla.com/star/p/u/2017/11/30/3cb17c26-10ea-4aca-9b7e-e3e381262479.gif,这个嘛
632890.0,1512313629.0,0,18,0,0,http://p.upcdn.pengpengla.com/star/p/u/2017/12/3/6fa46c52-cf29-4d27-9215-17150e762c29.jpg,老胡
632939.0,1513572401.0,0,18,0,0,https://p.upcdn.pengpengla.com/star/p/u/2017/12/18/34d93958-8879-4020-b3c2-b5a368420806.jpg,😍️😍️
632940.0,1512831502.0,0,2,0,0,https://p.upcdn.pengpengla.com/star/p/u/2017/12/9/af7f0625-02de-495c-b796-144f9d151003.gif,白敬亭啊啊啊啊
632975.0,1512478758.0,0,1,0,0,http://p.upcdn.pengpengla.com/star/p/u/2017/12/5/422d4421-61b7-4960-97fe-0826638f93ec.jpg,虽然说我嘉伦的手算不上最美的（毕竟人外有人，天外有天吗！一**粉顶3黑粉，不能给小哥哥招黑），但是在我心中确是First place.各位路过的小可爱不要吝啬你的小心心❤❤呦！！！
632981.0,1515810201.0,0,0,0,0,https://p.upcdn.pengpengla.com/star/p/u/2018/1/13/ad97d90a-650e-4e63-824b-db44ed1c4df0.jpg,看我家高至霆 哈
633087.0,1511932109.0,0,409,3,1,http://p.upcdn.pengpengla.com/star/p/u/2017/11/29/0a5f8b08-a3a5-4e5d-b6b7-52dbe0e5b637.jpg,喜欢你没道理n是你让我现在的生活更加的有趣和完美n是你让我在孤单的时候有个温暖的地方
633092.0,1514992140.0,0,9,0,0,https://p.upcdn.pengpengla.com/star/p/u/2018/1/3/0719aec2-8f17-4672-9140-041ff86ebc77.jpg,嗯，男朋友的手
633093.0,1514992385.0,0,6,0,0,https://p.upcdn.pengpengla.com/star/p/u/2018/1/3/db7ed8f8-019a-404e-a6a7-b6612ca689bb.jpg,图五也是好看到炸了的大佬的手
633129.0,1512128444.0,0,47,1,0,http://p.upcdn.pengpengla.com/star/p/u/2017/12/1/a21c92a0-6e40-4c3e-848c-07fd89b917a8.jpg,靓仔的心思你别猜😍😍
633154.0,1513822828.0,0,1,0,0,https://p.upcdn.pengpengla.com/star/p/u/2017/12/21/4ca1c92b-7a47-4c12-9ade-249f2a1a3f83.jpg,我薛的手太好看了！！！😘
633177.0,1512736217.0,0,5,2,0,https://p.upcdn.pengpengla.com/star/p/u/2017/12/8/610d4bfb-491e-4f29-8dc1-c34e48916251.jpg,我毛儿啊，可爱高贵有才华。
633198.0,1512993656.0,0,10,0,0,https://p.upcdn.pengpengla.com/star/p/u/2017/12/11/ec5338ef-6f0b-4d6c-9faa-e6d0df989c75.gif,我老胡的手不是一般的好看@胡一天啊
633231.0,1512203688.0,0,16,0,0,http://p.upcdn.pengpengla.com/star/p/u/2017/12/2/af129887-1eaa-4639-baa7-cd1606242f80.jpg,作为手控 我只服胡一天的手
633238.0,1512219114.0,0,11,0,0,http://p.upcdn.pengpengla.com/star/p/u/2017/12/2/eca652f8-01c8-45ce-a30e-5b438dc79874.jpg,啊啊啊你薛的手满足了所有的少女心啊..n心甘情愿沦为颜饭🙈❤️
633244.0,1512286965.0,0,13,0,0,http://p.upcdn.pengpengla.com/star/p/u/2017/12/3/f470a116-4600-4dd5-8c95-578513cdb9ac.jpg,我们的胡老师
633260.0,1516064123.0,0,2,1,0,https://p.upcdn.pengpengla.com/star/p/u/2018/1/16/8512483f-dc25-4726-985a-a4d068731ae5.jpg,手控的我表示很好看。全世界最好的TT♥
633270.0,1512286182.0,0,11,0,0,http://p.upcdn.pengpengla.com/star/p/u/2017/12/3/ee78f94a-7647-4eb6-ae3f-42a7345d8b4b.jpg,谦谦的手
633288.0,1512340171.0,0,20,0,0,http://p.upcdn.pengpengla.com/star/p/u/2017/12/4/ba0d5770-2f72-4408-a221-a677d8a25b82.jpg,一生只有胡一天，老胡你最帅，我们都在呢
633341.0,1512396728.0,0,10,3,0,http://p.upcdn.pengpengla.com/star/p/u/2017/12/4/2f2efa00-3346-49a4-8b02-7bf262932259.jpg,猜猜这是谁的手啊
633390.0,1513393474.0,0,5,0,0,https://p.upcdn.pengpengla.com/star/p/u/2017/12/16/964d0480-2bb6-4715-b9b8-33d239acb89a.jpg,李宇春，会长啊
633412.0,1512552891.0,0,4,0,0,http://p.upcdn.pengpengla.com/star/p/u/2017/12/6/4d54ee02-211a-472c-a768-e47863a572a6.jpg,有你的镜头都喜欢，，实力演技，n而且更耐看哈哈
633439.0,1515049701.0,0,2,1,0,https://p.upcdn.pengpengla.com/star/p/u/2018/1/4/560a0fac-1d0a-4f4e-9b7e-07d1fa10f6c9.jpg,毛不易啊
633498.0,1512694595.0,0,4,0,0,https://p.upcdn.pengpengla.com/star/p/u/2017/12/8/491139ed-9dc1-4fa2-b5c6-67ebb02e54b4.jpg,论手n除了大佬只服我们白阿爸🙊
633535.0,1513004995.0,0,5,0,0,https://p.upcdn.pengpengla.com/star/p/u/2017/12/11/dc406cdd-cf75-4c7d-a187-18e83925ee6f.jpg,哎，胡老师手都那么好看💗
633560.0,1513396042.0,0,22,0,0,https://p.upcdn.pengpengla.com/star/p/u/2017/12/16/84b1971e-8225-4807-89a0-0afc6a855d6c.jpg,(●'◡'●)ﾉ❤
633585.0,1512981202.0,0,19,1,0,https://p.upcdn.pengpengla.com/star/p/u/2017/12/11/3d079282-def7-428e-938d-f9c675f5ba9a.jpg,胡一天啊
633632.0,1514082537.0,0,6,2,1,https://p.upcdn.pengpengla.com/star/p/u/2017/12/24/d671efe5-07b9-445b-b0ff-4b2d9cd1915a.jpg,笔芯～
633681.0,1513690577.0,0,8,0,0,https://p.upcdn.pengpengla.com/star/p/u/2017/12/19/0c4c4f8e-5c01-4fea-8657-1f551fca908a.jpg,🌚🌚🌚🌚
633691.0,1513739643.0,0,4,0,0,https://p.upcdn.pengpengla.com/star/p/u/2017/12/20/7f20794a-379a-4dfd-b205-e1133093fb7d.jpg,手控福利
633729.0,1513431803.0,0,1,0,0,https://p.upcdn.pengpengla.com/star/p/u/2017/12/16/08c3fee8-de97-42f7-a3e7-0b26a265ee9f.jpg,跟着我一起喊“王俊凯最帅”
633803.0,1513765950.0,0,1,0,0,https://p.upcdn.pengpengla.com/star/p/u/2017/12/20/79a9b7d7-440a-44ab-8749-f2854201a881.jpg,有种说不出来的酥麻感
633882.0,1515827857.0,0,5,0,0,https://p.upcdn.pengpengla.com/star/p/u/2018/1/13/e6d387f1-2072-48d6-9d56-6b0b7cc37f8d.jpg,老薛的手啊啊啊啊啊啊啊啊啊好看到炸裂
633918.0,1514605601.0,0,14,0,0,https://p.upcdn.pengpengla.com/star/p/u/2017/12/30/71533b52-09a5-43dc-8aa4-0b9e00ec5da4.jpg,论美手怎么能没有易烊千玺呢，星海征途 义无反顾😍
633919.0,1514349404.0,0,7,0,0,https://p.upcdn.pengpengla.com/star/p/u/2017/12/27/ea9de433-7f89-4874-8c94-735db51a699c.jpg,我花的手
633926.0,1514523646.0,0,8,0,0,https://p.upcdn.pengpengla.com/star/p/u/2017/12/29/3fbb0902-bf0d-4144-8311-0946bfe9f214.jpg,敲喜欢大哥的手 更喜欢大哥这个人💙
634006.0,1515304414.0,0,7,1,0,https://p.upcdn.pengpengla.com/star/p/u/2018/1/7/f7195a10-85c6-4545-9b97-846f9c29810e.jpg,毛不易的手
634017.0,1516205099.0,0,0,0,0,https://p.upcdn.pengpengla.com/star/p/u/2018/1/18/94b57515-fa0c-43af-85e7-ff40d1b48f8a.jpg,胡老师胡老师
634025.0,1515571984.0,0,3,0,0,https://p.upcdn.pengpengla.com/star/p/u/2018/1/10/590d0170-ce9d-4592-ae9d-4be6687c6f78.jpg,我们包子的手
634029.0,1515173565.0,0,4,0,0,https://p.upcdn.pengpengla.com/star/p/u/2018/1/6/73a51aa3-f813-4cb9-be61-1c38ca3a40fe.png,嗯就是白敬亭和朴灿烈！
634036.0,1515221504.0,0,6,0,0,https://p.upcdn.pengpengla.com/star/p/u/2018/1/6/f51f3762-ead9-4257-9aca-e76a428a502c.jpg,小白❤❤
634093.0,1515926701.0,0,19,0,0,https://p.upcdn.pengpengla.com/star/p/u/2018/1/14/85f25128-2457-4847-b215-34262ebd9df1.jpg,我千的手超级好看的哇
634110.0,1511508323.0,4523,193,7,10,http://p.upcdn.pengpengla.com/star/p/u/2017/11/24/220877d6-88f5-4e3f-a5c0-7e3e722717e1.jpg,「超级私房照」周雨彤の私房照
634172.0,1511714836.0,0,4,0,0,http://p.upcdn.pengpengla.com/star/p/u/2017/11/27/a8fc9908-9ea0-4b6d-982f-8f4d0b4dca83.gif,8岁的赵品霖前来报道
634272.0,1511554797.0,0,6,0,0,http://p.upcdn.pengpengla.com/star/p/u/2017/11/25/eccbdc05-97a2-4c8d-a3f2-54be0e2c88ed.gif,全世界最好的孟子坤
634284.0,1511529887.0,0,2,0,0,http://p.upcdn.pengpengla.com/star/p/u/2017/11/24/730e04c4-294c-4a3f-8e3e-45956c6c7f2d.gif,马伯骞 你太迷人啦
634302.0,1512294029.0,0,2,0,0,http://p.upcdn.pengpengla.com/star/p/u/2017/12/3/cb18a579-fe0a-4922-8278-b6dff5576073.jpg,我滴小祖宗哩？你看到我小祖宗了吗？
634305.0,1513655760.0,0,0,0,0,https://p.upcdn.pengpengla.com/star/p/u/2017/12/19/6751a235-f1e6-455d-8952-ff30bd03f89a.jpg,关你屁事！😂😂😂
634333.0,1512261339.0,0,7,0,0,http://p.upcdn.pengpengla.com/star/p/u/2017/12/3/9512d66a-12df-4b9d-adba-90dc6bf8c09f.gif,白邮差
634336.0,1512261916.0,0,6,0,0,http://p.upcdn.pengpengla.com/star/p/u/2017/12/3/25d5042f-67ef-4671-852f-4d577137f987.jpg,白敬亭
634363.0,1511537784.0,0,18,1,1,http://p.upcdn.pengpengla.com/star/p/u/2017/11/24/fe60538d-7dd3-4004-b628-306ad5b73560.jpg,只想安静的睡一会
634397.0,1512305750.0,0,17,1,0,http://p.upcdn.pengpengla.com/star/p/u/2017/12/3/d0e2800c-c1f1-4ac1-80c8-324fad29ecb9.jpg,p表情包还是很积极的👋
634413.0,1511878143.0,0,12,0,0,http://p.upcdn.pengpengla.com/star/p/u/2017/11/28/8913a789-32f5-4bb0-b2b2-796838f521fc.jpg,被谁kiss了
634439.0,1511947070.0,0,42,0,1,http://p.upcdn.pengpengla.com/star/p/u/2017/11/29/0296a51b-fd19-402f-893f-1921be8f794c.jpg,千玺的表情包😘😘
634446.0,1514875493.0,0,0,0,0,https://p.upcdn.pengpengla.com/star/p/u/2018/1/2/92228f6a-cc18-4488-aa45-93400739dedc.png,冻成表情包的啊哈😄
634487.0,1511680530.0,0,5,0,0,http://p.upcdn.pengpengla.com/star/p/u/2017/11/26/08ce4387-e508-4faa-ac56-fe70f9f18e03.jpg,萌萌哒💕
634530.0,1511489265.0,0,27,1,0,http://p.upcdn.pengpengla.com/star/p/u/2017/11/24/84b7b0be-a4a2-4bd2-b6bf-3b77053ac5cb.gif,想你想的心都痛了
634684.0,1512563758.0,0,17,0,4,http://p.upcdn.pengpengla.com/star/p/u/2017/12/6/0bfb9ede-cc4a-4091-bcb0-d5b854d5c5d3.jpg,胡一天的女人向来不废话，直接上图
634711.0,1512660287.0,0,5,0,0,https://p.upcdn.pengpengla.com/star/p/u/2017/12/7/b6bc1f03-d946-4ac1-b266-b66a9cbcbdc9.jpg,😂
634751.0,1513772766.0,0,11,1,1,https://p.upcdn.pengpengla.com/star/p/u/2017/12/20/3d644819-2b2f-4991-bd73-36e8bc735da7.jpg,胡一天超可爱的
634780.0,1515718292.0,0,9,0,0,https://p.upcdn.pengpengla.com/star/p/u/2018/1/12/1d2cd7aa-8f95-4ea5-b13c-295ffb72aab4.gif,谦谦最口爱
634816.0,1514719570.0,0,8,0,0,https://p.upcdn.pengpengla.com/star/p/u/2017/12/31/e3d19d04-0ff0-4617-812c-4645636157fe.jpg,hhhh可爱的小白~
634822.0,1515341261.0,0,11,0,0,https://p.upcdn.pengpengla.com/star/p/u/2018/1/8/2fe1e7f2-6a82-494a-a6d2-70645a651960.gif,emmm…分分钟想亲一口，超级帅啊王嘉尔
634851.0,1515605185.0,0,17,0,2,https://p.upcdn.pengpengla.com/star/p/u/2018/1/11/fa9516cb-381c-4170-99dd-0f2d66d6159c.gif,那么太多了
634883.0,1511175404.0,3860,46,2,0,http://p.upcdn.pengpengla.com/star/p/u/2017/11/20/623478dc-85eb-44f0-af66-b72c66276d8f.jpg,2017 KIM JAE JOONG ASIA TOUR FANMEETING IN HONG KONGr2017-11-19 18:00
634897.0,1511149193.0,0,1,0,0,http://p.upcdn.pengpengla.com/star/p/u/2017/11/20/10408dcf-6cbd-4ff0-b92a-71f2d9c8ef07.jpg,是王源小哥哥呀
634972.0,1511153326.0,0,4,0,0,http://p.upcdn.pengpengla.com/star/p/u/2017/11/20/449af71a-91a0-483d-b260-015e40c7c226.jpg,一张八百年前的眼镜杀，我不管反正杀到我了❤
634982.0,1511153697.0,0,0,0,0,http://p.upcdn.pengpengla.com/star/p/u/2017/11/20/aaa6b4e1-0adf-43e8-8eb4-cf5b3d7a2072.jpg,少爷帅帅哒
634991.0,1511154115.0,0,9,0,0,http://p.upcdn.pengpengla.com/star/p/u/2017/11/20/29648b61-0389-4d7c-a144-b0cd1edd2e3f.jpg,姚望，甜盐转换无压力
635005.0,1511155047.0,0,0,0,0,http://p.upcdn.pengpengla.com/star/p/u/2017/11/20/dabd7a1f-9186-438c-846f-200e30f45bc0.jpg,帅炸了，宫政，微博搜索@宫zzzzzz
635059.0,1511159850.0,0,3,0,0,http://p.upcdn.pengpengla.com/star/p/u/2017/11/20/e5fa2181-d8c5-440c-a043-f6708ffeb7b1.jpg,沁菇凉不娶何撩🌚
635101.0,1511168663.0,0,2,0,0,http://p.upcdn.pengpengla.com/star/p/u/2017/11/20/536538f5-ab24-425a-9ad3-cb94513d2146.jpg,瞧 高贵的毛老师！
635103.0,1511168945.0,0,1,0,0,http://p.upcdn.pengpengla.com/star/p/u/2017/11/20/15871a6f-eb01-47ac-b044-196f9ff98cee.jpg,🤔
635123.0,1511173372.0,0,1,1,0,http://p.upcdn.pengpengla.com/star/p/u/2017/11/20/0850af2e-f874-409e-a5c0-0aec259fc8de.jpg,我来两张日常的 哈哈哈哈哈哈哈
635136.0,1511175359.0,0,0,0,0,http://p.upcdn.pengpengla.com/star/p/u/2017/11/20/911f4a5c-904c-40e8-9ec8-b9c707394972.jpg,大佬
635179.0,1511181787.0,0,4,0,0,http://p.upcdn.pengpengla.com/star/p/u/2017/11/20/492a13f2-b5d2-404a-9263-d837b9d5b2fd.jpg,TF家族新生-马嘉祺
635203.0,1511186825.0,0,35,0,0,http://p.upcdn.pengpengla.com/star/p/u/2017/11/20/29d9a6f9-d17b-4e09-b597-eca450c81fc7.jpg,凯💙
635215.0,1511188503.0,0,2,0,0,http://p.upcdn.pengpengla.com/star/p/u/2017/11/20/2c27ee8f-cf0c-4b5d-afd5-eb110bca9d18.jpg,少数带眼镜的照片 魏巡
635240.0,1511194572.0,0,0,0,0,http://p.upcdn.pengpengla.com/star/p/u/2017/11/21/68212bcf-4567-4ad2-8690-b9466511f62c.gif,天下少年千千万我心独悦郭子凡。
635306.0,1511244098.0,0,5,0,0,http://p.upcdn.pengpengla.com/star/p/u/2017/11/21/300a83b9-a916-4390-8483-48fcb91b9808.jpg,胡老师啊💗
635328.0,1511259930.0,0,25,0,0,http://p.upcdn.pengpengla.com/star/p/u/2017/11/21/af9c6e7b-3885-422a-90c6-dc4d5f91cf92.jpg,薛之谦吖哈哈哈
635335.0,1511262680.0,0,1,0,0,http://p.upcdn.pengpengla.com/star/p/u/2017/11/21/f5112c5e-39e4-49a4-b358-d80207a6a393.jpg,#白澍#
635366.0,1511270677.0,0,37,0,0,http://p.upcdn.pengpengla.com/star/p/u/2017/11/21/5b926573-a09b-45e0-a932-ce94895e520b.jpg,胡一天啊啊
635394.0,1511278924.0,0,23,1,0,http://p.upcdn.pengpengla.com/star/p/u/2017/11/21/18a9a3fd-4279-4943-8e3d-fb6629af6447.jpg,我最亲爱的Joker Xue，你戴眼镜的样子真的很迷人❤
635400.0,1511283283.0,0,2,0,0,http://p.upcdn.pengpengla.com/star/p/u/2017/11/22/c3d14246-b6a1-462b-8dfd-3861bee66cb4.jpg,帥氣的天宇～
635416.0,1511308668.0,0,1,0,0,http://p.upcdn.pengpengla.com/star/p/u/2017/11/22/510ffc96-a550-44bb-848d-855f511af8f9.jpg,大可爱✌
635434.0,1511316323.0,0,5,0,0,http://p.upcdn.pengpengla.com/star/p/u/2017/11/22/2687f048-f668-44f4-a200-c1e174e17550.jpg,赵天宇😘
635476.0,1511327357.0,0,2,0,0,http://p.upcdn.pengpengla.com/star/p/u/2017/11/22/ddadfcd0-b344-4e5f-8785-9af80709e023.jpg,❤陈伟霆
635536.0,1511411654.0,0,2,0,0,http://p.upcdn.pengpengla.com/star/p/u/2017/11/23/8ff41ca4-0d31-4ea7-b6d1-a7970cbc5049.jpg,#夏之光#  @X玖少年团夏之光X_Lightnn(图片来源见水印)
635571.0,1511453359.0,0,2,1,1,http://p.upcdn.pengpengla.com/star/p/u/2017/11/24/59555eed-5bf4-4ff4-83a5-9053f8f38d32.jpg,超级帅子闳欧巴💜️💜️💜️
635588.0,1511493673.0,0,3,0,0,http://p.upcdn.pengpengla.com/star/p/u/2017/11/24/2bcdbb83-926e-4f94-9269-af56fb027aab.jpg,我白哥呀❤
635638.0,1511538579.0,0,5,0,0,http://p.upcdn.pengpengla.com/star/p/u/2017/11/24/ec9bc961-97d2-4514-8079-be613bfb9273.jpg,这张要了命了
635666.0,1511583574.0,0,2,0,0,http://p.upcdn.pengpengla.com/star/p/u/2017/11/25/c06aa552-0d0a-4423-8e26-f15daec38232.jpg,查先生 给你小心心❤❤
635672.0,1511591015.0,0,44,0,0,http://p.upcdn.pengpengla.com/star/p/u/2017/11/25/218fde67-663a-4f80-bc55-065014687149.jpg,敲帅敲帅敲帅🙈🙈🙈
635683.0,1511599933.0,0,7,0,0,http://p.upcdn.pengpengla.com/star/p/u/2017/11/25/85f8dead-993c-47c3-a7b5-f11a90bbdfa0.jpg,酷
635745.0,1511677941.0,0,0,0,0,http://p.upcdn.pengpengla.com/star/p/u/2017/11/26/fc89b661-89da-4d91-8fba-5aeda7d198b2.jpg,帅气男孩
635879.0,1511754526.0,0,5,0,0,http://p.upcdn.pengpengla.com/star/p/u/2017/11/27/a4e18d42-2db5-42df-b41b-ae6de2e31b55.jpg,你花，斯文败类
635883.0,1511755249.0,0,0,0,0,http://p.upcdn.pengpengla.com/star/p/u/2017/11/27/d75620a1-e4c4-4ea4-9d20-247dad3432a2.jpg,棒棒的贺峻霖
635947.0,1511776488.0,0,0,0,0,http://p.upcdn.pengpengla.com/star/p/u/2017/11/27/2d30f2ee-f258-4f79-8f04-527c694693bc.jpg,笑裂的乔酥
635948.0,1511776673.0,0,1,0,0,http://p.upcdn.pengpengla.com/star/p/u/2017/11/27/a345229a-8917-4423-83b5-6fbc1ba8d183.jpg,微博故事里的乔酥徐海乔
635955.0,1511779359.0,0,7,0,1,http://p.upcdn.pengpengla.com/star/p/u/2017/11/27/e7aab565-ae2c-49d6-a017-0fdccd422079.jpg,谦❤
635982.0,1511784000.0,0,0,0,0,http://p.upcdn.pengpengla.com/star/p/u/2017/11/27/5dbc902f-c256-40bb-9a03-b10e385cd8b2.jpg,帅
636018.0,1511853297.0,0,7,0,0,http://p.upcdn.pengpengla.com/star/p/u/2017/11/28/954e84c7-64da-4f00-9ce6-ef4ce09c7f66.jpg,文学款
636110.0,1512089989.0,0,6,0,0,http://p.upcdn.pengpengla.com/star/p/u/2017/12/1/4e97f870-6269-4704-99a4-995b440fee36.jpg,没错……n你戴眼镜的样子真的很迷人……
636115.0,1512097990.0,0,3,0,0,http://p.upcdn.pengpengla.com/star/p/u/2017/12/1/e0eb45e2-52da-44f4-99cf-29c211798fa6.jpg,Cool
636137.0,1512138715.0,0,6,0,1,http://p.upcdn.pengpengla.com/star/p/u/2017/12/1/75f54953-887e-4e95-84c9-6a4c6b2f3192.jpg,千玺
636165.0,1512177693.0,0,0,0,0,http://p.upcdn.pengpengla.com/star/p/u/2017/12/2/95b6f589-539a-48c5-8781-b17df831d724.jpg,花花花花∠※
636179.0,1512198110.0,0,2,0,0,http://p.upcdn.pengpengla.com/star/p/u/2017/12/2/90b2b223-6c73-4549-a6f4-cce8e75b7fb5.jpg,Mike最帅了
636201.0,1512218311.0,0,9,0,0,http://p.upcdn.pengpengla.com/star/p/u/2017/12/2/5bc2c2f5-a525-441d-a0b4-f8244f0112b6.jpg,老胡你简直让我欲罢不能
636213.0,1512228704.0,0,3,0,0,http://p.upcdn.pengpengla.com/star/p/u/2017/12/2/7623ce22-31c5-4d6e-aa88-7bebea7d13d4.jpg,稀饭小白~
636254.0,1512291159.0,0,4,0,0,http://p.upcdn.pengpengla.com/star/p/u/2017/12/3/5a70ad82-d7d0-4517-9a27-0f2f3f7e90cc.jpg,画的算不算哈哈哈
636393.0,1512650691.0,0,4,0,0,https://p.upcdn.pengpengla.com/star/p/u/2017/12/7/d206c9a5-290c-458e-b394-d5c0482c9ceb.jpg,卡姿兰大眼睛
636504.0,1512910745.0,0,5,0,0,https://p.upcdn.pengpengla.com/star/p/u/2017/12/10/943d280b-8c24-4a41-94d2-9e638e5fdf3c.jpg,太帅了！！！
636556.0,1513133336.0,0,1,0,0,https://p.upcdn.pengpengla.com/star/p/u/2017/12/13/f6708769-5e06-46d7-9abb-bcf74d272762.jpg,要可爱就可爱，要man就man，要傻白甜就傻白甜，哎呀杂这么可爱呢
636568.0,1513175764.0,0,5,0,0,https://p.upcdn.pengpengla.com/star/p/u/2017/12/13/ab93604a-6b59-47a5-95f6-59f1523d4fd8.jpg,最好看吴亦凡💜
636589.0,1513319596.0,0,7,0,0,https://p.upcdn.pengpengla.com/star/p/u/2017/12/15/a4cbaab3-038a-4953-8c05-99375610653d.jpg, 😝不管不管，我们家坤儿最帅
636642.0,1513518022.0,0,2,0,0,https://p.upcdn.pengpengla.com/star/p/u/2017/12/17/3b66b1ad-4dc0-4e92-a688-f4489eebeef9.jpg,珍藏版的ɿ(｡･ɜ･)ɾ还有呢不舍的
636724.0,1513789479.0,0,0,0,0,https://p.upcdn.pengpengla.com/star/p/u/2017/12/21/71049fe0-beac-4afa-8415-bd36b8df4abe.jpg,新成真的超级阳光的！完全喜欢啊！
636732.0,1513831863.0,0,3,0,0,https://p.upcdn.pengpengla.com/star/p/u/2017/12/21/0b4fb9ae-6f8d-4e4e-a2c2-686a0ee13967.jpg,欧俊 哈哈  现在看来也是帅的
636815.0,1514093058.0,0,5,0,0,https://p.upcdn.pengpengla.com/star/p/u/2017/12/24/75256bd8-072e-4f86-98c6-2a31d0083175.png,白白呀
636826.0,1514129435.0,0,3,0,0,https://p.upcdn.pengpengla.com/star/p/u/2017/12/24/1e34cf64-78b1-4842-bec2-177b60e1a4de.jpg,孟子坤💜
636996.0,1514958388.0,0,2,0,0,https://p.upcdn.pengpengla.com/star/p/u/2018/1/3/aa51922c-656d-41eb-b0d7-978f845de8ae.jpg,一山一山
637030.0,1515221542.0,0,1,0,0,https://p.upcdn.pengpengla.com/star/p/u/2018/1/6/704f4615-2bc1-4fd0-b842-02ad10f3fa81.jpg,美
637060.0,1515378060.0,0,0,0,0,https://p.upcdn.pengpengla.com/star/p/u/2018/1/8/c1e0b1ab-373a-4491-a8a8-41a9728bd032.jpg,一山是真的帅没有之一🤗
637085.0,1515499784.0,0,0,0,0,https://p.upcdn.pengpengla.com/star/p/u/2018/1/9/3bfa5207-23a0-4b5d-af09-235d47cdb048.jpg,易柏辰戴眼镜的样子真迷人😘😘😘
637101.0,1515589394.0,0,2,0,0,https://p.upcdn.pengpengla.com/star/p/u/2018/1/10/3bd1b38e-514f-4397-8937-935518c17d59.jpg,马伯骞小朋友最帅
637126.0,1515746981.0,0,3,0,0,https://p.upcdn.pengpengla.com/star/p/u/2018/1/12/9ac6abfd-767d-46a8-9e7f-ecb2d518ef84.png,我们是最可爱的小青龙！❤❤
637164.0,1515901340.0,0,13,0,0,https://p.upcdn.pengpengla.com/star/p/u/2018/1/14/fa13ccce-4b03-4724-84d7-5ee70a8fd208.gif,白我敬亭
637178.0,1515995465.0,0,6,0,0,https://p.upcdn.pengpengla.com/star/p/u/2018/1/15/449d9942-e9fa-4302-84ac-54e60cdf9108.jpg,你迷人的五官是我犯罪的开端
637197.0,1516174108.0,0,2,0,0,https://p.upcdn.pengpengla.com/star/p/u/2018/1/17/3e3c63ec-fef0-4a24-bf24-0b5238998a3f.jpg,干净的白衣少年狒狒！
637297.0,1510651328.0,0,0,0,0,http://p.upcdn.pengpengla.com/star/p/u/2017/11/14/42471a5d-dd9f-4761-8cf5-353f13a30d78.jpg,火影俊涛哈哈哈
637506.0,1510818423.0,0,2,0,0,http://p.upcdn.pengpengla.com/star/p/u/2017/11/16/1f726d52-49d6-4a5c-aba4-b0ddc82d37e3.jpg,啊！
637534.0,1510877023.0,0,4,0,0,http://p.upcdn.pengpengla.com/star/p/u/2017/11/17/1e4a0a24-5ddc-41c2-9a18-5cc9cf455681.png,鹿晗哥哥♡
637549.0,1510903761.0,0,2,0,0,http://p.upcdn.pengpengla.com/star/p/u/2017/11/17/f7a40225-e980-42eb-a5ed-58a9c8aa995b.jpg,去年万圣节🎃噶噶
637564.0,1510935204.0,0,3,0,0,http://p.upcdn.pengpengla.com/star/p/u/2017/11/18/171f5e55-0bb7-444e-8fc8-454387d638d7.png,我们不一样，饭随爱豆
637602.0,1510980524.0,0,2,1,0,http://p.upcdn.pengpengla.com/star/p/u/2017/11/18/56ba47b0-f785-4bbf-a07c-e29b9b753209.jpg,没有发饰，小辫子也超好看❤❤❤❤❤❤
637650.0,1511047890.0,0,0,0,0,http://p.upcdn.pengpengla.com/star/p/u/2017/11/19/c021125c-9035-4895-b897-53843d4273f0.jpg,萌萌哒宫政政
637656.0,1511058668.0,0,5,0,0,http://p.upcdn.pengpengla.com/star/p/u/2017/11/19/ad20b063-5939-4b3d-90d5-ba7c6c9a767b.gif,孟子坤💗
637662.0,1511072783.0,0,1,0,0,http://p.upcdn.pengpengla.com/star/p/u/2017/11/19/9727cc00-419e-41e1-877b-8f390abed947.jpg,e。。。got7完颜
637746.0,1511179358.0,0,4,0,0,http://p.upcdn.pengpengla.com/star/p/u/2017/11/20/9be4b107-bd78-4ab0-ae1d-8dc6594893a5.jpg,❤💜
637817.0,1511273144.0,0,0,0,0,http://p.upcdn.pengpengla.com/star/p/u/2017/11/21/0c120bb8-37a9-4383-9531-cc7d0377c373.jpg,华晨宇哈哈哈哈哈❤️
637823.0,1511282617.0,0,3,0,0,http://p.upcdn.pengpengla.com/star/p/u/2017/11/22/d7b8c3cb-3716-4a2c-be53-b182184d5fe2.jpg,🙈🙈🙈 #yingkongshi
637868.0,1511451015.0,0,6,1,0,http://p.upcdn.pengpengla.com/star/p/u/2017/11/23/2e914116-8ef7-4d9c-b5bb-0cbbf2864b56.jpg,马伯骞马伯骞
637888.0,1511534623.0,0,2,0,0,http://p.upcdn.pengpengla.com/star/p/u/2017/11/24/79e346da-e440-4947-b860-b14e3aad64ca.jpg,lu
637908.0,1511603946.0,0,10,0,0,http://p.upcdn.pengpengla.com/star/p/u/2017/11/25/118bb5c2-91ad-4e73-b289-68047c2b2df8.jpg,可爱极了
637923.0,1511630013.0,0,27,1,0,http://p.upcdn.pengpengla.com/star/p/u/2017/11/26/1e790a7b-0823-4981-acf8-e51cd42a1e31.jpg,源哥  你好美腻
637956.0,1511713203.0,0,6,0,0,http://p.upcdn.pengpengla.com/star/p/u/2017/11/27/e31f9a1b-06f7-4f0d-b9b3-f50d21932fc4.jpg,没找到发饰，发几张图好了
637994.0,1511765272.0,0,23,0,0,http://p.upcdn.pengpengla.com/star/p/u/2017/11/27/08b183b4-5f0b-4aad-b5db-435cb51f4a80.png,咋截咋好看
638036.0,1511803332.0,0,4,0,0,http://p.upcdn.pengpengla.com/star/p/u/2017/11/28/8ad9e026-24fe-4d02-91fe-74077660f8b1.jpg,葛格萌萌哒!
638056.0,1511838947.0,0,10,2,0,http://p.upcdn.pengpengla.com/star/p/u/2017/11/28/db875fef-3bd9-4be9-994b-3f49605ec169.jpg,萌死你，怕不怕😂😂😂
638117.0,1512139886.0,0,1,0,0,http://p.upcdn.pengpengla.com/star/p/u/2017/12/1/350bfe4f-2d70-4636-a636-605a9365b003.jpg,魏巡
638127.0,1512178689.0,0,2,0,0,http://p.upcdn.pengpengla.com/star/p/u/2017/12/2/482f4746-7ab5-4a05-bc4f-38876614cc74.jpg,颖
638134.0,1512209487.0,0,9,0,0,http://p.upcdn.pengpengla.com/star/p/u/2017/12/2/dad9c503-cf65-4b13-8c68-27769e73d269.jpg,烊烊，肥鹤想和地板交换人生可不可以吖😌😌
638141.0,1512223585.0,0,2,0,0,http://p.upcdn.pengpengla.com/star/p/u/2017/12/2/66d7471f-1ad5-406a-98d0-0b21a223f28a.jpg,小皇子
638151.0,1512271935.0,0,13,0,0,http://p.upcdn.pengpengla.com/star/p/u/2017/12/3/ac9555b1-0054-486d-bcc5-3e3315c0878f.jpg,谁还不是个小仙男了😘
638240.0,1512389803.0,0,1,0,0,http://p.upcdn.pengpengla.com/star/p/u/2017/12/4/dfa2540d-8cb1-4cb6-985e-b36b2e4a7ac1.jpg,呵呵
638324.0,1512811562.0,0,7,0,0,https://p.upcdn.pengpengla.com/star/p/u/2017/12/9/6b087140-d04b-4e10-9a40-cdcd165a442f.jpg,麻將/四葉草，老胡那張，我說那是髮飾他就是髮飾（傲嬌臉n四只都好帥啊~
638336.0,1512887111.0,0,15,0,0,https://p.upcdn.pengpengla.com/star/p/u/2017/12/10/39f134bd-d4c5-4970-9c20-b43813ebddaa.jpg,世界最萌😂😂
638386.0,1513430480.0,0,2,0,0,https://p.upcdn.pengpengla.com/star/p/u/2017/12/16/d0076b89-13f2-4240-8fcb-ce2fb4eb45bb.jpg,小狮子V啊 
638405.0,1513575518.0,0,0,0,0,https://p.upcdn.pengpengla.com/star/p/u/2017/12/18/ece326ca-a3be-41e2-9233-739f25380798.jpg,最…萌（猛）发饰？
638410.0,1513653748.0,0,24,1,0,https://p.upcdn.pengpengla.com/star/p/u/2017/12/19/fa9e6509-c1b2-4291-b488-188e36406da9.jpg,😘
638442.0,1513953705.0,0,35,0,1,https://p.upcdn.pengpengla.com/star/p/u/2017/12/22/c0b062f1-1eb6-4695-8830-71b373fba7d0.png,超可爱☺
638513.0,1514600983.0,0,0,0,0,https://p.upcdn.pengpengla.com/star/p/u/2017/12/30/2968eb26-324f-46f6-9943-af43ebbb04bf.jpg,spexial-林子闳
638531.0,1514735105.0,0,0,1,0,https://p.upcdn.pengpengla.com/star/p/u/2017/12/31/6b23f9b4-bdbd-4ad5-b307-cb5b8a49e2e1.jpg,帽子不要太可爱哦
638543.0,1514797258.0,0,2,0,0,https://p.upcdn.pengpengla.com/star/p/u/2018/1/1/93c3e282-febb-41ff-8376-a43353ca755f.gif,可爱
638546.0,1514807809.0,0,58,0,0,https://p.upcdn.pengpengla.com/star/p/u/2018/1/1/3f574f5f-c342-47db-8ec2-ad2eb2056ac3.jpg,哈哈哈哈烊
638556.0,1514958461.0,0,4,0,0,https://p.upcdn.pengpengla.com/star/p/u/2018/1/3/7e2554a9-cd33-4074-b7ff-b19d92510f35.jpg,莫晓娜💓
638679.0,1515427276.0,56042,8,0,0,https://p.upcdn.pengpengla.com/star/p/u/2018/1/8/6ad32b4c-be0b-431b-8a61-8d80389c438f.jpg,明日之子南京巡演n2017-11-04nCR:钟易轩全球后援会
638711.0,1511765620.0,185382,437,11,8,http://p.upcdn.pengpengla.com/star/p/u/2017/11/27/6fe8cdf5-a90a-457c-8087-82b188a781fa.jpg,「超级私房照」毛不易の私房照
638726.0,1511623240.0,185382,370,2,5,http://p.upcdn.pengpengla.com/star/p/u/2017/11/25/f47142c2-bde1-454d-8bc3-fd1831df65f0.jpg,170923 明日之子 总决赛 冠军之夜
638780.0,1515426255.0,184093,27,0,0,https://p.upcdn.pengpengla.com/star/p/u/2018/1/8/65f9448c-c474-4d13-9810-c63a2a6aeb9c.jpg,2018明日之子全国巡回演唱会重庆站r2018-01-05 19:30
638876.0,1510110611.0,0,0,0,0,http://p.upcdn.pengpengla.com/star/p/u/2017/11/8/014365ba-453a-440b-aaf9-b050167ad131.jpg,💙
638904.0,1510117390.0,0,1,0,0,http://p.upcdn.pengpengla.com/star/p/u/2017/11/8/ca85f41b-3e99-462f-9a13-6a649a9821fc.jpg,他啊～
638922.0,1510118928.0,0,154,0,0,http://p.upcdn.pengpengla.com/star/p/u/2017/11/8/b13ecbe6-75a8-4bbb-adc5-a0a6da6c132b.jpg,小凯
638927.0,1510119699.0,0,3,0,0,http://p.upcdn.pengpengla.com/star/p/u/2017/11/8/9b435d09-0223-4a4f-9a0a-38c46ac59b1d.jpg,丁程鑫！！！我的宝贝啊～
638933.0,1510121374.0,0,8,0,0,http://p.upcdn.pengpengla.com/star/p/u/2017/11/8/5e24a22f-4525-49dc-8f3f-417261006e24.png,简直是太美了
638943.0,1510124920.0,0,0,0,0,http://p.upcdn.pengpengla.com/star/p/u/2017/11/8/109f35c0-ccfd-47b6-b249-2d8e0cea1941.jpg,杨烁啊
638975.0,1510135737.0,0,0,0,0,http://p.upcdn.pengpengla.com/star/p/u/2017/11/8/0cc8380f-08b8-4cfb-a9e8-288cbbb9c532.jpg,当然是亲爱的伦儿！n《欢乐喜剧人》认识了他，《羞羞的铁拳》被你深深圈粉了，还是圈的不要不要的！
638990.0,1510139730.0,0,0,0,0,http://p.upcdn.pengpengla.com/star/p/u/2017/11/8/a6cd91f8-e696-48af-a064-d2b51eba6043.jpg,我帅帅的老万
639063.0,1510155694.0,0,0,0,0,http://p.upcdn.pengpengla.com/star/p/u/2017/11/8/4122ebf6-7a15-4e99-8c65-367578eee1ae.jpg,孟子坤呐
639080.0,1510159750.0,0,0,0,0,http://p.upcdn.pengpengla.com/star/p/u/2017/11/9/a8b99048-4356-4ca2-939b-8c36c24a174d.jpg,当然我宇
639109.0,1510187496.0,0,0,0,0,http://p.upcdn.pengpengla.com/star/p/u/2017/11/9/587756f4-fba1-4492-ac07-872ae3489472.jpg,当然是小祖宗啦
639130.0,1510191397.0,0,4,0,0,http://p.upcdn.pengpengla.com/star/p/u/2017/11/9/7399c10a-cf8e-4db0-9a6e-358e8c13b9e9.jpg,为了这个傻崽崽
639135.0,1510191673.0,0,1,0,0,http://p.upcdn.pengpengla.com/star/p/u/2017/11/9/d530d862-214f-4ecb-b80c-d9989649ae4a.jpg,wuli傲娇宝宝郭子凡
639144.0,1510195074.0,0,8,0,0,http://p.upcdn.pengpengla.com/star/p/u/2017/11/9/77cd8245-ee2f-45d6-9ce3-f2806f781c60.jpg,周震南和魏晨啊😊
639195.0,1510212128.0,0,0,0,0,http://p.upcdn.pengpengla.com/star/p/u/2017/11/9/65ce76c3-016f-4706-96fd-80c6af2a6ba3.jpg,我尧哥
639197.0,1510212662.0,0,0,0,0,http://p.upcdn.pengpengla.com/star/p/u/2017/11/9/d578cfd2-d1fd-4070-83ef-72b5626c1cdf.jpg,她叫黄汐源！[愉快]n她努力追梦，辛苦赚钱养梦！n对待粉丝像家人朋友特别暖心！[爱心]n她刚刚出了新专辑，特别棒的音乐🎵n希望朋友们多多支持，买个专辑听一下！n【Rita黄汐源全新专辑《半明半暗》】http://t.xrq7.com/h.vebP9q 点击链接，再选择浏览器打开；或复制这条信息￥RR7U0TpXTXm￥后打开👉手淘👈
639258.0,1510229689.0,0,9,0,0,http://p.upcdn.pengpengla.com/star/p/u/2017/11/9/4438cb78-35e4-4ac6-a57d-dbcbb4a6b863.jpg,我们大哥❤
639284.0,1510234340.0,0,8,0,0,http://p.upcdn.pengpengla.com/star/p/u/2017/11/9/499a6551-0ad3-4307-b213-6cf93aebbec6.jpg,周震南💙💙💙原创歌手，请多关注#我为周震南开启关注位#
639329.0,1510244371.0,0,25,0,0,http://p.upcdn.pengpengla.com/star/p/u/2017/11/10/f372745d-d8f9-47d6-9455-ec820e348e2f.jpg,当时死活不愿意多下载一个软件，现在为了老毛，我愿意。
639331.0,1510245499.0,0,1,0,0,http://p.upcdn.pengpengla.com/star/p/u/2017/11/10/56f0e583-8354-43f4-aa15-1748fd0d32d0.jpg,孟子坤孟子坤，为你疯狂打call
639418.0,1510279336.0,0,1,0,0,http://p.upcdn.pengpengla.com/star/p/u/2017/11/10/4012b494-4c0d-4f29-b07e-2957fca3d9db.jpg,2018路无止境n最爱的仍是你
639445.0,1510283458.0,0,8,0,0,http://p.upcdn.pengpengla.com/star/p/u/2017/11/10/6d0252e1-6535-49ce-8d35-2bd087b1cead.jpg,唯爱梓淇💜💜💜💜
639460.0,1510286662.0,0,0,0,0,http://p.upcdn.pengpengla.com/star/p/u/2017/11/10/8e769642-811c-49a8-b94d-268443b7a167.jpg,我想拍下全世界，送给你
639493.0,1510293880.0,0,2,0,0,http://p.upcdn.pengpengla.com/star/p/u/2017/11/10/be62e722-b141-4e67-ae21-0c42967c6949.jpg,魏巡
639540.0,1510296613.0,0,1,0,0,http://p.upcdn.pengpengla.com/star/p/u/2017/11/10/0eca8f2b-1808-4403-b8c7-44774df44673.png,wuli才（黄靖翔）😍😘😘
639553.0,1510301465.0,0,1,0,0,http://p.upcdn.pengpengla.com/star/p/u/2017/11/10/52bc5349-d671-499f-a63b-23d43e304d81.jpg,毛不易吖
639563.0,1510303456.0,0,10,0,0,http://p.upcdn.pengpengla.com/star/p/u/2017/11/10/1bb05646-0d85-46b8-97eb-6aca8d088d8d.jpg,当然是我家坤坤啊
639567.0,1510304538.0,0,0,0,0,http://p.upcdn.pengpengla.com/star/p/u/2017/11/10/46cac190-a753-42f6-a4b3-c19dbad3944f.jpg,emmmmmm，边白白吖
639582.0,1510310073.0,0,6,0,0,http://p.upcdn.pengpengla.com/star/p/u/2017/11/10/0f4cba2a-3df0-4b60-8bc4-d620ea369570.jpg,老薛，最棒
639623.0,1510326450.0,0,1,0,0,http://p.upcdn.pengpengla.com/star/p/u/2017/11/10/a21c6206-4fd8-428a-8f85-a361af78b054.jpg,Best wishes to you n日常表白周震南
639638.0,1510332173.0,0,1,0,0,http://p.upcdn.pengpengla.com/star/p/u/2017/11/11/9f389bbe-c144-488e-a278-f67d4de5a568.png,必须是我家万万啊！
639639.0,1510332452.0,0,1,0,0,http://p.upcdn.pengpengla.com/star/p/u/2017/11/11/0ff04110-fb2d-4fda-afc1-1b57ba61a756.jpg,这必须是我们的可爱尧！！！💜
639681.0,1510363959.0,0,2,0,0,http://p.upcdn.pengpengla.com/star/p/u/2017/11/11/17405200-c33f-4a11-83bf-b098029950ae.jpg,孟爷和轩轩♡
639690.0,1510367816.0,0,1,0,0,http://p.upcdn.pengpengla.com/star/p/u/2017/11/11/72c5feaf-de95-4d62-96b2-9676133684b3.gif,伍伍伍伍伍伍伍伍~😘😘😘
639691.0,1510367966.0,0,90,4,1,http://p.upcdn.pengpengla.com/star/p/u/2017/11/11/8ed21153-a658-4702-95ee-f84a3c682f2c.jpg,冠军被大魔王内定了💜
639732.0,1510381594.0,0,1,0,0,http://p.upcdn.pengpengla.com/star/p/u/2017/11/11/0a3f7224-3ca0-4590-82b5-6b2480b29aff.jpg,丑男人...😘😘😘
639751.0,1510388169.0,0,6,0,0,http://p.upcdn.pengpengla.com/star/p/u/2017/11/11/a94693f7-d51d-4ea3-ba6d-0d18eed783fe.jpg,朗朗乾坤唯孟独尊当然是我们最霸气的孟爷了
639765.0,1510390807.0,0,5,0,0,http://p.upcdn.pengpengla.com/star/p/u/2017/11/11/5a5c210a-2882-4d15-9709-594e8919bf32.jpg,嘿嘿我啵我签证我老薛
639782.0,1510395157.0,0,4,0,0,http://p.upcdn.pengpengla.com/star/p/u/2017/11/11/3ab6caca-0960-4057-9556-02567933513e.jpg,汪苏泷呀
639861.0,1510418746.0,0,3,0,0,http://p.upcdn.pengpengla.com/star/p/u/2017/11/12/ddc82da7-1921-4c85-aa6d-d724f23941a0.jpg,我的大魔王
639862.0,1510419031.0,0,3,0,0,http://p.upcdn.pengpengla.com/star/p/u/2017/11/12/82c5ded5-f19c-45f3-9675-7151e14d833d.jpg,孟子坤💜
639903.0,1510455405.0,0,2,0,0,http://p.upcdn.pengpengla.com/star/p/u/2017/11/12/71ecda75-90ca-4043-ab40-111f52fecbb1.jpg,当然是我薛啊
639913.0,1510457731.0,0,2,0,0,http://p.upcdn.pengpengla.com/star/p/u/2017/11/12/baac8b35-dd85-4ce2-b313-7402cbd200c3.jpg,必须是老薛
639971.0,1510472570.0,0,2,0,0,http://p.upcdn.pengpengla.com/star/p/u/2017/11/12/7225789b-69f6-431e-8ac2-74a439f2c1ba.jpg,孟子坤
640006.0,1510482047.0,0,1,0,0,http://p.upcdn.pengpengla.com/star/p/u/2017/11/12/4a5fe046-10fa-445f-ba87-842a7c83793d.jpg,峰峰❤❤❤
640076.0,1510497906.0,0,2,0,0,http://p.upcdn.pengpengla.com/star/p/u/2017/11/12/457135dd-0559-4641-bf2f-edaf52afc231.jpg,阳光帅气加呆萌（还有点小腹黑）😄
640114.0,1510531097.0,0,1,0,0,http://p.upcdn.pengpengla.com/star/p/u/2017/11/13/fe55114d-72b4-45c1-aba7-3c7f58fec156.jpg,你消失的第五天我很想你，依旧在这里乖乖等你
640158.0,1510551309.0,0,1,0,0,http://p.upcdn.pengpengla.com/star/p/u/2017/11/13/2eda1f72-765b-4393-8e6b-9086c3bd0cf0.jpg,好看看啊看
640161.0,1510552443.0,0,65,0,0,http://p.upcdn.pengpengla.com/star/p/u/2017/11/13/48fbba90-efca-49b8-831d-bc57abca6e96.jpg,破晓为白，时雨为澍n@白澍白澍
640204.0,1510572694.0,0,0,0,0,http://p.upcdn.pengpengla.com/star/p/u/2017/11/13/84a8fac7-4d0b-4dcc-8cbe-e5abdaeb3f05.jpg,他
640220.0,1510579407.0,0,1,0,0,http://p.upcdn.pengpengla.com/star/p/u/2017/11/13/5ae50d8f-e6a8-419c-960a-564b1c2058e7.jpg,❤❤❤
640234.0,1510581001.0,0,3,0,0,http://p.upcdn.pengpengla.com/star/p/u/2017/11/13/b8ca2cb7-c31f-4462-a36e-bb28036fe293.jpg,高贵的一家三口
640240.0,1510581888.0,0,4,0,0,http://p.upcdn.pengpengla.com/star/p/u/2017/11/13/7b2f31bb-af6b-4fbd-8742-9384b9f12c79.jpg,胖谦
640324.0,1510634965.0,0,1,0,0,http://p.upcdn.pengpengla.com/star/p/u/2017/11/14/4140a8b7-cfe9-4222-b709-76cb90a8dec9.png,我们的吕鋆峰
640325.0,1510635455.0,0,0,0,0,http://p.upcdn.pengpengla.com/star/p/u/2017/11/14/6cdade51-af7e-4162-87a1-8fe0ad65778c.jpg,为了这三位美女
640380.0,1510657766.0,0,0,0,0,http://p.upcdn.pengpengla.com/star/p/u/2017/11/14/44b8f74b-bff0-4dca-a8cb-53d50ed94f55.jpg,漂亮的你♥@-王楚然-
640402.0,1510669886.0,0,9,0,0,http://p.upcdn.pengpengla.com/star/p/u/2017/11/14/49eb4958-c722-46b0-9da0-1b7707bd4292.jpg,淇实很幸韵💖
640417.0,1510675872.0,0,0,0,0,http://p.upcdn.pengpengla.com/star/p/u/2017/11/15/64d5bdb1-4ca0-4036-b2de-4b8ba751bf95.jpg,唯一的特别关注 周震南～
640420.0,1510676824.0,0,0,0,0,http://p.upcdn.pengpengla.com/star/p/u/2017/11/15/c0ecd746-67ec-4256-a089-29389fde18d4.jpg,只为tt
640455.0,1510721722.0,0,1,0,0,http://p.upcdn.pengpengla.com/star/p/u/2017/11/15/eac4cf98-cacc-433e-92ef-7d4017ea0c35.jpg,花花花花花花花花花花花花花花花花花花花花！
640506.0,1510751704.0,0,2,0,0,http://p.upcdn.pengpengla.com/star/p/u/2017/11/15/af368dd6-1e1f-4991-a4f3-34abd4e44a0d.jpg,老胡，为你打call
640515.0,1510755334.0,0,1,0,0,http://p.upcdn.pengpengla.com/star/p/u/2017/11/15/de7ebe09-db4e-4b05-ba6c-140a3ca96987.jpg,当然是任嘉伦宝宝啊
640520.0,1510759659.0,0,1,0,0,http://p.upcdn.pengpengla.com/star/p/u/2017/11/15/bebc70cc-01d4-4fb1-81fd-289be07465e3.jpg,嗯嗯
640533.0,1510765978.0,0,2,0,0,http://p.upcdn.pengpengla.com/star/p/u/2017/11/16/7c878dd6-9e5a-4982-a417-2efe9472035f.png,因为查杰😍
640555.0,1510797087.0,0,1,0,0,http://p.upcdn.pengpengla.com/star/p/u/2017/11/16/927f7bec-af2e-468d-8a31-8679aa1a985c.jpg,就是这位………
640651.0,1510877286.0,0,4,0,0,http://p.upcdn.pengpengla.com/star/p/u/2017/11/17/43dbec21-49d4-4354-98cb-8add12a6058b.jpg,为我王总打call@王博文小白
640683.0,1510896591.0,0,8,0,0,http://p.upcdn.pengpengla.com/star/p/u/2017/11/17/33aafcb0-4409-40bf-a15e-c9dd8f23aa0c.jpg,周震南啊
640692.0,1510906837.0,0,0,0,0,http://p.upcdn.pengpengla.com/star/p/u/2017/11/17/754a9870-7f64-4977-8edf-759d75bec971.jpg,当然是为了本命汪东城啦❤
640693.0,1510907320.0,0,2,0,0,http://p.upcdn.pengpengla.com/star/p/u/2017/11/17/be065e2e-b872-4dc2-b613-a4efa9de4996.jpg,王。👑
640705.0,1510918564.0,0,2,0,0,http://p.upcdn.pengpengla.com/star/p/u/2017/11/17/777aeecf-c84f-4950-a362-48d43253c4d7.jpg,我们家马嘉祺弟弟
640737.0,1510962413.0,0,1,0,0,http://p.upcdn.pengpengla.com/star/p/u/2017/11/18/9c92c21c-76e9-4d92-b4a1-6a96197f317a.jpg,嘿嘿
640780.0,1510985838.0,0,1,0,0,http://p.upcdn.pengpengla.com/star/p/u/2017/11/18/869d1e0e-7672-464b-9ee9-f22a890f7557.jpg,ﾍ(･_|
640814.0,1511014441.0,0,0,0,0,http://p.upcdn.pengpengla.com/star/p/u/2017/11/18/3e3e81e3-b203-4dfc-82c7-bb3289fe7eae.jpg,是他是他就是他
640818.0,1511017575.0,0,2,0,0,http://p.upcdn.pengpengla.com/star/p/u/2017/11/18/8ea5cf1c-ef7b-4886-9e0d-f996484e927f.jpg,当然是我家欣尧啦
640820.0,1511018863.0,0,1,0,0,http://p.upcdn.pengpengla.com/star/p/u/2017/11/18/c797747b-c1df-467f-9dbf-ba1f51856bda.jpg,当然是wuli熊老师啦！
640846.0,1511061163.0,0,1,0,0,http://p.upcdn.pengpengla.com/star/p/u/2017/11/19/6b90d543-60a4-4ac9-8ca3-86420b86a17c.jpg,我们什么都会
640861.0,1511070859.0,0,1,0,0,http://p.upcdn.pengpengla.com/star/p/u/2017/11/19/6950eb6f-3e7f-4173-a95e-319c91b8068f.jpg,n
640873.0,1511082594.0,0,3,0,0,http://p.upcdn.pengpengla.com/star/p/u/2017/11/19/ffa2b127-a2de-44ec-a9ad-639548611ec2.jpg,周震南震四方，南极星永不荒
640949.0,1511193260.0,0,1,0,0,http://p.upcdn.pengpengla.com/star/p/u/2017/11/20/76505dba-aee7-46c2-9803-6dabff7e5c0d.png,凯源
641006.0,1511337872.0,0,3,0,0,http://p.upcdn.pengpengla.com/star/p/u/2017/11/22/f4c96f14-d163-4154-a4e7-25d5e0eb584e.png,最好的赵天宇
641034.0,1511401830.0,0,3,0,0,http://p.upcdn.pengpengla.com/star/p/u/2017/11/23/6e8e1feb-bccd-4aca-aba1-2863e4508a08.jpg,邱勝翊loveyou
641077.0,1511527313.0,0,5,0,0,http://p.upcdn.pengpengla.com/star/p/u/2017/11/24/1816ddc3-49d3-4c05-bc83-6240f1554301.jpg,我源哥
641080.0,1511531212.0,0,2,0,0,http://p.upcdn.pengpengla.com/star/p/u/2017/11/24/6bc6d941-8bcb-45d8-8ad0-20a79bd7e743.jpg,当然是老胡
641089.0,1511540575.0,0,1,0,0,http://p.upcdn.pengpengla.com/star/p/u/2017/11/25/5679e9dd-bf51-4337-8188-59334971ebed.jpg,他的笑容他的人品是我最喜欢的原因，希望这个优秀的少年能够拥有更好的人生
641098.0,1511573123.0,0,1,0,0,http://p.upcdn.pengpengla.com/star/p/u/2017/11/25/4df7cbba-1d2b-4778-be3e-5cada8f5278f.jpg,李现
641123.0,1511602657.0,0,0,0,0,http://p.upcdn.pengpengla.com/star/p/u/2017/11/25/ef0fd007-fc02-4dda-a9fa-e709b98d6797.jpg,多情不滥情  世故不世俗  红花会牛逼  丁飞
641169.0,1511677524.0,0,5,0,0,http://p.upcdn.pengpengla.com/star/p/u/2017/11/26/c82fdb4e-ef6a-44e4-a4ba-d64f5f7738a4.jpg,朱戬
641192.0,1511706390.0,0,2,0,0,http://p.upcdn.pengpengla.com/star/p/u/2017/11/26/33767a44-84e4-4f3b-9ed5-fabefb453834.jpg,我家玺子哥眼睛里藏了一片星空✨
641193.0,1511709389.0,0,0,0,0,http://p.upcdn.pengpengla.com/star/p/u/2017/11/26/897f2727-9bd7-4502-bf8c-44b8515f8b1b.png,赵天宇，就是你！
641255.0,1511859462.0,0,3,0,0,http://p.upcdn.pengpengla.com/star/p/u/2017/11/28/a5098670-4a4e-4cbf-9235-dd20c60600be.jpg,赵天宇
641282.0,1511929532.0,0,8,0,0,http://p.upcdn.pengpengla.com/star/p/u/2017/11/29/a7881e91-d16d-4b48-8e6f-ffd87a4c8e65.jpg,六班胡一天
641620.0,1512812803.0,0,1,0,0,https://p.upcdn.pengpengla.com/star/p/u/2017/12/9/cd01a9ea-20aa-467c-bddb-88536b11f119.jpg,认识了他以后……反正下辈子你还叫易烊千玺，我们还叫千纸鹤
641637.0,1512870052.0,0,3,0,0,https://p.upcdn.pengpengla.com/star/p/u/2017/12/10/5ab6a8e7-71e6-4bc1-9132-12d8f4089a50.jpg,爱千，凯，洋❤
641645.0,1512890486.0,0,1,0,0,https://p.upcdn.pengpengla.com/star/p/u/2017/12/10/3cecf2bc-65a3-4a2c-b839-41b376a09879.jpg,帅气的王总和少爷💗💗
641733.0,1512952351.0,0,0,0,0,https://p.upcdn.pengpengla.com/star/p/u/2017/12/11/2dd7e566-c197-4359-849b-6083bbed1daf.jpg,帅戚迹啊😘😘😘
641762.0,1512957045.0,0,6,0,0,https://p.upcdn.pengpengla.com/star/p/u/2017/12/11/54a4c063-8f1f-4838-a54a-c670a3833ba9.jpg,李宇春
641795.0,1512960776.0,0,5,0,0,https://p.upcdn.pengpengla.com/star/p/u/2017/12/11/17120221-b07f-48b9-ab7b-d429d9c0f7c5.jpg,高至霆高至霆高至霆，重要的事情说三遍🙋🏻🙋🏻
641870.0,1512978086.0,0,6,0,0,https://p.upcdn.pengpengla.com/star/p/u/2017/12/11/a83703e0-4329-4cc0-bec8-5727e5d5e604.gif,遇到你所有星星都落到我头上❤
641897.0,1512984931.0,0,20,0,0,https://p.upcdn.pengpengla.com/star/p/u/2017/12/11/b32fdc00-4826-45d3-9996-4a26750c9478.jpg,除了胡一天还能有谁吸引我的关注
641935.0,1512998241.0,0,5,0,0,https://p.upcdn.pengpengla.com/star/p/u/2017/12/11/8e109325-f5a4-4bae-a9bd-3ce4659cf6b8.jpg,三小只～
641943.0,1513000440.0,0,12,1,0,https://p.upcdn.pengpengla.com/star/p/u/2017/12/11/ea99228b-79a8-444b-91bf-6c98c28eeda8.jpg,20几年第一次认真的追一个人(๑-﹏-๑)
641952.0,1513001950.0,0,6,0,0,https://p.upcdn.pengpengla.com/star/p/u/2017/12/11/39471a7f-df9e-4e7f-b330-8e0c3dd0c309.jpg,万万
642041.0,1513140195.0,0,2,0,0,https://p.upcdn.pengpengla.com/star/p/u/2017/12/13/efe675fe-a87d-44d0-86ca-e4d486c60da1.gif,这位小可爱
642047.0,1513160710.0,0,2,0,0,https://p.upcdn.pengpengla.com/star/p/u/2017/12/13/3712653e-3fa6-4e41-8292-f4f924266e38.jpg,坤~
642082.0,1513316919.0,0,1,0,0,https://p.upcdn.pengpengla.com/star/p/u/2017/12/15/ed879494-dd74-4b50-853a-f20db3573177.jpg,Lee Joon Gi
642089.0,1513348850.0,0,10,0,0,https://p.upcdn.pengpengla.com/star/p/u/2017/12/15/e53c42ee-3f40-4817-92a4-0cf46ec4f72b.jpg,超好看的白敬亭呀！
642149.0,1513604891.0,0,13,1,0,https://p.upcdn.pengpengla.com/star/p/u/2017/12/18/75b30d1f-fc47-49d0-95b8-cb29d8834de3.jpg,是很酷的易烊千玺了！
642173.0,1513679939.0,0,7,0,0,https://p.upcdn.pengpengla.com/star/p/u/2017/12/19/757e93e9-b546-4d74-8543-6d765d86aab0.jpg,为永远坚持自己理想的三小只开通了关注位❤️n愿世界善待你们😘n十年之约一起走❤️
642188.0,1513702029.0,0,2,0,0,https://p.upcdn.pengpengla.com/star/p/u/2017/12/20/ae20285d-0452-4ecb-8412-a7185a797d9d.jpg,为孟爷下载的软件
642199.0,1513737953.0,0,4,0,0,https://p.upcdn.pengpengla.com/star/p/u/2017/12/20/4fa03854-0c60-44a8-bc5c-02f74eac3f77.jpg,白敬亭白敬亭白敬亭
642229.0,1513823684.0,0,0,0,0,https://p.upcdn.pengpengla.com/star/p/u/2017/12/21/1f2e351a-aa73-47ba-9222-7ee2af76cce8.jpg,他
642372.0,1514477989.0,0,3,0,2,https://p.upcdn.pengpengla.com/star/p/u/2017/12/29/6fcda3d2-a219-44c5-ba9b-c9d2b4dfe3bb.png,戴景耀
642385.0,1514613463.0,0,5,0,0,https://p.upcdn.pengpengla.com/star/p/u/2017/12/30/616e45b1-3344-499e-b67e-291dddadff1b.jpg,帅
642413.0,1514722930.0,0,4,0,0,https://p.upcdn.pengpengla.com/star/p/u/2017/12/31/a0518fe4-27b9-47f8-8027-8038c506745c.jpg,源哥，老胡，大佬❤❤❤
642470.0,1514973260.0,0,2,0,0,https://p.upcdn.pengpengla.com/star/p/u/2018/1/3/c86a23f0-1966-41e9-b8bd-136985d2c67e.jpg,当然是美鼻啦！♥️
642482.0,1515070870.0,0,3,0,0,https://p.upcdn.pengpengla.com/star/p/u/2018/1/4/009c59d7-0501-4ac9-96e5-0f2026ef39f4.jpg,谦谦❤
642497.0,1515168378.0,0,0,0,0,https://p.upcdn.pengpengla.com/star/p/u/2018/1/6/db3795d0-4041-4231-b20e-8886365634d6.jpg,帅帅帅
642511.0,1515237490.0,0,2,0,0,https://p.upcdn.pengpengla.com/star/p/u/2018/1/6/7e8611ba-f456-48bd-8cdc-02801e9fbeaf.jpg,好帅
642534.0,1515326868.0,0,1,0,0,https://p.upcdn.pengpengla.com/star/p/u/2018/1/7/c28aa9f0-133a-441d-b70f-acc9bd91e40b.jpg,哈哈哈哈哈哈哈哈哈哈哈哈嗝n这个笑，哈哈哈哈哈哈这个脸哈哈哈哈哈哈这个肉哈哈哈哈哈哈，笑死我了（别打我我是真爱粉）
642566.0,1515554615.0,0,0,0,0,https://p.upcdn.pengpengla.com/star/p/u/2018/1/10/51493102-2221-48dd-8367-34b1433e05d0.jpg,必须是我家最帅气的权志龙啊！！！
642596.0,1515763553.0,0,1,0,0,https://p.upcdn.pengpengla.com/star/p/u/2018/1/12/2032dad3-35c5-402d-9f7d-b3a931cbbbd8.jpg,当然是我胡天天啦❤️
642614.0,1515853161.0,0,6,1,0,https://p.upcdn.pengpengla.com/star/p/u/2018/1/13/0602fb49-f185-48c8-8570-4ae16b0efc29.jpg,♡
642636.0,1515945283.0,0,1,0,0,https://p.upcdn.pengpengla.com/star/p/u/2018/1/14/b1466f84-bd08-4426-96d4-89c17b9bc89c.jpg,毛不易❤
642652.0,1516076991.0,0,9,0,0,https://p.upcdn.pengpengla.com/star/p/u/2018/1/16/4f04276a-918c-4f5d-af7a-2f0b06f87c89.jpg,你……们呀
642688.0,1511850001.0,0,0,0,0,http://p.upcdn.pengpengla.com/star/p/u/2017/11/28/5a69cd63-3ffd-4e9a-a88d-3e70bcd5fe32.jpg,他的确没有惊心动魄的帅，但在我心里他帅的不可万物@林俊杰
642708.0,1511151817.0,0,0,0,0,http://p.upcdn.pengpengla.com/star/p/u/2017/11/20/02f26988-46e0-444c-9cbd-8a51acb236c9.jpg,帅😍
642785.0,1510395528.0,0,2,0,0,http://p.upcdn.pengpengla.com/star/p/u/2017/11/11/40219584-88fa-4395-9582-0172c7a64a27.jpg,凡先生😘🔥
642851.0,1510037443.0,0,1,0,0,http://p.upcdn.pengpengla.com/star/p/u/2017/11/7/53117334-89f4-4a58-97d4-06e46d1deb04.jpg,颜值很高的郭子凡小哥哥好😍😍😍
642859.0,1510037830.0,0,1,0,0,http://p.upcdn.pengpengla.com/star/p/u/2017/11/7/4e27891f-115a-40dd-84d3-1f25c612de9a.jpg,长长的睫毛和高挺的鼻梁【郭子凡】
642910.0,1510066240.0,0,2,0,0,http://p.upcdn.pengpengla.com/star/p/u/2017/11/7/0005751f-7f79-4953-9955-78ec144ce24e.jpg,张艺兴
642912.0,1510635556.0,0,1,0,0,http://p.upcdn.pengpengla.com/star/p/u/2017/11/14/dcb85455-59b4-48d3-9514-b5fa9fc9ae1b.jpg,赵嘉敏
642931.0,1510276213.0,0,1,0,0,http://p.upcdn.pengpengla.com/star/p/u/2017/11/10/9b2e2e99-0bbe-4b3f-9bbd-72acae023bf3.jpg,感受一下杨洋林动的侧颜😘
642985.0,1510479886.0,0,0,0,0,http://p.upcdn.pengpengla.com/star/p/u/2017/11/12/a262f623-c274-45af-a05d-03492538ecc3.jpg,帅就一个字，我要说好多好多次。qvq
643027.0,1510368277.0,0,0,0,0,http://p.upcdn.pengpengla.com/star/p/u/2017/11/11/64638c87-d6ad-4789-85a5-bdfcae4c0c3c.jpg,#陈伟霆#为霆霆打call！
643038.0,1510036105.0,0,0,0,0,http://p.upcdn.pengpengla.com/star/p/u/2017/11/7/9cf67773-5b7c-4287-b177-836d1cf95c1c.jpg,这侧脸这颜值😈
643051.0,1510125182.0,0,0,0,0,http://p.upcdn.pengpengla.com/star/p/u/2017/11/8/110c6eea-90bf-4da2-ae81-a940332f9af9.jpg,*扣😊😊😊
643106.0,1510879765.0,0,2,0,0,http://p.upcdn.pengpengla.com/star/p/u/2017/11/17/4607539c-6761-4cd5-8ef9-955792e89096.jpg,🐯
643115.0,1510044767.0,0,1,0,0,http://p.upcdn.pengpengla.com/star/p/u/2017/11/7/18a3673b-2b02-4e81-a6fb-1b0849d1d327.jpg,😘
643122.0,1510416408.0,0,2,0,0,http://p.upcdn.pengpengla.com/star/p/u/2017/11/12/1afb669e-1938-4629-af3f-f8197b531cb5.jpg,我们小王子好帅呀！
643125.0,1510236906.0,0,0,0,0,http://p.upcdn.pengpengla.com/star/p/u/2017/11/9/089e28b1-4ec0-4e9d-8db3-6683ee7cfe1c.jpg,吕鋆峰！！！
643188.0,1511166927.0,0,0,0,0,http://p.upcdn.pengpengla.com/star/p/u/2017/11/20/b60d20bb-6ada-4f5f-baa5-8d7dfc3de35e.jpg,挠痒痒的望哥
643286.0,1511409762.0,0,2,0,0,http://p.upcdn.pengpengla.com/star/p/u/2017/11/23/0b5cb00c-489e-442e-b342-8de0fc646123.jpg,张艺兴可以说是特别好看了
643306.0,1510560472.0,0,1,0,0,http://p.upcdn.pengpengla.com/star/p/u/2017/11/13/19a94407-efc3-44c3-8740-06c779bfff68.jpg,🌝🌝🌝
643335.0,1510153377.0,0,0,0,0,http://p.upcdn.pengpengla.com/star/p/u/2017/11/8/2a929fab-eb84-4c5b-97ae-59e5ccd3b6fb.jpg,我的🐳🐱
643372.0,1510498280.0,0,4,0,0,http://p.upcdn.pengpengla.com/star/p/u/2017/11/12/4f64f921-cc69-412b-8c38-fbe4b32585dd.jpg,松果们嗨起来～
643456.0,1510725021.0,0,1,0,0,http://p.upcdn.pengpengla.com/star/p/u/2017/11/15/c3fb9b7b-119f-4257-83ee-dc7b333b3d33.jpg,胡歌啊
643463.0,1510588668.0,0,1,0,0,http://p.upcdn.pengpengla.com/star/p/u/2017/11/13/26e7d005-de0f-44ff-8376-12afce62f696.jpg,给于朦胧疯狂打电话😘😘😘
643493.0,1510470406.0,0,5,0,0,http://p.upcdn.pengpengla.com/star/p/u/2017/11/12/ef3c6588-69ed-4579-b37f-a6b58bd88009.jpg,一个字，帅
643510.0,1510742866.0,0,4,0,0,http://p.upcdn.pengpengla.com/star/p/u/2017/11/15/0c371df3-f788-4458-b14b-13f7b0bf1f8a.jpg,我白侧颜暴击！！简直帅炸！！
643524.0,1510044713.0,0,1,0,0,http://p.upcdn.pengpengla.com/star/p/u/2017/11/7/cd00dc8e-c488-4fca-8f98-7c5c9b526543.jpg,虽然王嘉尔认为他的左脸比较好看，但是你知道你的右脸也好看么
643574.0,1510408661.0,0,0,0,0,http://p.upcdn.pengpengla.com/star/p/u/2017/11/11/d79c6623-60a7-474a-a2bb-5a4f968d8131.jpg,迪玛希😘😘😘😘😘
643577.0,1510387439.0,0,3,0,0,http://p.upcdn.pengpengla.com/star/p/u/2017/11/11/a6dd2aac-4e6f-40ac-afef-98f710f6cd83.jpg,一半已是全部n请正视自己的容貌n@周雨彤微博
643592.0,1510334260.0,0,1,0,0,http://p.upcdn.pengpengla.com/star/p/u/2017/11/11/074e3150-e259-4c5e-a4b9-00d30f66fff5.jpg,无法用语言来形容
643602.0,1510063543.0,0,1,0,0,http://p.upcdn.pengpengla.com/star/p/u/2017/11/7/a91df9fe-3082-4eec-adbc-3044df3985a0.jpg,我希希啊🙊
643604.0,1510563362.0,0,1,0,0,http://p.upcdn.pengpengla.com/star/p/u/2017/11/13/b7d179ee-328f-4dc1-835f-1a0233d447f8.jpg,可以说很完美了我的潘氏侧颜
643623.0,1513488871.0,0,0,0,0,https://p.upcdn.pengpengla.com/star/p/u/2017/12/17/ae17c79f-47b0-44dc-99fd-8cf2d3547181.jpg,老鹿啊啊啊💓
643645.0,1510632859.0,0,2,0,0,http://p.upcdn.pengpengla.com/star/p/u/2017/11/14/062186d5-61ee-4c3a-8bf2-b348048c867a.png,😍
643646.0,1511923130.0,0,1,0,0,http://p.upcdn.pengpengla.com/star/p/u/2017/11/29/22bf8842-bc00-41aa-8b35-077f3611419c.jpg,帅到爆
643714.0,1510041095.0,0,1,0,0,http://p.upcdn.pengpengla.com/star/p/u/2017/11/7/95874bdc-0a76-47d8-b3a4-53a6293e2a74.jpg,@易安音乐社-林墨
643778.0,1510868037.0,0,0,0,0,http://p.upcdn.pengpengla.com/star/p/u/2017/11/17/ac0ef05c-d967-4f8a-a0e6-9860ed65e3d8.jpg,就是这么帅
643796.0,1515549958.0,0,0,0,0,https://p.upcdn.pengpengla.com/star/p/u/2018/1/10/11e6eca5-0547-4884-be18-6262e88e0e09.jpg,邓紫棋
643849.0,1510791831.0,0,1,0,0,http://p.upcdn.pengpengla.com/star/p/u/2017/11/16/5a9597a0-9ea6-42bc-a6fd-0bc93fbe733d.jpg,就是帅😘️😘️😘️💜️💜️💜️
643884.0,1510380791.0,0,1,0,0,http://p.upcdn.pengpengla.com/star/p/u/2017/11/11/7ef51243-e59d-42c7-a3bc-79dc7f917abd.jpg,易柏辰❤️
643885.0,1510380909.0,0,3,0,0,http://p.upcdn.pengpengla.com/star/p/u/2017/11/11/3b032f0c-6e06-4a28-ac8b-11668c0fd3f0.jpg,易柏辰小王子啊❤️
643967.0,1510039848.0,0,1,0,0,http://p.upcdn.pengpengla.com/star/p/u/2017/11/7/720f19d6-2ae0-4ed3-917f-b60e88acda4e.jpg,#吕鋆峰#  网络剧中《终极游侠饰演 大伟》n                  《刺客列传中饰演天璇王陵光》n                  《擒爱攻略中饰演王小健》
643981.0,1510388481.0,0,12,0,0,http://p.upcdn.pengpengla.com/star/p/u/2017/11/11/8e52a6ca-ca8b-4e91-849e-fdc637cc543d.jpg,还用说什么吗哈哈哈…
643986.0,1510051864.0,0,4,0,0,http://p.upcdn.pengpengla.com/star/p/u/2017/11/7/29cbc5ea-bb4d-44e5-a443-3fb6216b4b3d.jpg,颖宝超美
644018.0,1510333041.0,0,7,0,0,http://p.upcdn.pengpengla.com/star/p/u/2017/11/11/ab58ec1f-a5de-4602-8762-97e7eade75f3.jpg,真好看😍
644080.0,1510615662.0,0,1,0,0,http://p.upcdn.pengpengla.com/star/p/u/2017/11/14/938386b4-9eb0-4378-858c-d6bdf5e4fbf0.jpg,嘉伦哥哥
644110.0,1510571597.0,0,0,0,0,http://p.upcdn.pengpengla.com/star/p/u/2017/11/13/59e3f228-c83d-4e32-ac99-c6b12a9a568f.jpg,华晨宇💋你就是唯一🌹🌹
644112.0,1511110955.0,0,3,0,0,http://p.upcdn.pengpengla.com/star/p/u/2017/11/20/bb71fe23-f659-4eb5-a87e-7948324c7610.jpg,华总❤️
644156.0,1510374719.0,0,5,0,0,http://p.upcdn.pengpengla.com/star/p/u/2017/11/11/6e0c71d6-6a37-4148-8788-d08f9f045f67.jpg,略略略
644222.0,1511160061.0,0,0,0,0,http://p.upcdn.pengpengla.com/star/p/u/2017/11/20/deddc3f6-761f-4ce1-93a5-7da9bb0789df.jpg,❤️
644271.0,1510036547.0,0,0,0,0,http://p.upcdn.pengpengla.com/star/p/u/2017/11/7/ab1ce0ca-ec19-4492-97e4-f888d174bba0.jpg,魏巡
644272.0,1510036589.0,0,1,0,0,http://p.upcdn.pengpengla.com/star/p/u/2017/11/7/67788073-89b3-43fd-aa71-f0dea9831a0c.jpg,魏巡
644273.0,1510036659.0,0,1,0,0,http://p.upcdn.pengpengla.com/star/p/u/2017/11/7/992d4d93-a84b-4f22-a3be-7b4e8ba76694.jpg,魏巡
644275.0,1510036731.0,0,2,0,0,http://p.upcdn.pengpengla.com/star/p/u/2017/11/7/40c66a01-3e99-42cc-9f68-60ed2afaa0b1.jpg,魏巡
644430.0,1510822199.0,0,0,0,0,http://p.upcdn.pengpengla.com/star/p/u/2017/11/16/c93121ff-a487-4f5c-ad01-a754a84ececb.jpg,不是爱豆是喜欢的人❤henry
644440.0,1510226500.0,0,4,0,0,http://p.upcdn.pengpengla.com/star/p/u/2017/11/9/385c5875-bd74-46bc-824a-1997f3c8532e.jpg,我们的小王子~汪苏泷
644452.0,1510041837.0,0,0,0,0,http://p.upcdn.pengpengla.com/star/p/u/2017/11/7/09566180-adf3-4fa4-b216-6910b66324f5.jpg,当然是我家侯明昊啦❤️
644517.0,1510633356.0,0,2,0,0,http://p.upcdn.pengpengla.com/star/p/u/2017/11/14/8db1e230-be18-42ba-b470-0e141158459a.jpg,林墨💞
644584.0,1510046673.0,0,0,0,0,http://p.upcdn.pengpengla.com/star/p/u/2017/11/7/2b418fb7-90ad-4b5e-b45b-4a9a0e47762f.jpg,姚望！！！！
644640.0,1510668248.0,0,0,0,0,http://p.upcdn.pengpengla.com/star/p/u/2017/11/14/995868a0-3724-493b-8ad1-b63aa75cd5e6.png,白客白客～～
644662.0,1510414468.0,0,2,0,0,http://p.upcdn.pengpengla.com/star/p/u/2017/11/11/ec5dafbf-f1e9-456b-acb6-d3d5f8313f52.jpg,老薛♥
644803.0,1515508043.0,0,5,0,0,https://p.upcdn.pengpengla.com/star/p/u/2018/1/9/63446374-1363-4b71-90a5-d91ca6f37ebe.jpg,这侧颜杀还有谁
644819.0,1510291578.0,0,0,0,0,http://p.upcdn.pengpengla.com/star/p/u/2017/11/10/86a762b0-35a8-4b0f-b4ec-96ce6ea05988.jpg,全世界最好的华晨宇♡
644907.0,1510071363.0,0,0,0,0,http://p.upcdn.pengpengla.com/star/p/u/2017/11/8/0ebba958-54aa-4cd0-84d2-ed510b628a20.jpg,我洲❤
645011.0,1510219048.0,0,0,0,0,http://p.upcdn.pengpengla.com/star/p/u/2017/11/9/d61e9489-d6d1-439c-955e-d96d1d2ff79c.jpg,我的青春，我的世界，我的一切都是你，魏三岁
645070.0,1510499556.0,0,5,0,0,http://p.upcdn.pengpengla.com/star/p/u/2017/11/12/e1dcdf7f-a046-46fe-b81e-59ec402d8a24.jpg,超帅的老薛
645083.0,1510065449.0,0,1,0,0,http://p.upcdn.pengpengla.com/star/p/u/2017/11/7/21d27717-3d76-4e9f-9568-1352c8106337.jpg,wifi熊 侧颜杀
645103.0,1510379057.0,0,0,0,0,http://p.upcdn.pengpengla.com/star/p/u/2017/11/11/849df764-17d4-4f76-bf18-2e625d8690bb.jpg,李易峰
645166.0,1511196751.0,0,0,0,0,http://p.upcdn.pengpengla.com/star/p/u/2017/11/21/41fb0fee-08ad-47af-aac0-1a8fa0b12ce3.jpg,侧颜杀
645182.0,1510977379.0,0,0,0,0,http://p.upcdn.pengpengla.com/star/p/u/2017/11/18/164295a1-529a-4776-b280-4bedeb83f967.jpg,迪玛希
645204.0,1511157429.0,0,0,0,0,http://p.upcdn.pengpengla.com/star/p/u/2017/11/20/f3e65221-c94e-4f64-aea7-8bcd8b3d3421.jpg,侧脸少不了我科啊
645248.0,1510070158.0,0,6,0,0,http://p.upcdn.pengpengla.com/star/p/u/2017/11/7/7986387c-fd5e-4116-a2dc-b1c4c1eb1dec.jpg,#尹毓恪nn我觉得尹毓恪这些侧颜 挺ok的 都杀到我了🤣
645255.0,1511848392.0,0,0,1,0,http://p.upcdn.pengpengla.com/star/p/u/2017/11/28/4a1dc7d9-cebd-4b5e-838f-e6d7753ce319.jpg,侧颜杀❤
645309.0,1510098225.0,0,82,0,0,http://p.upcdn.pengpengla.com/star/p/u/2017/11/8/2a01028a-2302-4384-a15c-5fc5c6f42aa0.jpg,小凯🦀
645340.0,1510053524.0,0,1,0,0,http://p.upcdn.pengpengla.com/star/p/u/2017/11/7/506860f1-7c53-4150-8465-a9f787ccb4b5.jpg,二木的爱豆
645385.0,1510267944.0,0,23,0,0,http://p.upcdn.pengpengla.com/star/p/u/2017/11/10/30031840-129c-4816-905c-828d9baaf94e.jpg,原创歌手周震南
645390.0,1510572954.0,0,2,0,0,http://p.upcdn.pengpengla.com/star/p/u/2017/11/13/8a3984f7-1bbf-464d-b702-54946baf86c5.jpg,遇见你我真的好幸运。谢谢你的坚持。
645401.0,1510616115.0,0,1,0,0,http://p.upcdn.pengpengla.com/star/p/u/2017/11/14/f6481515-f3db-4a6b-9d9e-d2651c6b2cc1.jpg,侧颜杀…大爱…
645406.0,1510441213.0,0,1,0,0,http://p.upcdn.pengpengla.com/star/p/u/2017/11/12/aa6ede80-51b0-4878-be20-994affe5fb17.jpg,我男友
645432.0,1510472979.0,0,1,0,0,http://p.upcdn.pengpengla.com/star/p/u/2017/11/12/bf79bf46-0f3f-4c70-9644-098f7b36e224.jpg,我们敖子逸啊 侧颜真的很帅就对了😘
645473.0,1510854474.0,0,4,0,0,http://p.upcdn.pengpengla.com/star/p/u/2017/11/17/9816b392-2473-49d8-8f88-32b382aea428.jpg,给我家薛大佬疯狂摔灯泡❤
645525.0,1511838654.0,0,14,0,1,http://p.upcdn.pengpengla.com/star/p/u/2017/11/28/ef03b091-1870-4042-92c3-4077c4c6ce1d.jpg,认真的男人最美～
645529.0,1510397674.0,0,1,0,0,http://p.upcdn.pengpengla.com/star/p/u/2017/11/11/e6c7d6a8-71a6-4db9-b42e-65a706ca0dcc.jpg,360°完美侧颜
645588.0,1510541286.0,0,1,0,0,http://p.upcdn.pengpengla.com/star/p/u/2017/11/13/9ed2aa69-c756-4e6b-9644-1f4f6dbda656.jpg,wuli天宇，侧颜美腻，大爱
645624.0,1510705265.0,0,1,0,0,http://p.upcdn.pengpengla.com/star/p/u/2017/11/15/aa785983-0489-475d-8864-ea422ff3f775.jpg,潘粤明❤
645697.0,1510664624.0,0,0,0,0,http://p.upcdn.pengpengla.com/star/p/u/2017/11/14/29cf0884-e817-48a6-ba13-93f5a584eb2d.jpg,侧颜大佬^O^
645728.0,1511576802.0,0,2,0,0,http://p.upcdn.pengpengla.com/star/p/u/2017/11/25/987b34e1-b61d-4494-ba5f-9a9aad569c34.jpg,薛之谦
645732.0,1510495564.0,0,1,0,0,http://p.upcdn.pengpengla.com/star/p/u/2017/11/12/5fc7de05-35c8-41fc-be2a-074a7f24cf68.jpg,辣么可爱的TT有人要么
645790.0,1510342023.0,0,7,0,0,http://p.upcdn.pengpengla.com/star/p/u/2017/11/11/c7fd4665-892f-4567-ac06-d5870fcb0bf7.jpg,日常膜拜大佬
645791.0,1510889552.0,0,0,0,0,http://p.upcdn.pengpengla.com/star/p/u/2017/11/17/afb0e178-7e72-442c-8251-b08f3cb1ddd4.jpg,我们家宝贝们的侧颜！嘻嘻嘻，好看吧！我也觉得！😄😄😄
645798.0,1510621310.0,0,1,0,0,http://p.upcdn.pengpengla.com/star/p/u/2017/11/14/83ca6df3-825c-4345-8df9-f9826c441efa.jpg,是天使啊
645841.0,1510455311.0,0,2,0,0,http://p.upcdn.pengpengla.com/star/p/u/2017/11/12/d856ed47-bc03-49e2-a8b7-79c3e56c003c.jpg,孟子坤啊！！
645864.0,1510625735.0,0,5,0,0,http://p.upcdn.pengpengla.com/star/p/u/2017/11/14/9fa60dc0-a8da-4375-9739-1f9a88c7386d.jpg,孟爷的完美侧颜😘
645872.0,1510375474.0,0,1,0,0,http://p.upcdn.pengpengla.com/star/p/u/2017/11/11/88639c24-eca1-4177-b390-e1a7d193a708.jpg,嗯 要多好看有多好看
645962.0,1510630652.0,0,1,0,0,http://p.upcdn.pengpengla.com/star/p/u/2017/11/14/e6b6f38a-91f9-43a2-9c84-0e505ffe353e.jpg,盛世美颜巡，我爱豆爱拍正颜
645978.0,1510212721.0,0,0,0,0,http://p.upcdn.pengpengla.com/star/p/u/2017/11/9/3ea5dac4-7366-4cba-bafd-f65df9981da9.jpg,黄汐源
645988.0,1510736155.0,0,0,0,0,http://p.upcdn.pengpengla.com/star/p/u/2017/11/15/adc301a2-699d-4cab-a731-e1b4e4cef2b8.jpg,谢甜甜的名品啊
646106.0,1510414260.0,0,4,0,0,http://p.upcdn.pengpengla.com/star/p/u/2017/11/11/b69bc1c6-cba8-44c9-845f-05b849dfabb2.jpg,我的眼里都是心里都是全部都是你❤
646128.0,1510230194.0,0,2,0,0,http://p.upcdn.pengpengla.com/star/p/u/2017/11/9/1dc02ddd-0c2c-4f07-b42a-3814392ed188.jpg,mike
646165.0,1510457533.0,0,0,0,0,http://p.upcdn.pengpengla.com/star/p/u/2017/11/12/1501d190-cec1-40ed-b8da-6c8d82003e17.jpg,我哥朴宰范💓💓💓
646187.0,1510379273.0,0,41,0,0,http://p.upcdn.pengpengla.com/star/p/u/2017/11/11/32a8e21c-ae31-4a69-a0e5-f250f4b5927f.gif,谦心💓
646215.0,1513875254.0,0,3,0,0,https://p.upcdn.pengpengla.com/star/p/u/2017/12/22/9f7a72e6-bb6e-4cb3-bce9-8a31b2485147.jpg,鹿
646262.0,1510064741.0,0,0,0,0,http://p.upcdn.pengpengla.com/star/p/u/2017/11/7/4d2c8912-a2a2-4752-a1fe-488ade54c1d9.jpg,龚俊
646269.0,1510065395.0,0,0,0,0,http://p.upcdn.pengpengla.com/star/p/u/2017/11/7/b69be2f2-b5d8-4b77-8e37-51da8b82b1b5.jpg,龚俊
646289.0,1511171668.0,0,2,0,0,http://p.upcdn.pengpengla.com/star/p/u/2017/11/20/f59cef88-7c00-4db2-a9ac-87c77dec3086.jpg,😍😍
646304.0,1510186170.0,0,1,0,0,http://p.upcdn.pengpengla.com/star/p/u/2017/11/9/b69d20ff-a064-4ee3-81cc-800345902125.jpg,晔哥的侧颜超帅的
646331.0,1510398851.0,0,1,0,0,http://p.upcdn.pengpengla.com/star/p/u/2017/11/11/6f38fe13-a91c-4dfc-b5bc-f90bb8b11765.jpg,朱一龙
646344.0,1511192472.0,0,0,0,0,http://p.upcdn.pengpengla.com/star/p/u/2017/11/20/ac96119e-4bf4-4bdc-a86e-0972aeee646e.jpg,太完美
646347.0,1510042656.0,0,0,0,0,http://p.upcdn.pengpengla.com/star/p/u/2017/11/7/82e0b9c9-6c90-4752-91b2-84bd0d56885e.jpg,完美………………♥♥♥
646348.0,1510042747.0,0,0,0,0,http://p.upcdn.pengpengla.com/star/p/u/2017/11/7/0882b4d1-1e49-456a-a23a-e3eeb6b837c1.jpg,南极洲Cp??
646400.0,1511149862.0,0,6,0,0,http://p.upcdn.pengpengla.com/star/p/u/2017/11/20/94aea004-9e9d-4f11-aca4-8116135638fa.jpg,潘粤明😘😘😘
646405.0,1512269976.0,0,4,1,1,http://p.upcdn.pengpengla.com/star/p/u/2017/12/3/94e8f55b-dcc0-49f8-921b-bdac768ca8da.png,＃MikeAngelo中国＃♚♚♚
646427.0,1510043426.0,0,1,0,0,http://p.upcdn.pengpengla.com/star/p/u/2017/11/7/ac95f5e5-de18-4da7-929f-5acaad759803.jpg,帅谦
646493.0,1510498746.0,0,1,0,0,http://p.upcdn.pengpengla.com/star/p/u/2017/11/12/4b1a593f-6bc7-491a-ac27-c5223ada5d7f.jpg,堂堂正正吴世勋(..›ᴗ‹..)
646534.0,1510754253.0,0,1,0,0,http://p.upcdn.pengpengla.com/star/p/u/2017/11/15/9977c9a0-66ce-499b-9d28-10486684d3f0.jpg,我白帅炸
646543.0,1510756664.0,0,0,0,0,http://p.upcdn.pengpengla.com/star/p/u/2017/11/15/0798d913-1b7c-4d51-a475-992a13ebb352.jpg,毕夏毕夏毕夏！！！最棒啦！！！（≧∇≦）
646564.0,1510187503.0,0,0,0,0,http://p.upcdn.pengpengla.com/star/p/u/2017/11/9/bdc0610b-b0ce-4866-9fdc-b4c087ad1321.jpg,♡
646571.0,1511187543.0,0,1,0,0,http://p.upcdn.pengpengla.com/star/p/u/2017/11/20/ac9ed4fd-5aa8-4025-9068-596b698ae6cd.jpg,晓晨❤️❤️
646573.0,1510057896.0,0,1,0,0,http://p.upcdn.pengpengla.com/star/p/u/2017/11/7/640d502f-d603-47d9-83c9-4ef17023ea7d.jpg,❤️❤️❤️
646655.0,1510474492.0,0,2,0,0,http://p.upcdn.pengpengla.com/star/p/u/2017/11/12/7ea02e90-5ccf-4ed4-9835-e40ba138a655.jpg,扶摇大王，霸气美艳😍😍😍
646684.0,1511155365.0,0,0,0,0,http://p.upcdn.pengpengla.com/star/p/u/2017/11/20/460d749b-838b-4567-b3c3-0467fb154610.jpg,帅帅的宫政，美美的宫政，@宫zzzzzz
646685.0,1511160371.0,0,0,0,0,http://p.upcdn.pengpengla.com/star/p/u/2017/11/20/b56c7f3d-0f7c-4ad4-89de-5773c1e12fe5.jpg,帅帅的宫政，美美的政政@宫zzzzzz
646705.0,1510399474.0,0,0,0,0,http://p.upcdn.pengpengla.com/star/p/u/2017/11/11/9cd99e75-4609-450b-8cd1-a44a24f2749e.jpg,孟子坤💜
646718.0,1510071906.0,0,3,0,0,http://p.upcdn.pengpengla.com/star/p/u/2017/11/8/c21cca93-a1e3-4109-a24b-47cdb88761eb.jpg,尹毓恪恪恪
646747.0,1510036833.0,0,30,0,0,http://p.upcdn.pengpengla.com/star/p/u/2017/11/7/8c1975ad-fee0-4481-bd2e-50bc42d85107.jpg,敖子逸 tf家族
646786.0,1510036867.0,0,11,0,0,http://p.upcdn.pengpengla.com/star/p/u/2017/11/7/fa4d770c-48dc-4f2c-94e9-d5b5a22ebd64.jpg,敖子逸
646825.0,1510417200.0,0,1,0,0,http://p.upcdn.pengpengla.com/star/p/u/2017/11/12/f6c36192-cf39-4cd7-8f65-8b5db1feb2fe.jpg,炒*好看n
646829.0,1510375640.0,0,1,0,0,http://p.upcdn.pengpengla.com/star/p/u/2017/11/11/105e83b1-fcf3-47c7-bd2e-e68e30b2f50e.jpg,徐海乔
646867.0,1510056926.0,0,56,1,0,http://p.upcdn.pengpengla.com/star/p/u/2017/11/7/8d3a7f08-8a2e-489e-94f1-b2493703e173.jpg,大魔王侧颜也秀住了
646993.0,1510482527.0,0,5,0,0,http://p.upcdn.pengpengla.com/star/p/u/2017/11/12/d0abceed-e3e9-4554-bb27-960621b329a3.jpg,帅
647013.0,1510382907.0,0,1,0,0,http://p.upcdn.pengpengla.com/star/p/u/2017/11/11/cbc1da84-6379-4e1b-b340-0e5fa3bff34d.jpg,吾才
647102.0,1510672756.0,0,4,0,0,http://p.upcdn.pengpengla.com/star/p/u/2017/11/14/08bc772f-29e3-41f8-8a88-1566ef796e28.jpg,签证
647103.0,1510393810.0,0,2,0,0,http://p.upcdn.pengpengla.com/star/p/u/2017/11/11/7c06b32c-3723-4bdf-a090-22941e9fd9f9.jpg,wuil沁超美
647105.0,1510373062.0,0,6,0,0,http://p.upcdn.pengpengla.com/star/p/u/2017/11/11/83bc00d5-c230-47f1-bd6d-3d387c9dee34.jpg,红花会BrAnTB红花会PG One
647160.0,1510984812.0,0,2,0,0,http://p.upcdn.pengpengla.com/star/p/u/2017/11/18/b4120bfe-5b89-4ce1-bcf2-29cd23a06acc.jpg,这就就是王源
647214.0,1510489115.0,0,2,0,0,http://p.upcdn.pengpengla.com/star/p/u/2017/11/12/0ddac305-2e0d-4399-a73c-146ba8fcae50.jpg,天龍哥💪💪
647241.0,1510498181.0,0,1,0,0,http://p.upcdn.pengpengla.com/star/p/u/2017/11/12/af888d45-bb85-4795-b334-67aa1a1e69d9.jpg,黑吉拉
647251.0,1510553904.0,0,2,0,0,http://p.upcdn.pengpengla.com/star/p/u/2017/11/13/378b30d7-ad73-49fe-b061-71aac3d0e80a.png,#相看两不厌 唯有敬亭山#
647253.0,1510712419.0,0,2,0,0,http://p.upcdn.pengpengla.com/star/p/u/2017/11/15/9de8fac7-9645-4c7e-ae55-cdefa2f3a44f.jpg,纠正一下!不是idol!是男!朋!友!♡w(ﾟДﾟ)w♡
647296.0,1510587891.0,0,1,0,0,http://p.upcdn.pengpengla.com/star/p/u/2017/11/13/5d49214a-d564-4438-9ddb-430e85b789b7.png,老吴
647312.0,1510586933.0,0,2,0,0,http://p.upcdn.pengpengla.com/star/p/u/2017/11/13/390a9aa7-2446-4505-b1b6-6c6170c5c99c.jpg,敖子逸
647353.0,1510801771.0,0,2,0,0,http://p.upcdn.pengpengla.com/star/p/u/2017/11/16/48fcd2e8-ab85-4590-ad90-aaf10d954255.jpg,他真的很可爱了
647420.0,1510900304.0,0,0,0,0,http://p.upcdn.pengpengla.com/star/p/u/2017/11/17/c3486441-d1b6-4347-abef-97ce5749aeeb.jpg,就喜欢你鼻子上的痣
647423.0,1510900799.0,0,0,0,0,http://p.upcdn.pengpengla.com/star/p/u/2017/11/17/5fa4425e-1954-49a0-9cf6-5fc61ec92d80.jpg,学霸
647427.0,1510853919.0,0,2,0,0,http://p.upcdn.pengpengla.com/star/p/u/2017/11/17/ead5bf11-50ce-45f8-9517-6b8fb1a5dbbf.jpg,帅啊💜💜
647436.0,1511153503.0,0,1,0,0,http://p.upcdn.pengpengla.com/star/p/u/2017/11/20/f0aa2ada-bd90-4571-b853-855eaabc9f99.jpg,下次要出一个，谁家爱豆的眼睛最美，
647456.0,1511154167.0,0,0,0,0,http://p.upcdn.pengpengla.com/star/p/u/2017/11/20/2043b367-81ba-443f-8e44-f0ccae1ba17e.gif,帅炸了，宫政，微博搜索@宫zzzzzz
647459.0,1511155082.0,0,0,0,0,http://p.upcdn.pengpengla.com/star/p/u/2017/11/20/1410fbb7-3632-48d1-b6fe-b0656364467b.jpg,帅炸了，宫政，微博搜索@宫zzzzzz
647500.0,1514657053.0,0,0,0,0,https://p.upcdn.pengpengla.com/star/p/u/2017/12/31/44ee2133-f471-47fd-9277-27ef1e161dac.jpg,最好看啦
647530.0,1511011129.0,0,2,0,0,http://p.upcdn.pengpengla.com/star/p/u/2017/11/18/07d1c1de-581d-4764-b1c2-cc05c1033569.jpg,无所畏惧
647567.0,1511067135.0,0,6,0,0,http://p.upcdn.pengpengla.com/star/p/u/2017/11/19/2a56bd43-374b-47f9-9d16-db00c095fc71.jpg,马嘉祺❤
647614.0,1514286922.0,0,3,0,0,https://p.upcdn.pengpengla.com/star/p/u/2017/12/26/71743ccb-4c99-486f-9268-e3ad05b48d3d.jpg,SWIN魅力主唱赵品霖
647633.0,1513079496.0,0,0,0,0,https://p.upcdn.pengpengla.com/star/p/u/2017/12/12/a9fe1d2f-7457-464a-9129-cb6a292334d2.jpg,#魏巡#  我爱豆！
647684.0,1511780343.0,0,0,0,0,http://p.upcdn.pengpengla.com/star/p/u/2017/11/27/0c7173e9-2807-4af2-858a-13bb1ed68a51.jpg,🙂🙂🙂
647715.0,1511920959.0,0,8,0,0,http://p.upcdn.pengpengla.com/star/p/u/2017/11/29/187d66dd-3649-48c3-bb55-7cf94eafe2f7.jpg,十七岁的名品侧颜#易烊千玺##易烊千玺1128十七岁生日快乐#
647731.0,1511597694.0,0,2,0,0,http://p.upcdn.pengpengla.com/star/p/u/2017/11/25/16cc3027-8914-4d0a-9939-8633b1219702.jpg,帅气的侧颜
647802.0,1512314672.0,0,4,0,0,http://p.upcdn.pengpengla.com/star/p/u/2017/12/3/dad90eac-244b-4edc-b907-4633908d14e4.jpg,岂是一个帅字形容得了的
647810.0,1512194496.0,0,1,0,0,http://p.upcdn.pengpengla.com/star/p/u/2017/12/2/e982d1ca-b509-4799-9d40-62edf6c712e6.jpg,老胡最帅
647820.0,1512229151.0,0,2,0,0,http://p.upcdn.pengpengla.com/star/p/u/2017/12/2/f281264a-e7e7-4d36-b816-644adbe0ff37.jpg,帅翻
647903.0,1512736928.0,0,0,0,0,https://p.upcdn.pengpengla.com/star/p/u/2017/12/8/38afba84-8350-4427-a614-f171065a2ef3.jpg,只有毛儿是本命。
647911.0,1512317050.0,0,1,0,0,http://p.upcdn.pengpengla.com/star/p/u/2017/12/4/e1825555-17b4-4ae8-a8e7-cde7957f23fa.jpg,小白王博文
647943.0,1512197942.0,0,0,0,0,http://p.upcdn.pengpengla.com/star/p/u/2017/12/2/21d98304-2663-4e79-a6bb-489cd394ec94.jpg,绿叶沾染的露珠，缓缓地飘落在尘埃里。露珠落，尘埃莹，你会心一笑。n寂寥无人的小巷，悄悄地伫立在尘世间。小巷短，缘分长，我们并肩行。
647969.0,1512294691.0,0,7,0,0,http://p.upcdn.pengpengla.com/star/p/u/2017/12/3/d8c1bb91-1745-4307-b55a-94f740b9606f.jpg,帅炸天
647990.0,1512306373.0,0,1,0,0,http://p.upcdn.pengpengla.com/star/p/u/2017/12/3/0d8b1491-3291-4743-9806-120db4fa0004.jpg,甜菜完美侧颜🙉🙉🐑🦄
648038.0,1513675758.0,0,2,0,0,https://p.upcdn.pengpengla.com/star/p/u/2017/12/19/a602e9c6-234e-432c-8041-e7ddeb39a733.jpg,❤
648095.0,1514054856.0,0,0,0,0,https://p.upcdn.pengpengla.com/star/p/u/2017/12/24/255c337d-e33c-44ff-bc5f-8a1b91f16d02.gif,张新成
648130.0,1512869465.0,0,2,0,0,https://p.upcdn.pengpengla.com/star/p/u/2017/12/10/b42821ac-cfb6-46bd-a240-d2e7b0a499ee.jpg,❤美
648141.0,1513813066.0,0,5,0,0,https://p.upcdn.pengpengla.com/star/p/u/2017/12/21/ef398ba6-23f3-4b67-9e9b-0ee0b82e200a.jpg,我鱼🐳
648194.0,1513249279.0,0,3,0,0,https://p.upcdn.pengpengla.com/star/p/u/2017/12/14/b2fc783d-43d7-40a8-a5dc-64ec323e66c3.jpg,熊梓淇马天宇帅死了！
648199.0,1513317083.0,0,1,0,0,https://p.upcdn.pengpengla.com/star/p/u/2017/12/15/651d6fcb-31b1-4a2b-b339-e9012cafcbfc.jpg,JG.
648327.0,1514268770.0,0,2,0,0,https://p.upcdn.pengpengla.com/star/p/u/2017/12/26/4530d485-f0fc-4d9b-bb6a-f62217e38aee.jpg,胡一天啊啊啊啊~(≧▽≦)/~
648422.0,1514933242.0,0,1,0,0,https://p.upcdn.pengpengla.com/star/p/u/2018/1/3/e9e66a04-2344-4d71-8c31-7fb4a2d8887d.jpg,張一山
648462.0,1514956582.0,0,1,0,0,https://p.upcdn.pengpengla.com/star/p/u/2018/1/3/027f8d77-16db-42cb-aced-f8e5ef3c16af.jpg,帅爆的薛
648482.0,1515246766.0,0,1,0,0,https://p.upcdn.pengpengla.com/star/p/u/2018/1/6/59fe2e6a-80f9-4e5d-bfc9-1b3d241b4f55.jpg,怎么能少了我谦
648550.0,1515772129.0,0,1,0,0,https://p.upcdn.pengpengla.com/star/p/u/2018/1/12/a6cddd8f-feff-44ba-9d4c-3602969230c0.jpg,大爱♡
648659.0,1509281656.0,0,0,0,0,http://p.upcdn.pengpengla.com/star/p/u/2017/10/29/8456bcff-d5d3-4a48-a528-af94967dd7dc.jpg,一直在
648661.0,1509281662.0,0,1,0,0,http://p.upcdn.pengpengla.com/star/p/u/2017/10/29/022f9a97-8444-4719-820c-37090bd0b759.jpg,只要你在，我一直爱@魏大勋
648675.0,1509281948.0,0,0,0,0,http://p.upcdn.pengpengla.com/star/p/u/2017/10/29/030b5d6c-36ee-401d-b274-608efdd12aa7.jpg,白毛浮绿水，想睡大张伟
648742.0,1509283052.0,0,1,0,0,http://p.upcdn.pengpengla.com/star/p/u/2017/10/29/17e1fe5f-5b68-4084-a59f-e01e9cd0ba3f.jpg,虽然最先追的不是你们仨，但是爱到最后的确实你们，爱的最久的依旧是你们❤️
648782.0,1509283715.0,0,0,0,0,http://p.upcdn.pengpengla.com/star/p/u/2017/10/29/aa90fa72-afc3-41e2-8cdc-1b73b8e499cc.jpg,07年的《快本》认识了这个温暖的哥哥马天宇，从此入了这个坑。始于颜值，忠于才华，陷于人品，这十年，越来越爱他。  对于我来说，他是颜值高演技好人品棒的好偶像，也是正能量男神，更是我的人生导师，他的笑容总是能够温暖人心，他也很宠粉，越来越优秀的他，一直不忘初心，这样的他，让我一直坚持了十年，今后的每一个十年我也会一直在。如今，我来到了他打拼起来的城市，总有一天，我会带上我爱的人，去见他！
648811.0,1509285366.0,0,0,0,0,http://p.upcdn.pengpengla.com/star/p/u/2017/10/29/4151188e-e9d2-4fd1-afab-397c760186ca.jpg,我的那个少年
648818.0,1509285753.0,0,0,0,0,http://p.upcdn.pengpengla.com/star/p/u/2017/10/29/7fd85269-461f-48d3-9fd1-a97881dd3e4f.jpg,四年了，庆幸我依然喜欢你们n依然保持着原来的那颗初心n前路漫漫，来日方长n你们不离，我们不弃n💛💛💛💛
648839.0,1509286683.0,0,7,0,0,http://p.upcdn.pengpengla.com/star/p/u/2017/10/29/5998c5c2-3efa-4f98-bc4e-ed2b58bf30f2.jpg,还是!
648840.0,1509286689.0,0,191,1,0,http://p.upcdn.pengpengla.com/star/p/u/2017/10/29/3ab9476f-a9d5-432a-8208-618ba80ab759.jpg,💙
648894.0,1509288228.0,0,1,0,0,http://p.upcdn.pengpengla.com/star/p/u/2017/10/29/1db8e728-db7f-455e-b130-9ab53cb68704.jpg,不忘初心，方得始终n天高路远，窦骁啊，一定陪你走下去！
648896.0,1509288386.0,0,1,0,0,http://p.upcdn.pengpengla.com/star/p/u/2017/10/29/3382d800-49d9-4446-91de-305373be40e1.jpg,从始至终 爱的只有他 永远都不会变
648906.0,1509288869.0,0,1,0,0,http://p.upcdn.pengpengla.com/star/p/u/2017/10/29/8497cfec-0e94-4b9d-ac2a-1e8673d5be06.jpg,笑容是最好的心情
648924.0,1509289526.0,0,2,0,0,http://p.upcdn.pengpengla.com/star/p/u/2017/10/29/b490cb43-c510-464b-9126-179205a7d197.jpg,你的所做的，都是我们还学习的，支持你，爱你
648946.0,1509293988.0,0,1,0,0,http://p.upcdn.pengpengla.com/star/p/u/2017/10/30/d7e72168-fe6f-4452-8d6c-b087e527c94a.jpg,#MikeAngelo中国# 一眼万年，初心不变！🐷🐷从遇见你的第一面起【虽只是荧屏中的你】，我相信一见钟情是真的会发生的！无论多少年轮，我的初心只有你，只是你，爱你，么么么❤️❤️😘😘😎😎晚安啦🌛🌛🌛#麦壳永远守护mike# @MikeAngelo中国
648956.0,1509296533.0,0,0,0,0,http://p.upcdn.pengpengla.com/star/p/u/2017/10/30/8d5316aa-b224-4710-afeb-0dceff474486.jpg,永远的大哥
648959.0,1509298944.0,0,14,0,0,http://p.upcdn.pengpengla.com/star/p/u/2017/10/30/20bc6d35-0a45-4a7e-970d-1d5ea1dd9316.jpg,谢谢你的音乐🎶
648987.0,1509322920.0,0,0,0,0,http://p.upcdn.pengpengla.com/star/p/u/2017/10/30/d37c8e9e-afba-4d11-b889-d5e2d175a728.jpg,啵啵
649008.0,1509327481.0,0,0,0,0,http://p.upcdn.pengpengla.com/star/p/u/2017/10/30/95a1c65c-7740-4d4e-9fdc-5111518d69f9.jpg,初心啊
649024.0,1509331475.0,0,1,0,0,http://p.upcdn.pengpengla.com/star/p/u/2017/10/30/c2d874ab-7bf0-45fd-965d-204e22d4cd52.jpg,我老公永遠是我老公，其他再多吸引我的最多也都只是男朋友😘
649069.0,1509348804.0,0,0,0,0,http://p.upcdn.pengpengla.com/star/p/u/2017/10/30/ff0e50f1-431d-472f-a101-589d4af1398e.jpg,初心就一直是他们呀
649159.0,1509374262.0,0,5,0,0,http://p.upcdn.pengpengla.com/star/p/u/2017/10/30/b000df43-d30c-45ed-8006-1d13ec1c93d8.jpg,与你相遇好幸运❤
649198.0,1509380560.0,0,2,0,0,http://p.upcdn.pengpengla.com/star/p/u/2017/10/31/f29478bc-c3b3-4807-a2ca-b41907f549aa.jpg,一眼万年 注定是你
649232.0,1509410678.0,0,8,0,0,http://p.upcdn.pengpengla.com/star/p/u/2017/10/31/e2853e57-850d-41f5-ab40-294ed154b497.jpg,恩 本命
649269.0,1509424727.0,0,0,0,0,http://p.upcdn.pengpengla.com/star/p/u/2017/10/31/b4af64b0-8658-4f72-853d-9234f34c01db.jpg,一心一意易烊千玺n周震南震四方南极星永不荒
649272.0,1509425525.0,0,0,0,0,http://p.upcdn.pengpengla.com/star/p/u/2017/10/31/642b1f1d-7626-4792-83ce-d5210de976bd.jpg,大宇，喜欢你两年了初心不变，一直在，一直爱
649278.0,1509428004.0,0,0,0,0,http://p.upcdn.pengpengla.com/star/p/u/2017/10/31/caa677ab-a068-4c5c-be2f-18ae58ba7143.jpg,魏巡无敌帅有没有
649345.0,1509458638.0,0,0,0,0,http://p.upcdn.pengpengla.com/star/p/u/2017/10/31/baedc899-b612-426a-8520-cc095d0b6b13.jpg,初心:大幂幂！本命：马伯骞！因为初心，遇见本命！感谢这个夏天！
649370.0,1509463153.0,0,0,0,0,http://p.upcdn.pengpengla.com/star/p/u/2017/10/31/916a20bf-ae59-4773-bee2-83ee994a4567.jpg,H C Y 48
649456.0,1509539483.0,0,0,0,0,http://p.upcdn.pengpengla.com/star/p/u/2017/11/1/7fb28e6d-62e4-43e1-abc4-b86f3a4fa03b.jpg,大佬
649459.0,1509539532.0,0,0,0,0,http://p.upcdn.pengpengla.com/star/p/u/2017/11/1/5c36721c-ff21-43fb-a8c9-203c03d9f921.jpg,😭
649490.0,1509555669.0,0,3,0,0,http://p.upcdn.pengpengla.com/star/p/u/2017/11/2/9b28441d-ff8b-484d-bf27-6a0dc53137cc.jpg,喜欢你 是我的幸运
649496.0,1509576235.0,0,1,0,0,http://p.upcdn.pengpengla.com/star/p/u/2017/11/2/77789b10-6abf-4647-843f-dcdfc4c93900.jpg,这个夏天，让我遇见魏巡是最美丽意外💚
649558.0,1509628914.0,0,2,0,0,http://p.upcdn.pengpengla.com/star/p/u/2017/11/2/32113ae7-0fce-41d3-bf9b-4a6814666d99.jpg,是他，让我知道了一个人坚持梦想到什么地步，是他，让我知道了娱乐圈那纯洁的一股清流，更是他，给了我前进的方向，他，是我的偶像，更是我佩服的人，他就是张艺兴。
649595.0,1509666028.0,0,5,0,0,http://p.upcdn.pengpengla.com/star/p/u/2017/11/3/6cd48744-3e1e-471f-8ae7-c499f07c32c3.jpg,mike
649639.0,1509702556.0,0,0,0,0,http://p.upcdn.pengpengla.com/star/p/u/2017/11/3/73e1ad01-1e8f-4f3b-9f83-72351c8a246e.jpg,十年旅程，初心不变！期待与你走过更多的十年😘
649688.0,1509728269.0,0,39,2,0,http://p.upcdn.pengpengla.com/star/p/u/2017/11/4/6d30bdd6-35d5-4503-9664-335f0440364f.jpg,孟子坤，晚安
649729.0,1509778449.0,0,4,0,0,http://p.upcdn.pengpengla.com/star/p/u/2017/11/4/a841cc2c-9b78-4477-8f36-b505df868e3f.jpg,娱乐圈的初心是你n体育圈是大白杨喽！
649741.0,1509784414.0,0,1,0,0,http://p.upcdn.pengpengla.com/star/p/u/2017/11/4/acfab0a0-3e9d-412c-ad28-ace6fd4bcfe3.jpg,2017我被你們吸引
649795.0,1509841116.0,0,0,0,0,http://p.upcdn.pengpengla.com/star/p/u/2017/11/5/658bdef7-b9ae-42bd-a725-4bb6f7f9ed0e.jpg,没错，就是你，也只有你！
649822.0,1509855862.0,0,3,0,0,http://p.upcdn.pengpengla.com/star/p/u/2017/11/5/e489f288-8ccd-437c-a55f-c93ff8427ad6.jpg,曾经.现在.将来.❤️初心
649832.0,1509862179.0,0,0,0,0,http://p.upcdn.pengpengla.com/star/p/u/2017/11/5/7a7c991d-9d22-42ce-b567-fb1aff9f30bf.jpg,GEM邓紫棋💕
649844.0,1509864098.0,0,0,0,0,http://p.upcdn.pengpengla.com/star/p/u/2017/11/5/55e9cd38-fb45-4889-b558-caeb240fee3f.jpg,风筝有风，海豚有海
649853.0,1509872448.0,0,18,0,0,http://p.upcdn.pengpengla.com/star/p/u/2017/11/5/fc542931-1843-4c55-aab5-a7371c7bd053.jpg,❤️❤️❤️❤️❤️
649859.0,1509881127.0,0,0,0,0,http://p.upcdn.pengpengla.com/star/p/u/2017/11/5/d10b8971-2597-4fac-ad88-27cf7845a288.jpg,凯凯大宝贝我最喜欢的演员朋友，毋庸置疑❤❤❤❤❤
649929.0,1509969682.0,0,0,0,0,http://p.upcdn.pengpengla.com/star/p/u/2017/11/6/a0aeb38c-5e42-46f3-8dc3-5ed9eba60de8.jpg,醉倒在她的笑容中❤️
649936.0,1509974918.0,0,3,0,0,http://p.upcdn.pengpengla.com/star/p/u/2017/11/6/b2009f12-a556-48f1-b753-cfb38d2316b9.jpg,我们的谦谦哥哥呀
649940.0,1509984488.0,0,0,0,0,http://p.upcdn.pengpengla.com/star/p/u/2017/11/7/db6f0c7f-1839-4a8e-b0c5-a853866c1052.jpg,第一次追星，发现越来越深
649944.0,1509984810.0,0,1,0,0,http://p.upcdn.pengpengla.com/star/p/u/2017/11/7/05bc0c48-544b-4509-a5f8-95b61a70aeea.jpg,毛不易啊
649975.0,1510016495.0,0,2,0,0,http://p.upcdn.pengpengla.com/star/p/u/2017/11/7/68b5f443-149a-4e65-9889-8df508b6dd70.jpg,永远爱你
649979.0,1510017482.0,0,1,0,0,http://p.upcdn.pengpengla.com/star/p/u/2017/11/7/fd46d55a-7bcb-4c11-8fce-7ea43982da72.jpg,护你们成王之日，必是橙海猖狂之时💛💛💛
649983.0,1510017994.0,0,0,0,0,http://p.upcdn.pengpengla.com/star/p/u/2017/11/7/ee00eda3-0f16-4646-90aa-7f79009cfbba.jpg,初心李玹雨❤️
649984.0,1510018648.0,0,5,0,0,http://p.upcdn.pengpengla.com/star/p/u/2017/11/7/0f2f73d4-68f8-4fa1-972a-e0150afbd03b.jpg,一回头四年啦，我还在呢💛
649994.0,1510026412.0,0,3,0,0,http://p.upcdn.pengpengla.com/star/p/u/2017/11/7/62af093c-6322-4506-994b-3800b9ced441.jpg,陈翔老大
650000.0,1510029219.0,0,2,0,0,http://p.upcdn.pengpengla.com/star/p/u/2017/11/7/82db7592-3b5f-460f-aeb6-6abd830a9fc9.jpg,魏巡魏巡魏巡魏巡魏巡魏巡魏巡魏巡魏巡👑👑👑👑👑👑👑👑👑👑👑
650032.0,1510040836.0,0,5,0,0,http://p.upcdn.pengpengla.com/star/p/u/2017/11/7/614f4420-a491-4ea1-acc4-7a49fc70d07d.jpg,凡哥
650042.0,1510045910.0,0,0,0,0,http://p.upcdn.pengpengla.com/star/p/u/2017/11/7/c60769f5-2fed-4731-a0a9-d9276ccd985d.jpg,一眼 就一眼便决定余生要跟他一起走
650074.0,1510060878.0,0,1,0,0,http://p.upcdn.pengpengla.com/star/p/u/2017/11/7/0b44e8b9-12a4-4234-a344-ccc80e420f0d.jpg,姚望
650086.0,1510066739.0,0,2,0,0,http://p.upcdn.pengpengla.com/star/p/u/2017/11/7/c7cd5b6d-7fec-44d6-bb8e-5d556dff48fb.jpg,一直是这个人
650144.0,1510218006.0,0,0,0,0,http://p.upcdn.pengpengla.com/star/p/u/2017/11/9/10c4bd2d-3b9c-4cde-b219-85101bab2ac7.jpg,那个热爱音乐的大男孩，那个不忘初心的大男孩
650173.0,1510280172.0,0,1,0,0,http://p.upcdn.pengpengla.com/star/p/u/2017/11/10/415354c8-32ef-4811-a0c9-19f363b9b2c8.jpg,郑爽美美美
650194.0,1510327500.0,0,1,0,0,http://p.upcdn.pengpengla.com/star/p/u/2017/11/10/30df6de0-d374-4c57-b02d-95a5eb037f18.jpg,我说我喜欢你 你听到了么 艾特周震南
650249.0,1510456416.0,0,0,0,0,http://p.upcdn.pengpengla.com/star/p/u/2017/11/12/b89b990f-7b8a-4f04-ab2d-dc668a7b4b57.jpg,毛不易。
650287.0,1510498974.0,0,2,0,0,http://p.upcdn.pengpengla.com/star/p/u/2017/11/12/181d85eb-203f-487b-a288-e7038be4cd79.jpg,胡歌吖( ˘ ³˘)❤
650299.0,1510540551.0,0,0,0,0,http://p.upcdn.pengpengla.com/star/p/u/2017/11/13/a6d3fd5c-f576-46db-a9b2-bd8165d05361.jpg,赖冠霖❤❤❤
650331.0,1510592159.0,0,0,0,0,http://p.upcdn.pengpengla.com/star/p/u/2017/11/14/2e8c2139-9436-4f7e-91ae-b076bcacc75d.jpg,永远都不会放弃，我的唯一
650339.0,1510628612.0,0,5,0,0,http://p.upcdn.pengpengla.com/star/p/u/2017/11/14/d970401f-9d7c-45c9-bf5e-7ca9c6f0fdba.jpg,必须是，张艺兴在我心中无人可替
650464.0,1511003482.0,0,3,0,0,http://p.upcdn.pengpengla.com/star/p/u/2017/11/18/784e9d9c-2768-41b6-adf8-ac948ed0e781.jpg,永远♡
650471.0,1511012777.0,0,2,0,0,http://p.upcdn.pengpengla.com/star/p/u/2017/11/18/7e250f3d-6329-4135-9352-0da3204e9930.jpg,念念不忘 必有回应
650500.0,1511105078.0,0,2,0,0,http://p.upcdn.pengpengla.com/star/p/u/2017/11/19/e85d1d92-0adb-4984-9f2f-d083a9dd62aa.jpg,什么也不说了n我要追薛之谦一辈子的。
650512.0,1511160977.0,0,0,0,0,http://p.upcdn.pengpengla.com/star/p/u/2017/11/20/759d6503-ad1a-4aed-a580-f1028a453898.jpg,就是他呀~
650554.0,1511357813.0,0,1,0,0,http://p.upcdn.pengpengla.com/star/p/u/2017/11/22/b2be5c2b-3a0e-40c9-9129-d0abd7bf824c.jpg,刘涛是我喜欢最久的明星，是我唯一喜欢的明星，是我第一个喜欢的明星，也是我最后喜欢的明星。
650623.0,1511634460.0,0,3,0,0,http://p.upcdn.pengpengla.com/star/p/u/2017/11/26/f1af20ce-203e-414e-af12-1800119435ac.jpg,╮(╯▽╰)╭
650626.0,1511634527.0,0,3,0,0,http://p.upcdn.pengpengla.com/star/p/u/2017/11/26/ea087a19-010f-43e1-8947-1a5c5d6a80fa.jpg,╮(╯▽╰)╭
650631.0,1511662146.0,0,0,0,0,http://p.upcdn.pengpengla.com/star/p/u/2017/11/26/1075dbd7-4fc2-428b-b7ba-521b1a7a194e.jpg,是昊然啊
650652.0,1511755581.0,0,8,0,0,http://p.upcdn.pengpengla.com/star/p/u/2017/11/27/413c2414-42c8-4efb-95c0-d673d103b26a.jpg,是他是他就是他 我的美一天
650688.0,1511931191.0,0,4,1,0,http://p.upcdn.pengpengla.com/star/p/u/2017/11/29/f8191e43-93de-4bf4-b042-376f8ea1a1e7.jpg,峰峰 一直是你  love you fever
650715.0,1512143260.0,0,0,0,0,http://p.upcdn.pengpengla.com/star/p/u/2017/12/1/a64040ba-1061-46c0-8fce-a6eb2d561c77.jpg,帅爆了  尹毓恪
650746.0,1512307197.0,0,2,0,0,http://p.upcdn.pengpengla.com/star/p/u/2017/12/3/682b3cdc-987e-4be2-bcdf-b3db406fe355.gif,唯爱MikeAngelo
650755.0,1512365223.0,0,1,0,0,http://p.upcdn.pengpengla.com/star/p/u/2017/12/4/294ded0c-145c-47f1-baa2-03d02fb794d8.jpg,黄子韬啊~
650757.0,1512380974.0,0,2,1,0,http://p.upcdn.pengpengla.com/star/p/u/2017/12/4/234d039a-ea0b-4d2c-8722-739c9c4d7645.jpg,星星永相随
650765.0,1512398896.0,0,0,0,0,http://p.upcdn.pengpengla.com/star/p/u/2017/12/4/dcbede5f-021d-4614-bee5-311d8ed9d0c4.jpg,永保初心 支持魏巡
650772.0,1512454979.0,0,2,0,0,http://p.upcdn.pengpengla.com/star/p/u/2017/12/5/a61827f3-21cd-4145-aba0-a75ce21b60d2.jpg,当然是pgone了
650880.0,1512998923.0,0,4,0,0,https://p.upcdn.pengpengla.com/star/p/u/2017/12/11/bc8350d8-ca4c-44d7-aca6-2ea38cde986a.jpg,♡
650893.0,1513181442.0,0,3,0,0,https://p.upcdn.pengpengla.com/star/p/u/2017/12/14/994d65eb-7355-4d23-808d-df1d28e7733c.jpg,还有谁？！毛不易
650915.0,1513376181.0,0,0,0,0,https://p.upcdn.pengpengla.com/star/p/u/2017/12/16/926e16c4-085d-49f3-ae7d-022253038dc2.jpg,最开始是我幂撒
650936.0,1513561504.0,0,8,0,0,https://p.upcdn.pengpengla.com/star/p/u/2017/12/18/b760d952-995c-4006-ae0c-b9ffe4565fd2.jpg,活了20几年，从来没有追过星的我 为了你体验了一把疯狂的人生。谢谢你 爱你 永远支持你！！！
650986.0,1513913444.0,0,1,0,0,https://p.upcdn.pengpengla.com/star/p/u/2017/12/22/a6e51e6d-972f-4331-b881-65066f22aafa.jpg,爱你
651011.0,1514182663.0,0,13,0,0,https://p.upcdn.pengpengla.com/star/p/u/2017/12/25/7cfe68e6-7ace-460f-9fcd-b678e6804b96.jpg,迩是年少的欢喜❤
651056.0,1514478746.0,0,1,0,0,https://p.upcdn.pengpengla.com/star/p/u/2017/12/29/e7524bcb-236d-447f-9e86-b55721555ddf.png,唯爱戴景耀
651107.0,1514911824.0,0,3,0,0,https://p.upcdn.pengpengla.com/star/p/u/2018/1/3/0e51870c-1edb-469d-a651-dca7d22ddf18.jpg,林宥嘉  以后也会是他
651159.0,1515482932.0,0,10,0,0,https://p.upcdn.pengpengla.com/star/p/u/2018/1/9/9cae9949-cc13-4c93-8d2b-70f334d51e18.jpg,第一次看到他们是快本，当时是感觉，这三个好帅，什么什么的，但是到最后感觉我好像不是因为长的帅，喜欢上他们，不能说没有，只能说更多的还是实力，吸引了我，四年了，我还在，你们呢？
651211.0,1516018960.0,0,11,0,0,https://p.upcdn.pengpengla.com/star/p/u/2018/1/15/a6644e11-e010-4650-aaa7-e8e05acb01af.jpg,初心是这个梨涡少年，不知不觉已经喜欢你是四半了，在这四年半里，见过你的苦，你的泪，还有你的笑，现在我们的小千千长大了，也不爱笑了，很久没看到你的梨涡了，我会一直陪你走下去，
651260.0,1516026355.0,19067,6,0,0,https://p.upcdn.pengpengla.com/star/p/u/2018/1/15/5664dbeb-1959-4116-8fc2-07f8b5a9af34.jpg,粉丝见面会n2017-12-24 15:00
651309.0,1506317418.0,0,0,0,0,http://p.upcdn.pengpengla.com/star/p/u/2017/9/25/783301aa-322f-44e4-a515-211266c72642.png,我家爱豆吃东西特别萌，超级萌😄😄😄n图片就是我家爱豆@Acrush_安俊浠@Acrush_安俊浠@Acrush_安俊浠
651343.0,1506324095.0,0,1,0,0,http://p.upcdn.pengpengla.com/star/p/u/2017/9/25/61b48556-b1af-42d8-a33c-7534622e791d.jpg,薯条搭面条吃法2333
651383.0,1506335287.0,0,1,0,0,http://p.upcdn.pengpengla.com/star/p/u/2017/9/25/f6060e94-9d61-4f6a-b0c2-98e24707e305.jpg,  #晏紫东# 。 #晏紫东天下无诈# 。 #晏紫东梁山伯与祝英台# 。@晏紫东 晏紫東，願你的演技受到肯定，願你被世界溫柔以待  #喵星人和熊孩子[音乐]# 。 #晏紫东梁山伯# 。#演员晏紫东# 。 #歌手晏紫东# 。#晏紫东独步天下#  。@梁山伯与祝英台影视剧 。#晏紫东田禾# 。#晏紫东大话西游之爱你一万年# 
651386.0,1506335969.0,0,2,0,0,http://p.upcdn.pengpengla.com/star/p/u/2017/9/25/c0da2e2e-658e-420a-bbf3-6b34dc785774.jpg,谁还没有个喜欢吃的爱豆呢
651387.0,1506337022.0,0,60,0,0,http://p.upcdn.pengpengla.com/star/p/u/2017/9/25/6120e475-6110-459d-86f7-57b84308d446.jpg,大佬啊，看这架势😁
651390.0,1506338328.0,0,3,0,0,http://p.upcdn.pengpengla.com/star/p/u/2017/9/25/0d4c6466-ab44-49c6-bb18-757e0f360dfa.jpg,还！有！谁！！
651397.0,1506339663.0,0,2,0,0,http://p.upcdn.pengpengla.com/star/p/u/2017/9/25/9b8e8a0c-2799-485d-bcc8-0a01106cc343.jpg,郭子凡  吃货宝贝  就是不能吃辣  但是最中意蛋糕 烤腰子等等等...  是有名的吃货宝宝
651450.0,1506353466.0,0,5,0,0,http://p.upcdn.pengpengla.com/star/p/u/2017/9/25/bb220e79-a157-402c-9b2d-857877676e7a.jpg,😏😏😏
651507.0,1506421651.0,0,129,0,0,http://p.upcdn.pengpengla.com/star/p/u/2017/9/26/b68dd62d-b259-42c2-8716-5f8eea84a21b.gif,老薛急起来，项链都吃
651521.0,1506430818.0,0,1,0,0,http://p.upcdn.pengpengla.com/star/p/u/2017/9/26/242449b0-570c-4043-98f3-192239134654.jpg,我家胖玉，不你一点都不胖在我这么心里永远是男神 @李玉刚😘么么哒
651556.0,1506480403.0,0,1,0,0,http://p.upcdn.pengpengla.com/star/p/u/2017/9/27/72964c11-f92c-43fc-a936-94df13ea4f20.png,贼爱吃，尤其是肉肉肉肉肉🤣
651568.0,1506498036.0,0,6,0,0,http://p.upcdn.pengpengla.com/star/p/u/2017/9/27/a299aebf-83ec-43b8-9008-2407cddb5b51.gif,让人有食欲的吃货
651611.0,1506525623.0,0,3,0,0,http://p.upcdn.pengpengla.com/star/p/u/2017/9/27/59391ee0-bf9f-4dff-b837-97475f6a0849.gif,萌
651668.0,1506732077.0,0,0,0,0,http://p.upcdn.pengpengla.com/star/p/u/2017/9/30/dc9bbef0-0544-4c5d-8d1b-58ac408e314e.jpg,可爱到爆炸的格格。
651678.0,1506749505.0,0,1,0,0,http://p.upcdn.pengpengla.com/star/p/u/2017/9/30/fad1c5b9-07d5-4016-bebd-4f348742579f.jpg,我们家的多多
651730.0,1506848993.0,0,2,0,0,http://p.upcdn.pengpengla.com/star/p/u/2017/10/1/2c71a750-7ab6-4276-b8b4-bd30e0e024eb.jpg,鹿❤️
651734.0,1506867232.0,0,2,0,0,http://p.upcdn.pengpengla.com/star/p/u/2017/10/1/6c165573-8cd8-4094-9d1f-99e0d2bd9b30.jpg,好萌的
651808.0,1507099730.0,0,2,0,0,http://p.upcdn.pengpengla.com/star/p/u/2017/10/4/221b1710-e9fb-4954-a615-b71ee66645a4.jpg,敏公主和妍王子
651832.0,1507159521.0,0,8,0,0,http://p.upcdn.pengpengla.com/star/p/u/2017/10/5/5f86c7ae-0835-4afd-b903-013e71a83da3.jpg,熊梓淇❤️
651846.0,1507182529.0,0,8,0,0,http://p.upcdn.pengpengla.com/star/p/u/2017/10/5/7376f5de-4b4d-44e1-a2c3-13e33bd9ff56.jpg, 
651854.0,1507196501.0,0,0,0,0,http://p.upcdn.pengpengla.com/star/p/u/2017/10/5/9d218c83-2637-47bc-a3c3-3e3e69e03a46.gif,连吃个东西都这么帅.😍😍😍
651867.0,1507208501.0,0,100,1,0,http://p.upcdn.pengpengla.com/star/p/u/2017/10/5/629e64a1-b5f9-45ce-ac53-da1f8234c740.jpg,谦友们出来，说说看！这是不是也很萌！😂n我们家就是特别不一样...😂
651888.0,1507259138.0,0,7,0,0,http://p.upcdn.pengpengla.com/star/p/u/2017/10/6/d9551649-d8c0-403c-b1c2-d7b9e61a36dd.jpg,小啵教你如何仙子吃饭
651935.0,1507346307.0,0,1,0,0,http://p.upcdn.pengpengla.com/star/p/u/2017/10/7/98ca1f9b-664b-4494-9cee-55e573294b51.jpg,杰爸爸肯定是吃货滴
652032.0,1507646436.0,0,3,0,0,http://p.upcdn.pengpengla.com/star/p/u/2017/10/10/8e90917b-f9a9-46de-9dca-51fc8459fb39.jpg,熊梓淇，吃东西的时候真的好像只小仓鼠
652073.0,1507745103.0,0,34,0,0,http://p.upcdn.pengpengla.com/star/p/u/2017/10/12/27c8be43-1a6d-41f2-8fe6-d63f5a2eb11f.jpg,吃肥肥的谦谦❤
652131.0,1507967158.0,0,1,0,0,http://p.upcdn.pengpengla.com/star/p/u/2017/10/14/af791c25-7236-4b5e-8fc3-eefd37ca01ee.jpg,萌萌的磊少😘
652135.0,1507980001.0,0,2,0,0,http://p.upcdn.pengpengla.com/star/p/u/2017/10/14/da72a0dc-7160-4cce-b89a-a86caeefe536.jpg,吃粉丝，小凯哥你下得去口！
652158.0,1508043094.0,0,0,0,0,http://p.upcdn.pengpengla.com/star/p/u/2017/10/15/2902e0e0-9ff8-4b3a-9067-7c460decdf2f.jpg,西瓜🍉王子
652162.0,1508045124.0,0,1,0,0,http://p.upcdn.pengpengla.com/star/p/u/2017/10/15/acfd4a7a-f6b9-4b32-a845-4b43d7bf841f.jpg,我巡哥喝水都这么有魅力💐💐💐
652167.0,1508045500.0,0,1,0,0,http://p.upcdn.pengpengla.com/star/p/u/2017/10/15/99a9ade1-dcbc-406c-b00e-71b039783d56.png,认真的男人最帅了🌷🌷🌷
652168.0,1508045562.0,0,1,0,0,http://p.upcdn.pengpengla.com/star/p/u/2017/10/15/af9b6994-b107-451a-8f8a-91305f5b8d6a.png,看我巡哥多有范儿🌺🌺🌺
652178.0,1508050729.0,0,1,0,0,http://p.upcdn.pengpengla.com/star/p/u/2017/10/15/b3cf5f78-723a-49d9-98e7-d8a36eb1c33b.jpg,可帅可可耐😳😳😂😂
652189.0,1508113448.0,0,4,0,0,http://p.upcdn.pengpengla.com/star/p/u/2017/10/16/340256f5-de0a-44de-936c-6d1a9dd67fcf.jpg,想在这里怼狗哥，但不是地方，毕竟我也是个真爱粉。
652247.0,1508377250.0,0,38,0,0,http://p.upcdn.pengpengla.com/star/p/u/2017/10/19/863c5a32-0c65-47a6-8de4-8b3137e2d969.jpg,由于面子问题  还有一些“特萌”照我就不公布了…🤓
652259.0,1508466905.0,0,2,0,0,http://p.upcdn.pengpengla.com/star/p/u/2017/10/20/4064452d-53c6-42ee-a480-c5a92fb80056.jpg,可爱的昭林❤❤
652281.0,1508506069.0,0,5,0,0,http://p.upcdn.pengpengla.com/star/p/u/2017/10/20/52b3e01e-86be-4baf-b5be-3da9a4e568bd.jpg,周震南，周炸*，最萌吃货！🌹
652300.0,1508546288.0,0,2,0,0,http://p.upcdn.pengpengla.com/star/p/u/2017/10/21/acf8ab02-2d7c-4b46-8a69-e334b42fb750.jpg,hhhh
652313.0,1508561016.0,0,3,0,0,http://p.upcdn.pengpengla.com/star/p/u/2017/10/21/3cc2990e-c7d3-4402-bdde-1bf9b62c9469.jpg,我家精分薛和果果萌萌哒
652323.0,1508570840.0,0,1,0,0,http://p.upcdn.pengpengla.com/star/p/u/2017/10/21/3b2d3b9d-2375-4421-9dbd-5fb85607fa15.png,😍😘
652405.0,1508773774.0,0,1,0,0,http://p.upcdn.pengpengla.com/star/p/u/2017/10/23/56aa215f-e2b4-48de-a876-c58d0ffc43f0.jpg,萌萌的嘉尔   加油哦
652414.0,1508808167.0,0,2,0,0,http://p.upcdn.pengpengla.com/star/p/u/2017/10/24/850c569c-50d8-486a-b1af-0f286d857c1c.jpg,生日快乐秀晶啊
652421.0,1508824031.0,0,1,0,0,http://p.upcdn.pengpengla.com/star/p/u/2017/10/24/db0d3c36-d9e9-4a9d-b8ac-64abe5ab657a.gif,心空了～
652449.0,1508936226.0,0,2,0,0,http://p.upcdn.pengpengla.com/star/p/u/2017/10/25/40fdddb9-32dd-4ee0-9fae-f4002d15ff2f.jpg,迷人♡
652464.0,1508992924.0,0,8,0,0,http://p.upcdn.pengpengla.com/star/p/u/2017/10/26/d30a1984-b892-4590-b5bd-4f06b8f449c3.jpg,我们老万就爱吃脆桃，脆苹果啥的。n
652466.0,1508996760.0,0,1,0,0,http://p.upcdn.pengpengla.com/star/p/u/2017/10/26/3817e049-c922-4c47-ab7f-476b30560777.jpg,张艺兴张艺兴二胎sheep大卖
652493.0,1509087891.0,0,0,0,0,http://p.upcdn.pengpengla.com/star/p/u/2017/10/27/c51de389-dd84-486c-9dae-c46f58aad884.jpg,我的毛毛手是亮点
652494.0,1509090190.0,0,21,0,0,http://p.upcdn.pengpengla.com/star/p/u/2017/10/27/31b8fcb3-fdc1-4ace-8c8f-886f0f444cb4.gif,吃货花
652496.0,1509094532.0,0,3,0,0,http://p.upcdn.pengpengla.com/star/p/u/2017/10/27/74d9a209-8855-4ad3-914f-c659b779cead.jpg,这么好看的人啊😍😍
652542.0,1509188623.0,0,0,0,0,http://p.upcdn.pengpengla.com/star/p/u/2017/10/28/93a82671-f348-42c5-9a70-df50aace88f2.gif,呵 女人😏
652598.0,1509364811.0,0,16,0,0,http://p.upcdn.pengpengla.com/star/p/u/2017/10/30/95403991-1e34-4737-a188-386b27450b89.jpg,肚子总是饿的花，大吃货
652623.0,1509428568.0,0,0,0,0,http://p.upcdn.pengpengla.com/star/p/u/2017/10/31/6acec23a-e17a-4daa-b276-045b59095506.jpg,吃东西也辣么可爱
652643.0,1509511601.0,0,12,0,0,http://p.upcdn.pengpengla.com/star/p/u/2017/11/1/99b3145c-8d05-4d25-af3f-1e40c2e21bf6.jpg,华晨宇请好好吃饭，一个晚上没睡也要记得吃东西
652645.0,1509512022.0,0,0,0,0,http://p.upcdn.pengpengla.com/star/p/u/2017/11/1/769ed79b-10d9-4b09-8d32-bb301b610450.jpg,它是个超级小吃货呦
652675.0,1509595586.0,0,4,0,0,http://p.upcdn.pengpengla.com/star/p/u/2017/11/2/aa929b61-a109-418a-b2c8-e3e4f5acdc6c.jpg,ennm不要以为你很无辜，就是你了，吃货鹿
652685.0,1509617778.0,0,11,0,0,http://p.upcdn.pengpengla.com/star/p/u/2017/11/2/98593fef-c46f-487e-9364-62e86f4e5392.jpg,怎麼能忘了這隻🐷
652687.0,1509620973.0,0,0,0,0,http://p.upcdn.pengpengla.com/star/p/u/2017/11/2/3390ea81-056f-4b5b-8811-f90029199863.gif,粉上一个吃货饱饱只好一起吃了
652696.0,1509669406.0,0,1,0,0,http://p.upcdn.pengpengla.com/star/p/u/2017/11/3/d31cfe2d-8563-4bc3-afe2-125818436dc2.jpg,吃花算吗😂
652705.0,1509691177.0,0,8,0,0,http://p.upcdn.pengpengla.com/star/p/u/2017/11/3/968d4152-dedb-42ae-96a7-b9d8d2580b25.jpg,大吃货，除了我，可能什么都吃吧😂@华晨宇yu
652720.0,1509723270.0,0,21,0,0,http://p.upcdn.pengpengla.com/star/p/u/2017/11/3/aa007e2a-4fe5-4b2f-8adc-7cc5edab76cc.jpg,没错，是吃货坤本人了🤔🤔🤔
652722.0,1509724776.0,0,3,0,0,http://p.upcdn.pengpengla.com/star/p/u/2017/11/3/31ad34bf-6800-493c-a66e-a88b8fdd2c44.jpg,吃个东西，喝着红酒都那么可爱…
652728.0,1509752351.0,0,4,0,0,http://p.upcdn.pengpengla.com/star/p/u/2017/11/4/3a0e9127-771e-49d7-b5fc-ae89d69cc4d2.png,两个字    十九画     意中人陈翔
652733.0,1509781683.0,0,2,0,0,http://p.upcdn.pengpengla.com/star/p/u/2017/11/4/23dac29c-2c5c-4184-80e2-23a36781bd2c.jpg,emmm~
652762.0,1509890760.0,0,9,0,0,http://p.upcdn.pengpengla.com/star/p/u/2017/11/5/e6f5fd3a-255b-4148-9dec-97f9cb380c20.jpg,非常好看的毛不易❤
652772.0,1509936624.0,0,4,0,0,http://p.upcdn.pengpengla.com/star/p/u/2017/11/6/0bd96d19-a82e-46e7-902b-77a2813de2f0.jpg,🌸🌸🔥🔥对对对，你最可爱🙈
652790.0,1510037021.0,0,0,0,0,http://p.upcdn.pengpengla.com/star/p/u/2017/11/7/055ebd92-011e-4444-a5de-3f7765d8cb86.jpg,王三岁小盆友
652819.0,1510212907.0,0,0,0,0,http://p.upcdn.pengpengla.com/star/p/u/2017/11/9/23369d53-a5eb-41d4-adb9-515b8fcab3d6.jpg,吃货 黄汐源
652840.0,1510357034.0,0,2,0,0,http://p.upcdn.pengpengla.com/star/p/u/2017/11/11/ce612f0d-3fb3-4d18-bb32-d43b46d0d6ea.gif,我家花花连草都吃，他不是吃货是什么😂
652883.0,1510488313.0,0,3,0,0,http://p.upcdn.pengpengla.com/star/p/u/2017/11/12/55f9273f-6381-427a-8c64-8f95d488dc02.jpg,好萌😍😍
652947.0,1510900537.0,0,0,0,0,http://p.upcdn.pengpengla.com/star/p/u/2017/11/17/f6153434-79c9-43c7-b807-6acf3ecf19a2.jpg,蛋挞小王子的称号可不是虚的，一分钟能吃15个蛋挞呢😏@彭昱畅❤️
652958.0,1510965986.0,0,2,0,0,http://p.upcdn.pengpengla.com/star/p/u/2017/11/18/d1f3ffe7-1c2c-4a0d-8468-71b61a302624.jpg,老可爱了！
652992.0,1511159940.0,0,0,0,0,http://p.upcdn.pengpengla.com/star/p/u/2017/11/20/3714c5c5-49f8-49f7-bc87-be91524d8e4c.jpg,这个是真的萌到心坎里 想吃又吃不到 紧紧抱着🤦‍♀️
653048.0,1511755687.0,0,11,1,0,http://p.upcdn.pengpengla.com/star/p/u/2017/11/27/f3d2c86d-8f1f-4b30-80be-b672ffaae7b7.jpg,那么萌
653074.0,1511913271.0,0,1,0,0,http://p.upcdn.pengpengla.com/star/p/u/2017/11/29/b1c71ef0-1c8b-4f2b-9002-049ee5c1e2ee.jpg,哈哈哈  傻瑜
653091.0,1512145199.0,0,5,0,0,http://p.upcdn.pengpengla.com/star/p/u/2017/12/2/020e78c5-082d-4fa9-991a-dea85212847a.jpg,他最可爱了
653119.0,1512468650.0,0,0,0,0,http://p.upcdn.pengpengla.com/star/p/u/2017/12/5/bf55d2e0-3e21-4882-a9ee-5755ae95d78e.jpg,☺王博文小白
653125.0,1512570799.0,0,6,0,0,http://p.upcdn.pengpengla.com/star/p/u/2017/12/6/dd9cf83f-e739-4085-abc5-a74d7a5a44fd.jpg,欧派噗噗噗噗噗噗
653170.0,1513581067.0,0,3,0,0,https://p.upcdn.pengpengla.com/star/p/u/2017/12/18/5824f2a1-d588-4944-8a41-a9b34aa8cf43.jpg,吃辣条的老大
653190.0,1514092449.0,0,0,0,0,https://p.upcdn.pengpengla.com/star/p/u/2017/12/24/fecb6ede-48af-4305-a7b0-0a768f50f8ea.jpg,希希帅脑公🤔️
653256.0,1515539017.0,0,0,0,0,https://p.upcdn.pengpengla.com/star/p/u/2018/1/10/ca5478d3-60fb-4db7-9256-8ce871295427.jpg,😁😁😁😁😁😁😁😁😁😁😁😁
653285.0,1516167451.0,0,0,0,0,https://p.upcdn.pengpengla.com/star/p/u/2018/1/17/56867199-93d9-48e2-b689-df1ef8ff3064.jpg,哈哈，战战绝对是个吃货啊
653295.0,1510676406.0,195,61,1,0,http://p.upcdn.pengpengla.com/star/p/u/2017/11/15/598d8dde-9a69-4470-94cb-7db5fb260afb.jpg,2017冬季星空演讲n2017-11-14
653296.0,1515556344.0,67,4,0,0,https://p.upcdn.pengpengla.com/star/p/u/2018/1/10/362265e8-4729-43e0-b155-94de49fe757f.jpg,电影《无问西东》“珍贵如你”全球首映礼r2018-01-09 19:30
653323.0,1514684780.0,37165,0,0,0,https://p.upcdn.pengpengla.com/star/p/u/2017/12/31/afb10148-c3ce-4b19-8bca-0db9a7b31d47.png,美特斯邦威见面会r2017-04-19
653328.0,1513578939.0,37165,9,2,1,https://p.upcdn.pengpengla.com/star/p/u/2017/12/18/3241f2ef-8c67-41a0-8b3f-5e7898b34b7e.jpg,“我是头条” 今日头条年度盛典 红毯r2017-12-17
653333.0,1513700131.0,37165,4,0,0,https://p.upcdn.pengpengla.com/star/p/u/2017/12/20/cb719160-bd50-47bf-a4a6-cf4c437f9b92.jpg,“以己之名”x玖少年团上海演唱会r2017-04-02 
653351.0,1513697704.0,34747,4,0,5,https://p.upcdn.pengpengla.com/star/p/u/2017/12/19/2f0c9dcc-6c4c-4570-aead-045777441884.jpg,昆明飞北京r2017-09-07
653353.0,1513699512.0,34747,6,0,0,https://p.upcdn.pengpengla.com/star/p/u/2017/12/20/d3f75721-ebc0-414b-84c5-dabe0adc8621.jpg,昆明飞北京r2017-09-07
653379.0,1516084961.0,34747,4,0,4,https://p.upcdn.pengpengla.com/star/p/u/2018/1/16/4d25b0cd-9664-4746-890a-2c3ec6451d95.jpg,昆明飞北京r2017-07-10
653427.0,1515635781.0,16010,59,0,0,https://p.upcdn.pengpengla.com/star/p/u/2018/1/11/23da23ca-568c-4c15-9403-0352f5da3a6a.jpg,宁波飞北京r2017-12-03
653467.0,1515150568.0,103997,6,0,0,https://p.upcdn.pengpengla.com/star/p/u/2018/1/5/4f85bb65-93ca-42b0-9dac-9418d6794341.jpg,#姚望lucas#n171230 成都粉丝见面会拍手n（cr DIEHARD / OMURICE / Peachcloud / mango）r
653470.0,1516031602.0,103997,15,0,0,https://p.upcdn.pengpengla.com/star/p/u/2018/1/15/ac5f0c21-f347-43ed-b6d0-24fd74aa712c.jpg,180109 成都✈️北京n【cr now and then/ 望月 / glamor/ staygold】
653478.0,1513773524.0,271,3,0,0,https://p.upcdn.pengpengla.com/star/p/u/2017/12/20/a44643a7-e2b2-46f2-9edd-a64e619d8372.jpg,北京飞成都r2017-12-05n成都到达
653486.0,1513777399.0,271,4,0,0,https://p.upcdn.pengpengla.com/star/p/u/2017/12/20/f74aa94d-401b-424a-a264-fd7cce0d19d2.jpg,洛杉矶飞上海r2017-09-01
653532.0,1512559973.0,827,221,46,14,http://p.upcdn.pengpengla.com/star/p/u/2017/12/6/8bd72c6b-81d2-4a53-82c1-f8d96cf7452d.jpg,「超级私房照」王博文の私房照r2017-12-06
653540.0,1512740099.0,539,35,7,2,https://p.upcdn.pengpengla.com/star/p/u/2017/12/8/f68d2701-3589-4902-bb1a-064b4fcffd8b.jpg,2017芭莎男士商业星力量巅峰人物年度盛典r2017-12-08 17:30
653546.0,1516121460.0,539,4,0,0,https://p.upcdn.pengpengla.com/star/p/u/2018/1/17/3238be6b-082a-4a0a-9cd2-e0fa67e5522f.jpg,电影《英雄本色2018》北京首映礼r2018-01-15n图源WindForest-KKW
653565.0,1512470868.0,30827,45,3,1,http://p.upcdn.pengpengla.com/star/p/u/2017/12/5/5afc6da6-01bf-4414-8caf-f49a7ca20cde.jpg,许魏洲2017light演唱会宣传片拍摄r2017-12-05
653723.0,1516180431.0,1,533,5,2,https://p.upcdn.pengpengla.com/star/p/u/2018/1/17/a115593a-5d85-4b3e-ae07-e1aab67cea31.jpg,2018年湖南卫视跨年晚会n2017-12-31
653797.0,1511873737.0,5,737,8,11,http://p.upcdn.pengpengla.com/star/p/u/2017/11/28/c04a218c-94f5-46d4-aefe-b09ce13e4a74.jpg,2017易烊千玺17岁生日会r2017-11-28 15:00
653916.0,1505888503.0,0,49,0,0,http://p.upcdn.pengpengla.com/star/p/u/2017/9/20/ce1773a0-cf27-48a3-beb9-c37a689d8a58.jpg,城堡的爱豆吴承轩笑容更迷人😍😍😍
653962.0,1509420165.0,0,0,0,0,http://p.upcdn.pengpengla.com/star/p/u/2017/10/31/5ca7644b-bc84-4f08-928b-d51505fe0946.jpg,你笑起来，乌云散开
653976.0,1505985247.0,0,0,0,0,http://p.upcdn.pengpengla.com/star/p/u/2017/9/21/696b0b12-ee76-447d-883e-5c2c3d6648f7.jpg,伍嘉成
654062.0,1505891534.0,0,0,0,0,http://p.upcdn.pengpengla.com/star/p/u/2017/9/20/26448d81-6d7c-4bf4-9620-91ac7adc81f6.jpg,肥肠有爆发力的洲洲 肥肠有感染力的酒窝
654068.0,1506253742.0,0,1,0,0,http://p.upcdn.pengpengla.com/star/p/u/2017/9/24/cfb4f20b-fb7b-401a-8f79-694430aa6422.jpg,魏魏（许魏洲天团）😽
654078.0,1506315253.0,0,1,0,0,http://p.upcdn.pengpengla.com/star/p/u/2017/9/25/11b6d106-553b-4123-903e-031c601b76e0.jpg,超甜的笑nRita黄汐源❤️
654082.0,1509276312.0,0,3,0,0,http://p.upcdn.pengpengla.com/star/p/u/2017/10/29/12be7edd-2bcd-47b5-bd6d-c2105423b4a7.jpg,当然我尧哥
654128.0,1506081965.0,0,3,0,0,http://p.upcdn.pengpengla.com/star/p/u/2017/9/22/ba8db8a7-b180-41a9-93bd-fc75610f88fe.jpg,你的笑容，亲们一直守护❤
654159.0,1506060193.0,0,3,0,0,http://p.upcdn.pengpengla.com/star/p/u/2017/9/22/46414e19-b242-4cb1-a49d-c9d20acd5524.jpg,晏紫東
654169.0,1506327519.0,0,1,0,0,http://p.upcdn.pengpengla.com/star/p/u/2017/9/25/4c8ccc82-dbd2-4491-817b-f68f42abf919.jpg,  #晏紫东# [愛你] #晏紫东天下无诈# 。 #晏紫东梁山伯与祝英台# 。@晏紫东 好喜歡晏紫東，願你的演技受到肯定，願你被世界溫柔以待  #喵星人和熊孩子[音乐]# 。 #晏紫东梁山伯# 。#演员晏紫东# 。 #歌手晏紫东# 。 #晏紫东大话西游之爱你一万年# 。 #晏紫东独步天下# 。 #电视剧天下无诈# 。@梁山伯与祝英台影视剧 。@愉此一生电视剧 。 #识汝不识丁晏紫东# 。
654180.0,1505879281.0,0,1,0,0,http://p.upcdn.pengpengla.com/star/p/u/2017/9/20/2f749418-890d-4b71-9ec6-e283b2e34346.jpg,💚
654181.0,1505879360.0,0,3,0,0,http://p.upcdn.pengpengla.com/star/p/u/2017/9/20/79e28cdc-869f-4c37-bea9-f0b5921d284f.jpg,侯明昊吖～
654304.0,1509110127.0,0,2,0,0,http://p.upcdn.pengpengla.com/star/p/u/2017/10/27/00295c78-6dea-4340-8d36-56fb50705f3e.jpg,微微一笑很倾城
654322.0,1506006074.0,0,254,0,0,http://p.upcdn.pengpengla.com/star/p/u/2017/9/21/ce7bd592-c457-4e6e-9856-b46cab216a30.jpg,一个笑容就足够
654417.0,1505807250.0,0,0,0,0,http://p.upcdn.pengpengla.com/star/p/u/2017/9/19/443defe3-6af9-4926-8b73-f3ff763b2776.jpg,逗比豪
654448.0,1509356629.0,0,0,0,0,http://p.upcdn.pengpengla.com/star/p/u/2017/10/30/ac095788-dd3e-4568-b0d8-8a1ba0e5d540.jpg,当然是我最最亲爱的杰谦啦❤贼迷人😍
654487.0,1505988942.0,0,2,0,0,http://p.upcdn.pengpengla.com/star/p/u/2017/9/21/b0b65757-a71d-4778-9af7-55a51b8425d4.jpg,😍😍😍😍😍😍
654496.0,1506059197.0,0,3,0,0,http://p.upcdn.pengpengla.com/star/p/u/2017/9/22/55716d42-949c-4727-ae71-12310277715d.jpg,❤只爱你，天宇❤
654509.0,1508633661.0,0,0,0,0,http://p.upcdn.pengpengla.com/star/p/u/2017/10/22/9925f9c4-aac7-4832-9b94-7e81ca0e3488.png,赫赫
654614.0,1508634953.0,0,4,0,0,http://p.upcdn.pengpengla.com/star/p/u/2017/10/22/936b186e-d1b4-49eb-a4b0-8bf1f4d3abcf.jpg,恩，高贵。
654685.0,1506443067.0,0,0,0,0,http://p.upcdn.pengpengla.com/star/p/u/2017/9/27/989f4501-d9f0-4380-bcb2-04f28e6a3036.jpg,X玖少年团嘉成兄弟的笑最迷人
654704.0,1506178316.0,0,2,0,0,http://p.upcdn.pengpengla.com/star/p/u/2017/9/23/175f0e48-0804-4089-9a94-2e575734a610.jpg,我们家两位小孩儿
654738.0,1505919472.0,0,19,0,0,http://p.upcdn.pengpengla.com/star/p/u/2017/9/20/6cbab3f5-c16b-49b6-8a0b-a52b5ae22895.jpg,万万
654805.0,1509698796.0,0,1,0,0,http://p.upcdn.pengpengla.com/star/p/u/2017/11/3/70cfce3d-7050-477c-8de9-acf1fdd8fa26.jpg,每次见到嘉尔的笑容心情都会变很好 很多时候想哭就会把他翻出来 他是真的给了我很多力量❤️
654807.0,1505826508.0,0,3,0,0,http://p.upcdn.pengpengla.com/star/p/u/2017/9/19/98c27611-112a-469c-8a3e-3f751fbf8724.jpg,帅
654817.0,1505902127.0,0,0,0,0,http://p.upcdn.pengpengla.com/star/p/u/2017/9/20/a50b6cff-b47e-4c19-a101-770691414289.jpg,破哥破哥你最帅，怎么可以这样❤️笑容打败太阳❤️
655023.0,1508847465.0,0,4,0,0,http://p.upcdn.pengpengla.com/star/p/u/2017/10/24/2e529f49-834f-4ec1-adee-29f01224701d.jpg,白敬亭！！💗
655052.0,1506070465.0,0,3,0,0,http://p.upcdn.pengpengla.com/star/p/u/2017/9/22/c14749b6-cf83-46db-8940-8fa0595df06f.jpg,带着老邢来凑个热闹.....
655093.0,1506006699.0,0,9,0,0,http://p.upcdn.pengpengla.com/star/p/u/2017/9/21/f55e3c1c-f2a2-41e6-8a19-7abaeaab4772.jpg,笑得可以说是灰常好看了
655179.0,1509380777.0,0,1,0,0,http://p.upcdn.pengpengla.com/star/p/u/2017/10/31/7a5b4c16-0c18-4c3b-b0ef-67ab87838e3e.gif,自己看啊😘
655185.0,1505925589.0,0,2,0,0,http://p.upcdn.pengpengla.com/star/p/u/2017/9/21/18d15212-30fc-4165-8485-f037643bf09a.jpg,我哪有什么愿望，唯一的愿望不过是你，能够永远这么开心下去罢了
655203.0,1505983182.0,0,2,0,0,http://p.upcdn.pengpengla.com/star/p/u/2017/9/21/3120e109-f9fb-4f04-9064-7f84982ea4d2.jpg,豆豆
655223.0,1505983902.0,0,3,0,0,http://p.upcdn.pengpengla.com/star/p/u/2017/9/21/3b0e06eb-d591-450b-b12a-c8d5fe1e910f.jpg,豆豆
655271.0,1505991331.0,0,0,0,0,http://p.upcdn.pengpengla.com/star/p/u/2017/9/21/620cadfa-d4e4-4477-ae15-4c0051c74a62.jpg,豆豆迷人的笑脸
655350.0,1507357053.0,0,0,0,0,http://p.upcdn.pengpengla.com/star/p/u/2017/10/7/c122fe47-e54c-4260-8e9a-c102846669d7.jpg,冬冬♥
655387.0,1506915611.0,0,1,0,0,http://p.upcdn.pengpengla.com/star/p/u/2017/10/2/6214cee1-1c9d-41d1-ad2d-4c31aeaa9b10.jpg,最迷人的笑容
655426.0,1508557976.0,0,1,0,0,http://p.upcdn.pengpengla.com/star/p/u/2017/10/21/df67d690-4d9c-4da9-8874-d277202ff287.gif,毫无悬念的三位啊啊啊啊啊
655432.0,1508737097.0,0,7,0,0,http://p.upcdn.pengpengla.com/star/p/u/2017/10/23/4c39dac0-a2b7-4ddc-96ac-35b30191c318.jpg,热巴的粉丝请点赞n
655435.0,1508636896.0,0,0,0,0,http://p.upcdn.pengpengla.com/star/p/u/2017/10/22/6c7f40fd-87fc-445d-bc88-3586c867241c.jpg,魏大勋啊～ଲଇଉକ❤❤❤
655465.0,1506145292.0,0,4,0,0,http://p.upcdn.pengpengla.com/star/p/u/2017/9/23/45b08d01-06ed-42ec-be9f-f5d93bd70845.jpg,邢大大🌸
655523.0,1505998164.0,0,0,0,0,http://p.upcdn.pengpengla.com/star/p/u/2017/9/21/1e3d6207-962f-4886-a97f-a3f56a27e1c0.jpg,窦骁的笑容就像阳光一样灿烂 直射人心！
655573.0,1508496504.0,0,2,0,0,http://p.upcdn.pengpengla.com/star/p/u/2017/10/20/9a5564ad-fa9d-4ed0-8f7f-5a9dedfe9e94.jpg,咩咩呐超可爱
655575.0,1505916719.0,0,2,0,0,http://p.upcdn.pengpengla.com/star/p/u/2017/9/20/0b3afbf3-2c38-4cb4-b830-d5d50d4b2bd2.gif,嗯
655626.0,1509447123.0,0,3,0,0,http://p.upcdn.pengpengla.com/star/p/u/2017/10/31/de8220ab-54d9-4a24-8470-927f19f1eeeb.jpg,温暖的窦骁
655640.0,1510652125.0,0,1,0,0,http://p.upcdn.pengpengla.com/star/p/u/2017/11/14/5d74240f-4800-4424-a450-51e1bda149e6.jpg,💕💕
655698.0,1505881503.0,0,3,0,0,http://p.upcdn.pengpengla.com/star/p/u/2017/9/20/7fff6b04-a34c-49df-8bbb-36332058ab30.jpg,这样的笑容能融化太阳☀！
655779.0,1505817960.0,0,6,0,0,http://p.upcdn.pengpengla.com/star/p/u/2017/9/19/98a13bc9-e3b2-4cde-a05d-244a908a9d46.jpg,想给你个拥抱，让全世界都知道。
655817.0,1505832466.0,0,1,0,0,http://p.upcdn.pengpengla.com/star/p/u/2017/9/19/1f32f074-f01e-4160-8a0e-fc8bc566991d.jpg,他的笑最迷人
655826.0,1509838534.0,0,6,0,0,http://p.upcdn.pengpengla.com/star/p/u/2017/11/5/8b24c473-d57e-4039-b2c9-6e825fd3b586.jpg,齁甜
655838.0,1508931754.0,0,4,0,0,http://p.upcdn.pengpengla.com/star/p/u/2017/10/25/cf405faf-e5bf-4c3e-919f-2f35f07fc115.jpg,是超可爱的微笑小可爱yu@华晨宇yu 啊
655842.0,1509000978.0,0,4,0,0,http://p.upcdn.pengpengla.com/star/p/u/2017/10/26/cb0357d2-a4a8-4ec3-a33a-290d4fb9a7fd.jpg,肉巴 小迪 热巴 胖迪 小姐姐❤️
655886.0,1505983321.0,0,3,0,0,http://p.upcdn.pengpengla.com/star/p/u/2017/9/21/ebd57be3-64b5-46bf-8749-1114109997a7.jpg,窦骁
655916.0,1511702765.0,0,0,0,0,http://p.upcdn.pengpengla.com/star/p/u/2017/11/26/57294c03-27ce-4955-bdf7-ae7a9dde7fce.jpg,+7
655963.0,1511350651.0,0,0,0,0,http://p.upcdn.pengpengla.com/star/p/u/2017/11/22/6e1d7e11-cdcb-42e8-bb8d-f85ce108e11e.gif,我的执离
656015.0,1505984439.0,0,4,0,0,http://p.upcdn.pengpengla.com/star/p/u/2017/9/21/7121ce18-36d3-448b-9cf0-34f52c49d179.jpg,图源微博@NeverLand_1025彭昱畅个人图博
656044.0,1506731704.0,0,5,0,0,http://p.upcdn.pengpengla.com/star/p/u/2017/9/30/bd13c919-89ab-48c0-9c61-03d799cd4933.jpg,我的鹿boss笑容最迷人，唯爱你鹿鹿鹿鹿
656061.0,1505971947.0,0,2,0,0,http://p.upcdn.pengpengla.com/star/p/u/2017/9/21/790afcc7-16a3-4fe3-8a64-33445f74e479.jpg,谁的笑容最好看？莫过于你了甜宇u003e3u003c
656086.0,1505875802.0,0,2,0,0,http://p.upcdn.pengpengla.com/star/p/u/2017/9/20/1d12a4fd-d3df-456e-bf16-9c9d96c2cf77.jpg,只要薛之谦还在笑，这个世界就不算太糟♡
656126.0,1510295357.0,0,0,0,0,http://p.upcdn.pengpengla.com/star/p/u/2017/11/10/f1f7de78-9119-4d63-9cd9-ea4147b80eec.jpg,毛不易呀
656145.0,1509361713.0,0,0,0,0,http://p.upcdn.pengpengla.com/star/p/u/2017/10/30/dc853b93-65a8-403d-bc80-8aba22edd4a6.jpg,当然是我家添福宝啦
656251.0,1506043920.0,0,3,0,0,http://p.upcdn.pengpengla.com/star/p/u/2017/9/22/4e9ca991-f6d9-4909-8b11-1ff1ebe9afef.jpg,怎么可以这样 笑容打败太阳
656277.0,1506406758.0,0,2,0,0,http://p.upcdn.pengpengla.com/star/p/u/2017/9/26/cc4c6ffe-a372-4dae-8280-3cc75c31b387.jpg,看着就好幸福的笑😊😊😊
656286.0,1505817946.0,0,1,0,0,http://p.upcdn.pengpengla.com/star/p/u/2017/9/19/fe56f691-1e2a-40f4-a315-68ae2ea757fa.jpg,韬韬笑的最好看
656301.0,1509366911.0,0,0,0,0,http://p.upcdn.pengpengla.com/star/p/u/2017/10/30/04c3183b-36c9-4b42-a273-5ed0d338453e.jpg,爱笑的男孩一定不会差吖.♡
656314.0,1506470592.0,0,2,0,0,http://p.upcdn.pengpengla.com/star/p/u/2017/9/27/c5630cac-63fe-4ac2-b086-9bd57d0d1f37.jpg,当然是我们的潘帅啊👏
656341.0,1505828529.0,0,1,0,0,http://p.upcdn.pengpengla.com/star/p/u/2017/9/19/f5d9e0a1-99d5-4255-b7ba-c66edd736cac.jpg,超级好看
656437.0,1505957058.0,0,1,0,0,http://p.upcdn.pengpengla.com/star/p/u/2017/9/21/954dff56-2476-49dc-abd4-9c3e62c6498c.png,终于等到你了
656486.0,1506056456.0,0,1,0,0,http://p.upcdn.pengpengla.com/star/p/u/2017/9/22/76b82baf-d694-4dcf-bd72-ffeae25b2ee2.jpg,☺好看～～～
656554.0,1506315738.0,0,1,0,0,http://p.upcdn.pengpengla.com/star/p/u/2017/9/25/39dabe91-bfb2-4f4c-af0b-e6e64f2eb3d4.gif,暖暖的，可爱
656702.0,1506045520.0,0,0,0,0,http://p.upcdn.pengpengla.com/star/p/u/2017/9/22/bc839a73-ef95-4254-814a-2ec3409cbee8.jpg,我巡的笑容，最杀到我😍😍😍😍😍想你念你心疼你，加油！愿一切安好！事事顺利！💪💪💪
656711.0,1511940497.0,0,0,0,0,http://p.upcdn.pengpengla.com/star/p/u/2017/11/29/86daff44-8841-4513-857a-3f4de7d49799.jpg,我们的JJ啊
656734.0,1509798889.0,0,1,0,0,http://p.upcdn.pengpengla.com/star/p/u/2017/11/4/c4eb16c6-d05d-4ba6-b15f-35a232a20ebb.jpg,众生皆苦，你是草莓味的
656735.0,1510156170.0,0,3,0,0,http://p.upcdn.pengpengla.com/star/p/u/2017/11/8/f49c64c0-e4c7-4ded-b5ec-1c91f90c1af6.jpg,我最喜欢老万了
656760.0,1506210934.0,0,1,0,0,http://p.upcdn.pengpengla.com/star/p/u/2017/9/24/942ffb13-dbdf-4469-8d08-25de3b56e25f.jpg,是你是你还是你@xzl
656783.0,1506339901.0,0,3,0,0,http://p.upcdn.pengpengla.com/star/p/u/2017/9/25/aae6c9ca-33b4-497d-8363-ebda86477bc5.gif,万万笑起来最暖了👧
656808.0,1506232739.0,0,3,0,0,http://p.upcdn.pengpengla.com/star/p/u/2017/9/24/cd9ab138-1d90-4646-90cb-94d7c92c5352.jpg,我瑜
656834.0,1506278741.0,0,1,0,0,http://p.upcdn.pengpengla.com/star/p/u/2017/9/25/cbaeb633-1947-4824-9545-3c0ebad9d41d.png,浪跡天涯的劍客，霸氣孟爺！！👑👑👑
656885.0,1506431058.0,0,0,0,0,http://p.upcdn.pengpengla.com/star/p/u/2017/9/26/0c975403-a0f4-4111-a0ea-941212a7380a.jpg,当然你的笑最迷人@李玉刚
656985.0,1509251239.0,0,3,0,0,http://p.upcdn.pengpengla.com/star/p/u/2017/10/29/73725411-f148-4780-a6d2-ec5417c99ec3.jpg,帅好看贼漂亮
657055.0,1509720239.0,0,2,0,0,http://p.upcdn.pengpengla.com/star/p/u/2017/11/3/c2079822-ceed-4d2a-a9f0-63f35a60e579.jpg,最甜的小甜豆---王博文
657091.0,1514074312.0,0,4,0,0,https://p.upcdn.pengpengla.com/star/p/u/2017/12/24/357d300c-4102-4bf0-ab63-22781c5fe663.jpg,俺家高冷又逗的大佬
657157.0,1507228941.0,0,0,0,0,http://p.upcdn.pengpengla.com/star/p/u/2017/10/6/0e45a5bc-901f-4220-8c21-d66883b7877b.jpg,幂一笑我也想笑(〃∇〃)
657166.0,1509456280.0,0,1,0,0,http://p.upcdn.pengpengla.com/star/p/u/2017/10/31/3f02e7c6-fa83-43bc-ad76-81ef23fd0d0b.jpg,小华
657247.0,1511531181.0,0,6,0,0,http://p.upcdn.pengpengla.com/star/p/u/2017/11/24/9f4875e6-fc01-4c2f-b7af-bca8816515cd.jpg,想你
657435.0,1509186681.0,0,2,0,0,http://p.upcdn.pengpengla.com/star/p/u/2017/10/28/626c294c-c683-4796-bb94-85bee8085913.jpg,wuli麦葛葛微笑最迷人
657503.0,1509079444.0,0,5,0,0,http://p.upcdn.pengpengla.com/star/p/u/2017/10/27/544cd899-aec0-4163-90d5-9b025a46651d.jpg,小可爱
657541.0,1508590392.0,0,1,0,0,http://p.upcdn.pengpengla.com/star/p/u/2017/10/21/b7df5089-fd30-4fd2-a9e0-220c8b04fe8b.jpg,好不容易找到几张凡哥笑的照片，酥炸了😍
657562.0,1510292371.0,0,3,0,0,http://p.upcdn.pengpengla.com/star/p/u/2017/11/10/ba7cdd41-c8e5-4b8e-8570-d8ccb66d2f07.jpg,孟子坤笑起来可好看了♥
657563.0,1510292495.0,0,2,0,0,http://p.upcdn.pengpengla.com/star/p/u/2017/11/10/76904388-c4d6-4827-b90d-5e56d2e47181.jpg,就你最好看，啵
657599.0,1508835269.0,0,2,0,0,http://p.upcdn.pengpengla.com/star/p/u/2017/10/24/d882feb2-d7c1-40e6-850f-a36f0a3d8105.jpg,小小的梨涡，笑的好开心
657661.0,1508449796.0,0,1,0,0,http://p.upcdn.pengpengla.com/star/p/u/2017/10/20/4b24136d-bf02-412a-a0fd-46e85cba3ee8.jpg,我們志龍
657673.0,1508560013.0,0,5,0,0,http://p.upcdn.pengpengla.com/star/p/u/2017/10/21/48b8c82f-2bd8-4503-8c6e-14091f1c2d52.jpg,笑容最治愈的我麦
657702.0,1508539822.0,0,1,0,0,http://p.upcdn.pengpengla.com/star/p/u/2017/10/21/8f971552-2659-4bf3-a11f-7f296d482707.jpg,鹿鹿鹿
657739.0,1508775200.0,0,2,0,0,http://p.upcdn.pengpengla.com/star/p/u/2017/10/24/0d7f076d-1f0c-417d-a26e-b9b241008009.jpg,温暖啊，我们的鲸鱼
657769.0,1508597335.0,0,1,0,0,http://p.upcdn.pengpengla.com/star/p/u/2017/10/21/e8453685-7ef7-4c26-bbac-e446f78fef7b.jpg,张铭恩小祖宗就是太阳啊
657799.0,1508675461.0,0,6,0,0,http://p.upcdn.pengpengla.com/star/p/u/2017/10/22/f47695f7-03e1-44c0-bdaa-b37c422a0985.jpg,大佬，该穿秋裤了！
657805.0,1509201762.0,0,3,0,0,http://p.upcdn.pengpengla.com/star/p/u/2017/10/28/c9ecf5fa-54a2-4c5a-9714-a12a7f525bde.jpg,很甜很甜
657839.0,1509378280.0,0,0,0,0,http://p.upcdn.pengpengla.com/star/p/u/2017/10/30/3babbf8d-217f-482f-8fed-08ebb68f64c3.png,这张图好早了，还留着。是你啊😊
657842.0,1509105853.0,0,3,0,0,http://p.upcdn.pengpengla.com/star/p/u/2017/10/27/2eec06d0-873e-4019-8e11-8adf75dc5416.jpg,一张。。。“镇楼”
657936.0,1509123961.0,0,2,0,0,http://p.upcdn.pengpengla.com/star/p/u/2017/10/28/7b5a9334-c393-4490-ba4d-3fbbd5a42183.jpg,杨洋的笑最迷人啦！！！😊
658024.0,1509544808.0,0,3,0,0,http://p.upcdn.pengpengla.com/star/p/u/2017/11/1/b6de18bc-7fa3-4df4-9d94-7371727dd022.jpg,最阳光的笑容在这里😋😋😋
658053.0,1509466561.0,0,0,0,0,http://p.upcdn.pengpengla.com/star/p/u/2017/11/1/2e44494e-8bc5-4457-a35a-99d1f8751b77.gif,甜
658063.0,1514901929.0,0,0,0,0,https://p.upcdn.pengpengla.com/star/p/u/2018/1/2/b4acbd9e-6a66-48b1-90c5-542929ea0e53.jpg,我的望啊 笑起来所有星星都亮了
658113.0,1510106923.0,0,1,0,0,http://p.upcdn.pengpengla.com/star/p/u/2017/11/8/8c0b968c-8958-4899-9dd2-e1480955e507.jpg,那必须是万万呀
658124.0,1509759288.0,0,2,0,0,http://p.upcdn.pengpengla.com/star/p/u/2017/11/4/31ebc003-1fa2-45ff-b70c-a35dbe57e9cd.jpg,少年初长成，tf家族敖子逸
658160.0,1509801943.0,0,0,0,0,http://p.upcdn.pengpengla.com/star/p/u/2017/11/4/489d6be1-bfeb-41f1-a84b-8d0c4044d168.jpg,小天使
658162.0,1510628653.0,0,1,0,0,http://p.upcdn.pengpengla.com/star/p/u/2017/11/14/76c90918-9537-4c61-8f67-aab74e71db04.png,笑到变形！
658184.0,1510016136.0,0,2,0,0,http://p.upcdn.pengpengla.com/star/p/u/2017/11/7/7036cc74-ce54-4b22-9a20-956370ce2b54.png,哈哈哈哈哈小太阳💚
658199.0,1510585473.0,0,1,0,0,http://p.upcdn.pengpengla.com/star/p/u/2017/11/13/20c77612-a118-4569-83d2-5b3aca02984e.jpg,☺
658275.0,1510840061.0,0,4,0,0,http://p.upcdn.pengpengla.com/star/p/u/2017/11/16/9eb14496-fd02-45b0-84ea-7e18b08ec394.gif,wuli奶包啊
658329.0,1514959360.0,0,0,0,0,https://p.upcdn.pengpengla.com/star/p/u/2018/1/3/f5840dac-59ab-43a7-9bd4-b58d59c12299.jpg,只要薛之谦还笑，这世界就不算太糟…
658431.0,1511787281.0,0,1,0,0,http://p.upcdn.pengpengla.com/star/p/u/2017/11/27/b314f109-1c48-4250-8ce6-3881f16e0613.jpg,啊，好帅的磊磊
658472.0,1514651091.0,0,1,1,0,https://p.upcdn.pengpengla.com/star/p/u/2017/12/31/93348e30-c6ab-4c4d-b0bf-0ce9804b40e2.jpg,孟子坤💜
658482.0,1512279036.0,0,11,0,0,http://p.upcdn.pengpengla.com/star/p/u/2017/12/3/dbea6b60-753a-4824-826e-e11bebb274cc.jpg,当然是江医生
658494.0,1511960566.0,0,1,0,0,http://p.upcdn.pengpengla.com/star/p/u/2017/11/29/41d5b2a4-a208-4b1c-b1c6-799ae507d2f3.jpg,老万一笑就捂脸［无奈］
658630.0,1513654123.0,0,16,0,0,https://p.upcdn.pengpengla.com/star/p/u/2017/12/19/b21fcdad-7ed5-4370-a8b5-03e46b80d631.jpg,啦啦啦😄
658631.0,1512911303.0,0,0,0,0,https://p.upcdn.pengpengla.com/star/p/u/2017/12/10/a1eb54c9-8774-46d8-af35-10970ef0d82e.jpg,王博文儿
658639.0,1514790752.0,0,0,0,0,https://p.upcdn.pengpengla.com/star/p/u/2018/1/1/025461fb-a6ea-45fd-a9b5-1046f0a57dae.jpg,我凡n12年到无限期
658683.0,1512990591.0,0,8,0,0,https://p.upcdn.pengpengla.com/star/p/u/2017/12/11/72517af2-972d-4d49-b654-e35e1603cddf.jpg,老胡😍😍
658758.0,1513816761.0,0,2,0,0,https://p.upcdn.pengpengla.com/star/p/u/2017/12/21/29880c68-de09-4f1b-87d6-2493f46e0854.jpg,治愈
658769.0,1516080087.0,0,1,0,0,https://p.upcdn.pengpengla.com/star/p/u/2018/1/16/1e0ab060-8b0e-4dc2-a9ff-f767f46de6d3.gif,笑的人心都化了😊😊😊😊
658780.0,1513954914.0,0,5,0,0,https://p.upcdn.pengpengla.com/star/p/u/2017/12/22/3b09cd4b-2112-4c14-ad5a-7cce38b0c329.jpg,🐻你怎么可以这样，笑容打败太阳☀
658796.0,1514535462.0,0,2,0,0,https://p.upcdn.pengpengla.com/star/p/u/2017/12/29/a2e5a395-e52a-4bd1-a552-656b4204a45b.jpg,侧面也帅呆了
658800.0,1514620382.0,0,1,0,0,https://p.upcdn.pengpengla.com/star/p/u/2017/12/30/545d7fe4-7686-4148-a6ce-f82b795b9089.jpg,高贵的毛不易先生哇
658921.0,1515388295.0,0,3,0,0,https://p.upcdn.pengpengla.com/star/p/u/2018/1/8/6c78dba5-1ad9-4ff3-9608-a3234863bea7.gif,千玺！！！
658987.0,1505466659.0,1,14,0,0,http://p.upcdn.pengpengla.com/star/p/u/2017/9/15/f374954d-b900-4054-b54f-709f28f2ff32.jpg,我们宝宝要18岁啦要成人了😭😭既舍不得也有些期待，从13年出道陪你走了四年，看着你一点点的成长，心里更多的是开心。作为爱豆作为榜样，你不得不逼迫自己赶快成长起来，记得你说过“接下来就换我来守护你们吧”，宝宝啊，不要给自己太大压力，做好自己，注意休息，我们一直都在💙
658997.0,1505467050.0,1,5,0,0,http://p.upcdn.pengpengla.com/star/p/u/2017/9/15/a0219857-faee-4c0a-bbda-203c1e85943c.jpg,喜欢你的第四年，也是你的成人礼。很开心也很荣幸能见证你的成长。你一直都很让粉丝放心，从没有让我们失望过。不要给自己太大的压力，我们都希望你还是那个纯净的少年，纯粹的为了自己的目标而努力。18岁的王俊凯生日快乐💙
659001.0,1505467168.0,1,0,0,0,http://p.upcdn.pengpengla.com/star/p/u/2017/9/15/53278816-338e-4bc0-902a-006b20b408c6.jpg,祝我们俊俊18岁生日快乐，未来一切可期
659018.0,1505468109.0,1,0,0,0,http://p.upcdn.pengpengla.com/star/p/u/2017/9/15/961f0db2-9311-41d0-a023-52a5f77599da.jpg,在14年刚刚认识你，转眼间你就要十八岁了，过程中，我参与了你的成长，看着你蜕变，你点亮了我的青春，未来的路，还要陪你走下去，十八岁生日快乐，爱你💙💙
659047.0,1505470460.0,1,1,0,0,http://p.upcdn.pengpengla.com/star/p/u/2017/9/15/859ba2af-0d44-4422-afec-daaa5d0cc9a6.png,18岁了，成年了，希望以后的你能越来越强大，能呼风唤雨，要风得风，要雨得雨，加油小凯
659121.0,1505479372.0,1,1,0,0,http://p.upcdn.pengpengla.com/star/p/u/2017/9/15/ba178577-47a2-4b97-9b5c-7de2c787c8b4.jpg,平安 健康 开心 快乐 是我对你最简单却也是最大的期盼n希望十八岁的你 会有一个长长的假期 在家里的小床好好睡一觉 又或者是去享受旅游 没有工作 没有学习 没有粉丝 过一下最平凡却也美好的生活n十八岁生日快乐哦n希望你的笑容永远不会消失
659136.0,1505480261.0,1,0,0,0,http://p.upcdn.pengpengla.com/star/p/u/2017/9/15/5c7d359e-a8fc-42c6-9272-400601e44fc5.png,只愿    不管王俊凯以后怎样，都不被娱乐圈同化。
659177.0,1505483252.0,1,0,0,0,http://p.upcdn.pengpengla.com/star/p/u/2017/9/15/81c9835b-e40d-45d7-80fe-064c0af74a51.jpg,在你中考之前我喜欢上了你第一次认识你是看到的这张照片那时候就要参加中考我也是后来发现你只比我小十天可是你却很努力我你让我心动让我心疼很多人都说比你长的帅的很多和你一样努力的也很多但是他们都只是别人是你给了我指引在同龄人当中你承担了更大的压力为了你的梦想十八岁希望你想的都能实现长到一米八站到更大舞台从开始到未来只为你我会一直陪着你即使你永远不会认识我即使我是你粉丝中渺小的一个人只要你快乐我就觉得幸福
659187.0,1505485515.0,1,0,0,0,http://p.upcdn.pengpengla.com/star/p/u/2017/9/15/c62efc9d-29bf-45f5-b8cc-14b69bf939b5.jpg,喜欢你才一个多月的时间，比起喜欢你四年的小螃蟹我是很短很短的了，但我也很很很喜欢你呀，天天向朋友同学炫耀安利你，因为你是我的小骄傲😄距离你的十八岁只有六天了🎂希望小哥哥能天天开开心心，吃好睡好长高高，像你说的“十八岁的路要自己走”，做最好的自己💙！
659201.0,1505488067.0,1,0,0,0,http://p.upcdn.pengpengla.com/star/p/u/2017/9/15/91352a8b-9ef8-4d84-8531-d4a2fbb829b4.jpg,一起走，一直在。不知道未来如何，但一定珍惜当下，因为你是我的青春，见证我的小疯狂。也请你一定继续努力，因为不管怎样，只要你仍然站在顶峰，无论我在哪里，无论过的怎样，至少看到你的光芒，还可以微微一笑。
659208.0,1505488842.0,1,0,0,0,http://p.upcdn.pengpengla.com/star/p/u/2017/9/15/be94dcfe-9e7f-407c-802f-fe035f43f909.jpg,💙我的小太阳...18岁生日快乐🎉太多感慨不知如何表达...你即将告别青涩时光 迎来人生第一个里程碑💙未来再多荆棘 我会继续陪着你💙不忘初心 对你的爱始终不变💙😘@TFBOYS-王俊凯😘
659211.0,1505489016.0,1,0,0,0,http://p.upcdn.pengpengla.com/star/p/u/2017/9/15/da0122ae-54a9-46f3-a22c-0e8eb9b6e9fb.png,18岁生日快乐啊小凯，一转眼你居然18岁了，还不敢相信，哈哈，你现在是大学生了，也是位大哥哥，那两位小弟弟就麻烦你照顾了😁喜欢上你是最近的事情，你的成熟稳重和帅气吸引着我，哈哈，陷于人品，中于才华😘
659256.0,1505501112.0,1,1,0,0,http://p.upcdn.pengpengla.com/star/p/u/2017/9/16/f92d2f3d-dd6f-4562-ba19-6b119637105e.jpg,愿你前程似锦 愿你一生无忧 愿你活得开心、活得痛快 n然后就是好好唱歌好好长大吧n看你从小土豆长成小男子汉真的感慨万千n舍不得又期待着你长大n不要留遗憾地去做梦吧，无论怎么样麻麻都会支持你、爱着你n小凯宝贝，十八岁生日快乐噢🎵
659338.0,1505537487.0,1,0,0,0,http://p.upcdn.pengpengla.com/star/p/u/2017/9/16/060ea22e-612b-427f-b093-a520279c5a0f.jpg,tfboys出道时，我被这三个帅气，呆萌，老干部的男孩吸引住了！在四周年演唱会是我又被那个蓝色少年吸引，我深深地被他迷住了，我开始看他参加过的每一个综艺，每一部电视剧，演唱过的每一首歌，虽然在他生日的那一天我不能用手机表达对他的祝福（学生党，学生党），但我依然在心里祝福他！王俊凯，18岁生日快乐，happy  birthday！
659383.0,1505551304.0,1,1,0,0,http://p.upcdn.pengpengla.com/star/p/u/2017/9/16/0bf7052c-b3b1-42ad-990b-c9394311028e.jpg,永远爱你，愿你永远都这么天真。虽然宝宝你呢，已经十八岁了，但是要一直每天活的像个未成年。小凯哥哥，祝你永远开心，加油
659415.0,1505558761.0,1,2,0,0,http://p.upcdn.pengpengla.com/star/p/u/2017/9/16/d22f344b-9ac8-4d28-b65c-6ec28483de4e.jpg,海绵宝宝和派大星成为了永远的好朋友n成年快乐小凯队长n18岁意味着自由和责任n愿你飞的很高n飞的很远 n还有不要孤单
659426.0,1505562447.0,1,0,0,0,http://p.upcdn.pengpengla.com/star/p/u/2017/9/16/dae730cc-d44c-49f2-bbc6-ec126fddee59.jpg,大哥，生日快乐！过了生日就是成年人了哦！要幸福，我一直在你身后守候。💙
659427.0,1505563012.0,1,1,0,0,http://p.upcdn.pengpengla.com/star/p/u/2017/9/16/9a61eaf3-bee6-4e3e-bb2e-4cfa40478dbf.jpg,最好的王俊凯
659454.0,1505571393.0,1,0,0,0,http://p.upcdn.pengpengla.com/star/p/u/2017/9/16/61ece07c-cd46-493a-bc53-f4d0e20ba315.jpg,9.21n就爱你💝💝
659471.0,1505576968.0,1,0,0,0,http://p.upcdn.pengpengla.com/star/p/u/2017/9/16/b87179e5-aefa-4ac5-9d62-d9e0d3bc40fd.jpg,答应我，不管是十八，二十八，甚至是八十岁，你都要这样开心地笑下去，你不知道，你嘴角扬起的那一瞬间，温柔了我的一整片天💙
659477.0,1505579784.0,1,2,0,0,http://p.upcdn.pengpengla.com/star/p/u/2017/9/17/52400cb5-df52-486c-b4c0-d01d19e5ebd4.jpg,我的仙子凯我的大哥 十八岁了，时间过的很快，大哥要成年了，以后的你都会比前一天的你棒，以后的你会越来越好，十八岁是人生中一个重要的点，你将承担更大的责任，可是阿，不要怕，我们在呢，18、28……我们都会在的，你勇敢的长大，勇敢的成长，勇敢的去努力，你说在十年后你要成为一个厉害的歌手，你现在已经往那条路越靠越近，真的快了。王俊凯十八岁生日快乐💙你要幸福啊
659485.0,1505604772.0,1,0,0,0,http://p.upcdn.pengpengla.com/star/p/u/2017/9/17/c75e9dce-14f0-4c9d-a326-0afba7358c4d.jpg,不管我有没有被选上，小凯你的生日一定要快乐！
659512.0,1505618196.0,1,0,0,0,http://p.upcdn.pengpengla.com/star/p/u/2017/9/17/5c560ae1-88aa-4361-a478-a3b6d666018e.jpg,祝帅帅的小凯18岁生日快乐！🎂希望你在大学的时候照顾好自己，不用让我们担心哦~😊
659557.0,1505634107.0,1,1,0,0,http://p.upcdn.pengpengla.com/star/p/u/2017/9/17/777941fc-eaf1-42f8-9790-50d4deb8237d.jpg,大哥，感觉好快啊！你就十八岁了，陪你过的第四个生日，我很开心😄，期待未来的你带给我们的惊喜！生日快乐！爱你❤
659610.0,1505694015.0,1,0,0,0,http://p.upcdn.pengpengla.com/star/p/u/2017/9/18/db1ed6cf-051c-4814-bd19-ffe994808b0a.jpg,18岁，站在人生的分界点，希望你一帆风顺，像风一样自由，像鸟🐦儿一样飞翔。一米八的执念男孩，那个执念一米八的男孩，你的执念实现了吗？18岁以后我在巅峰脚下等你，你会站在巅峰之上。18岁以后，希望你别再那么拼，我偶然间看到一句话:你不用每件事请都做到那么优秀，只要做到良好就行了，因为两者相加起来就是“优秀”。说到做到，你说过会照顾好自己。不管你在这世界的哪里，请兑现诺言，我会去见你。生日快乐🎂
659640.0,1505720708.0,1,1,0,0,http://p.upcdn.pengpengla.com/star/p/u/2017/9/18/e9c5420f-4756-4990-b7d3-28c8fde2dbcf.jpg,小凯生日快乐，永远永远守护你爱着你，我也会让我的女儿一直爱着你，凯宝加油，爱你永不变
659644.0,1505726636.0,1,1,0,0,http://p.upcdn.pengpengla.com/star/p/u/2017/9/18/49a1a757-9667-4c90-8d72-1aa7ea8cbf5d.jpg,祝王俊凯18岁生日快乐啦🎂🎂🎂希望小俊小朋友每天都能够开开心心的，能够无忧无虑的
659649.0,1505729666.0,1,1,0,0,http://p.upcdn.pengpengla.com/star/p/u/2017/9/18/f4ccada2-d3af-4d3b-b710-c6066a233a95.jpg,六年之约，我一定会和朋友去到现场，离你最近。
659694.0,1505816582.0,1,1,0,0,http://p.upcdn.pengpengla.com/star/p/u/2017/9/19/79346892-98af-4f8f-8da0-29ed866665df.jpg,我喜欢小凯，已经一千多天了，今年是小凯的十八岁生日，我希望小凯可以快快乐乐的。加油！我永远支持你
659697.0,1505817307.0,1,0,0,0,http://p.upcdn.pengpengla.com/star/p/u/2017/9/19/9d92e1e9-345c-4963-be9b-4c04de2b16dc.jpg,时光不老我们不散，王俊凯，你是我最好的凯魔！！
659763.0,1505885503.0,1,1,0,0,http://p.upcdn.pengpengla.com/star/p/u/2017/9/20/46ce1b0b-a592-4d2f-9694-a826d6ef5bb8.jpg,你说过每个人都有做梦的权利！你马上就要18岁了，先祝你生日快乐！你的梦想我们一起为你守护！
659767.0,1505888611.0,1,0,0,0,http://p.upcdn.pengpengla.com/star/p/u/2017/9/20/79adb00d-2c81-4bc2-9750-353e687d169c.jpg,从高三开始喜欢俊凯，高考完就急着去看当时开二周年的他，那时候距离不近，他很优秀，他很棒，不会觉得自己是个明星而觉得自己和别人不一样，他不搞特殊，为人低调，也尊师重道，他的性格他的为人更值得让我们去喜欢去赞美。现在是大学生的他，在一个新的环境，偶尔看到报道，看到大学生的他活力满满得和同学们打成一片，非常为他开心。成年的十八岁，重要的十八岁，转折的十八岁，希望可以去看他陪他度过这个非常有意义的十八岁。
659788.0,1505909254.0,1,0,0,0,http://p.upcdn.pengpengla.com/star/p/u/2017/9/20/7c887f24-0ad3-47f7-ba57-35d8760121ad.jpg,没入坑多久，之前有关注过你，现在是越了解越喜欢你，小凯十八岁生日快乐，做自己想做的事，小螃蟹会一直陪着你
659793.0,1505911434.0,1,1,0,0,http://p.upcdn.pengpengla.com/star/p/u/2017/9/20/4871a49e-5a3c-45b5-93dd-ffa82d13efdd.jpg,还有3小时王俊凯就成年了
659795.0,1505911904.0,1,0,0,0,http://p.upcdn.pengpengla.com/star/p/u/2017/9/20/dd4ed89c-7a35-4a2c-8168-5fe1fdfdb4e7.jpg,wuli大哥，18岁生日快乐啊！
659833.0,1505924964.0,1,0,0,0,http://p.upcdn.pengpengla.com/star/p/u/2017/9/21/1d958ef5-792e-41f7-94ef-498811fb8f4a.jpg,十八岁生日快乐，宝宝.n成长总在不经意间，眨眼间你就长大了，舍不得却又带着无限的祝福，宝宝，我们还会陪你很久很久很久，爱你很久很久很久n十七岁的王俊凯，再见n十八岁的王俊凯，你好💋
659836.0,1505925498.0,1,0,0,0,http://p.upcdn.pengpengla.com/star/p/u/2017/9/21/1dabbe3f-7918-4f68-9718-6b3a79d12905.jpg,思念万千，祝福无数，在此佳节，祝你生只快乐王俊凯😘😘！
659845.0,1505934624.0,1,4,0,0,http://p.upcdn.pengpengla.com/star/p/u/2017/9/21/2e4f7491-31cc-4e25-85b7-5587275c3603.jpg,我是看了你的四周年直播，然后2017.8.29确定喜欢上你，到今25天，虽然喜欢的时间不是很长，虽然在这之前我没早点认识你，但是以后我会一直在，一直喜欢你，如今你18岁了成年了，你肯定有很多自己想做的事，不管如何我都会支持你，雷打不动，一如既往的喜欢你，我喜欢你的笑，那小虎牙是真的可爱，深深地爱上了。对你的喜欢是说不完的，好了，不矫情了，王俊凯，18岁成年快乐，我喜欢你。你要好好的，三小只我的信仰
659848.0,1505947539.0,1,0,0,0,http://p.upcdn.pengpengla.com/star/p/u/2017/9/21/21d0693b-883b-40cb-88f4-f769256bbbe2.gif,小螃蟹长大了 长成了大螃蟹……未成年的你绝版了，成年后的你也很棒棒哒，希望在工作上你能有自己的主见，也希望你和朋友相处更好，以后的路还很长，不忘初心 方得始终，fighting fighting fighting 突然间不知道想说什么了，有点尬  那就这样吧!生日快乐——小凯  小凯   小凯   “因为爱”
659907.0,1505971221.0,1,2,0,0,http://p.upcdn.pengpengla.com/star/p/u/2017/9/21/a30ac41b-d783-4686-8a92-ec7141d65e12.jpg,也许喜欢你的时间不久，还好来得及见证你的十八岁成人礼，看着以前的小土豆一转眼长成大人模样，想祈祷时间慢些走，但少年终归要长大，能做的就是继续支持你，继续陪伴你长大，最后生日快乐！一定要平安快乐，健康成长！
659914.0,1505972331.0,1,1,0,0,http://p.upcdn.pengpengla.com/star/p/u/2017/9/21/9877ee26-7fa0-4fb4-a96c-db4114af8263.jpg,王俊凯生日快乐🎂🎂🎂
659922.0,1505973751.0,1,1,0,0,http://p.upcdn.pengpengla.com/star/p/u/2017/9/21/243f0181-9ffe-4b46-87ad-3c53ec4e32d6.jpg,喜欢舞台上耀眼的你，喜欢生活中爱笑的你，喜欢综艺上勇敢的你，喜欢电视剧里认真的你，喜欢训练室刻苦的你，喜欢默默付出善良的你，喜欢为了梦想不断付出的你…你的一切我们都爱🎂🎂生日快乐，小凯👑👑从开始到未来，我们不离不弃👼👼
659925.0,1505974391.0,1,0,0,0,http://p.upcdn.pengpengla.com/star/p/u/2017/9/21/71a2366c-0469-4d62-b05b-195085107a19.jpg,生快！！！！
659960.0,1505987169.0,1,0,0,0,http://p.upcdn.pengpengla.com/star/p/u/2017/9/21/39e386d4-edc4-4d3d-8193-013a90a9a123.jpg, 小凯生日快乐 今年就是个成年人了 要加油哦💕
659980.0,1505993306.0,1,0,0,0,http://p.upcdn.pengpengla.com/star/p/u/2017/9/21/4414370f-99d6-4adb-adb5-250e47a4e5e8.jpg,俊凯，18岁了，什么话都抵不过一句，生日快乐，小螃蟹永远在你身后
659989.0,1505994320.0,1,0,0,0,http://p.upcdn.pengpengla.com/star/p/u/2017/9/21/c5bc4943-55b7-4d76-a406-d763158e7f3a.jpg,再见，17岁的王俊凯n你好，18岁的王俊凯n💙💙💙💙💙💙💙
659996.0,1505996352.0,1,4,0,0,http://p.upcdn.pengpengla.com/star/p/u/2017/9/21/b3a9c9f8-b989-4ec5-a35b-e7b8ce27864b.jpg,第一次知道小凯的时候，是你们第一次上快本的时候，那时的我就开启了追星的模式。你是一个既有小孩子气的也是个成熟稳重的人。㊗️小凯十八岁生日快乐，十八岁的你不再是一个“小孩子”了，而是一个从懵懂到成熟的成年凯了。生日快乐🎉以后你就是成年凯了，成年的你一定会更优秀更完美的，希望你能依旧保持原来的单纯，希望你在工作上一帆风顺，祝你在大学生活每天开开心心！最后，小螃蟹永远支持你！🍀四叶草lucky🍀
660050.0,1506008765.0,1,1,0,0,http://p.upcdn.pengpengla.com/star/p/u/2017/9/21/3a88505c-817f-4381-911b-de02758664ce.jpg,💙💙💙
660063.0,1506059277.0,1,1,0,0,http://p.upcdn.pengpengla.com/star/p/u/2017/9/22/8ffda51c-4806-4eb7-8ba6-2fd486290cd2.jpg,太喜欢你了。
660156.0,1507088894.0,1,2,0,0,http://p.upcdn.pengpengla.com/star/p/u/2017/10/4/8a14a22e-96b9-4eed-8646-11e8dd5a1bd2.jpg,小凯，已经陪着你四个春夏秋冬💙n看着你一步步从小男孩成长为男子汉💙n真的很为你高兴💙n小凯，十八岁生日快乐💙n陪伴是最长情的告白💙n未来我们一直都在💙
660204.0,1509440474.0,1,3,0,0,http://p.upcdn.pengpengla.com/star/p/u/2017/10/31/481305af-a51c-467b-9921-7c4fb173e3e3.jpg,当你的眼睛眯着笑n就知道，你会有这样的成就n加油  加油  加油nkarry onn你一直在n小螃蟹一直在 n你不在 n小螃蟹也n一直在
660259.0,1514419695.0,1,5,0,0,https://p.upcdn.pengpengla.com/star/p/u/2017/12/28/cdf7deff-66db-4430-8f12-5705c29de967.jpg,腹有诗书气自华
660268.0,1514737830.0,1,10,0,0,https://p.upcdn.pengpengla.com/star/p/u/2018/1/1/fd4d5869-e18d-4825-a8be-4bb0ce8eb716.jpg,小凯，2018年快乐！
660329.0,1505278925.0,0,1,0,0,http://p.upcdn.pengpengla.com/star/p/u/2017/9/13/c9a01d31-bc0b-4e88-b30a-211b433315ea.png,江山如画又怎能比拟，你送我的风景💋
660364.0,1505282135.0,0,1,0,0,http://p.upcdn.pengpengla.com/star/p/u/2017/9/13/125027e0-9a0a-4416-b19b-33712a5828ca.jpg,任嘉伦💕
660415.0,1505286917.0,0,15,0,0,http://p.upcdn.pengpengla.com/star/p/u/2017/9/13/5b47a7d6-7e56-4e45-a0cd-8d274b134b0a.jpg,哈哈
660425.0,1505287422.0,0,33,0,0,http://p.upcdn.pengpengla.com/star/p/u/2017/9/13/715e0f36-a72b-4acf-81f4-56154fdc1f13.jpg,撩人窦！💜
660438.0,1505288092.0,0,2,0,0,http://p.upcdn.pengpengla.com/star/p/u/2017/9/13/f4dcbdfe-756d-49bb-a968-577159e3bacf.jpg,我们帅气的烟熏柿子🍅
660451.0,1505288403.0,0,10,0,0,http://p.upcdn.pengpengla.com/star/p/u/2017/9/13/5e3b248d-990a-44dd-8980-ccef24cbd25b.jpg,认真演戏的窦窦最撩
660452.0,1505288673.0,0,10,0,0,http://p.upcdn.pengpengla.com/star/p/u/2017/9/13/cdb0c9a6-dd70-436a-9b81-fe1876e177b7.jpg,最爱的窦窦
660502.0,1505291717.0,0,0,0,0,http://p.upcdn.pengpengla.com/star/p/u/2017/9/13/7bc4e11f-d0a9-4b7f-8cb4-6bb12f1fbc2f.jpg,黄礼格，我们的太阳之子，我们的暖心爱豆。
660523.0,1505292484.0,0,0,0,0,http://p.upcdn.pengpengla.com/star/p/u/2017/9/13/17316fc9-fd49-43a6-a9e8-1585f17d88a7.jpg,黄礼格，我们的太阳之子，我们的暖心爱豆。
660526.0,1505292596.0,0,0,0,0,http://p.upcdn.pengpengla.com/star/p/u/2017/9/13/c2842476-0bd9-40c6-afd7-514b958dbbb9.jpg,黄礼格，我们的太阳之子，我们的暖心爱豆。
660539.0,1505292978.0,0,0,0,0,http://p.upcdn.pengpengla.com/star/p/u/2017/9/13/ae016ef6-441e-4bac-a14a-eb6379cf8de5.jpg,黄礼格，我们的太阳之子，我们的暖心爱豆。
660561.0,1505295061.0,0,0,0,0,http://p.upcdn.pengpengla.com/star/p/u/2017/9/13/6cbb622f-451b-4872-8232-1d01260066f5.jpg,尹毓恪
660576.0,1505299995.0,0,0,0,0,http://p.upcdn.pengpengla.com/star/p/u/2017/9/13/75357dcb-8e88-4cb4-9404-1721728634cf.jpg,黄礼格，我们的太阳之子，我们的暖心爱豆。
660588.0,1505300927.0,0,0,0,0,http://p.upcdn.pengpengla.com/star/p/u/2017/9/13/92df0a42-cf9f-4f97-9b4f-9d025a269467.jpg,黄礼格，我们的太阳之子，我们的暖心爱豆。
660596.0,1505301139.0,0,0,0,0,http://p.upcdn.pengpengla.com/star/p/u/2017/9/13/ca8d17e4-ea6f-4553-9baa-e6bf871ed32e.jpg,黄礼格，我们的太阳之子，我们的暖心爱豆。
660619.0,1505304498.0,0,0,0,0,http://p.upcdn.pengpengla.com/star/p/u/2017/9/13/87eeacb1-fc3f-4bd2-aec0-1e3e019e5010.jpg,黄礼格，我们的太阳之子，我们的暖心爱豆。
660622.0,1505304595.0,0,0,0,0,http://p.upcdn.pengpengla.com/star/p/u/2017/9/13/9579ebc8-8a4f-4f3a-bab3-5cde6c877f9f.jpg,黄礼格，我们的太阳之子，我们的暖心爱豆。
660645.0,1505309828.0,0,2,0,0,http://p.upcdn.pengpengla.com/star/p/u/2017/9/13/4663a9e0-54ff-48be-8bee-aca620a1b753.jpg,❤️❤️❤️❤️❤️❤️❤️
660653.0,1505311123.0,0,0,0,0,http://p.upcdn.pengpengla.com/star/p/u/2017/9/13/24fb4497-ce91-48e2-9d48-8559b989a962.jpg,尹毓恪
660708.0,1505321830.0,0,0,0,0,http://p.upcdn.pengpengla.com/star/p/u/2017/9/14/dd8384a6-6bd4-427f-beae-55c0d00637fc.jpg,小粤粤
660719.0,1505347336.0,0,2,0,0,http://p.upcdn.pengpengla.com/star/p/u/2017/9/14/f1600246-1b5d-4305-a49e-520c5626a491.jpg,世界这么大，n庆幸我能遇到你；n青春这么长，n感恩我能陪伴你。n山高水长，绿水相依，n未来我一直都会在@熊梓淇
660726.0,1505351281.0,0,0,0,0,http://p.upcdn.pengpengla.com/star/p/u/2017/9/14/69acb463-022f-47cd-adf5-d1c04458d45e.jpg,黄礼格，我们的太阳之子，我们的暖心爱豆。
660800.0,1505385418.0,0,1,0,0,http://p.upcdn.pengpengla.com/star/p/u/2017/9/14/808cf7fe-1886-472c-b805-c38737b69864.gif,  #晏紫东# 。 #晏紫东天下无诈# 。 #晏紫东梁山伯与祝英台# 。@晏紫东 好喜歡晏紫東，願你被世界溫柔以待  #喵星人和熊孩子[音乐]# 。 #晏紫东梁山伯# 。#演员晏紫东# 。 #歌手晏紫东# 。#晏紫东独步天下#  。@梁山伯与祝英台影视剧 。#晏紫东田禾# 。#晏紫东大话西游之爱你一万年# 。
660840.0,1505399860.0,0,5,0,0,http://p.upcdn.pengpengla.com/star/p/u/2017/9/14/80370740-75ac-4c8a-990b-e7d6f9e356c8.jpg,恩，巡哥就是随时随地都可以撩的那种……
660873.0,1505432330.0,0,19,0,0,http://p.upcdn.pengpengla.com/star/p/u/2017/9/15/db073e90-01a2-4555-892b-b27fd1ea9267.gif,鹿鹿鹿鹿哥
660895.0,1505449448.0,0,1,0,0,http://p.upcdn.pengpengla.com/star/p/u/2017/9/15/29a66191-504a-45eb-95dd-0d69b5e081f6.gif,第一张是超级苏的插口袋❤第二张就是wink~超苏超撩😘
660917.0,1505462598.0,0,1,0,0,http://p.upcdn.pengpengla.com/star/p/u/2017/9/15/cb59606d-43a5-4204-b639-3d743eeac88b.jpg,帅
660955.0,1505479328.0,0,1,0,0,http://p.upcdn.pengpengla.com/star/p/u/2017/9/15/b7724c95-e539-4d37-aa81-eaf7ac17d364.jpg,冯建宇😍😍
661007.0,1505500110.0,0,2,0,0,http://p.upcdn.pengpengla.com/star/p/u/2017/9/16/0c84130d-9301-4585-9831-97940ce2d86d.jpg,撩😘
661061.0,1505538121.0,0,2,0,0,http://p.upcdn.pengpengla.com/star/p/u/2017/9/16/353cd3ed-6352-41df-b1f2-db9376a92251.jpg,寻寻幂幂，不离不弃💗💗
661064.0,1505539084.0,0,0,0,0,http://p.upcdn.pengpengla.com/star/p/u/2017/9/16/7de7a018-bc8b-41c8-ba1c-2b20ec878c06.jpg,晏紫東
661069.0,1505541803.0,0,0,0,0,http://p.upcdn.pengpengla.com/star/p/u/2017/9/16/02dd8f63-ba2c-4bc5-a015-a24b463355e4.jpg,一生一世陪伴你，💙💙💙
661143.0,1505565380.0,0,2,0,0,http://p.upcdn.pengpengla.com/star/p/u/2017/9/16/aa4faf1c-a592-455f-b90a-bf5d629bfa18.jpg,撩人
661153.0,1505568105.0,0,0,0,0,http://p.upcdn.pengpengla.com/star/p/u/2017/9/16/094fb5ac-4836-4b62-9853-fec53f1e3fce.jpg,提前祝你生日快乐！😁
661191.0,1505618232.0,0,0,0,0,http://p.upcdn.pengpengla.com/star/p/u/2017/9/17/e43e8136-33fa-4904-9bd7-2dbb406b1701.jpg,🙏我的谢锐韬
661265.0,1505712290.0,0,0,0,0,http://p.upcdn.pengpengla.com/star/p/u/2017/9/18/93010a8e-0f01-4a31-89b1-103b890656e6.jpg,一直陪着你💗
661284.0,1505740505.0,0,3,0,0,http://p.upcdn.pengpengla.com/star/p/u/2017/9/18/33b67647-9003-4405-85a2-eb5f306ac1b0.jpg,帅帅帅~n小才，我爱你！！！
661313.0,1505797565.0,0,0,0,0,http://p.upcdn.pengpengla.com/star/p/u/2017/9/19/faaecb4e-7b36-4092-9afd-ef5a5b26f314.jpg,站在那儿，就很撩😳
661352.0,1505860697.0,0,2,0,0,http://p.upcdn.pengpengla.com/star/p/u/2017/9/20/3f82b1e9-4431-44d2-b288-dc8382c0c4a2.jpg,帅炸
661359.0,1505871477.0,0,2,0,0,http://p.upcdn.pengpengla.com/star/p/u/2017/9/20/566357f4-46d1-4c47-bd6e-17b1066bc658.jpg,撩妹高手
661389.0,1505913239.0,0,0,0,0,http://p.upcdn.pengpengla.com/star/p/u/2017/9/20/b2d1a4cf-62e2-477f-86da-95a0c2c9b4d4.jpg,我的小宝贝吖
661393.0,1505919483.0,0,0,0,0,http://p.upcdn.pengpengla.com/star/p/u/2017/9/20/a769b154-2c60-4b5c-bb9c-7e9a2ba40a5c.jpg,温柔与慈爱
661398.0,1505922421.0,0,0,0,0,http://p.upcdn.pengpengla.com/star/p/u/2017/9/20/f392495e-c6f3-4ecd-892d-6133466225ea.jpg,李玉剛😚
661419.0,1505957615.0,0,2,0,0,http://p.upcdn.pengpengla.com/star/p/u/2017/9/21/24c663df-1c3b-47b8-960a-f06c6586e5c7.jpg,💕
661429.0,1505974498.0,0,3,0,0,http://p.upcdn.pengpengla.com/star/p/u/2017/9/21/903cf9db-6cd7-43f4-85f3-96df45087574.jpg,我家小哥哥最撩人啦！！！
661443.0,1505990370.0,0,2,0,0,http://p.upcdn.pengpengla.com/star/p/u/2017/9/21/372491d6-c504-4329-8578-4ede3614e63f.jpg,够撩吗？🌝🌝n珍藏的
661447.0,1505995331.0,0,2,0,0,http://p.upcdn.pengpengla.com/star/p/u/2017/9/21/82673f59-d0b4-4ebb-99e6-c51cc86e0b73.jpg,简直了！
661456.0,1506004311.0,0,0,0,0,http://p.upcdn.pengpengla.com/star/p/u/2017/9/21/30f3b5f9-bed9-4693-a13a-24cdde9d50f9.jpg,泷宝宝唱歌的时候，最撩人
661606.0,1506182815.0,0,1,0,0,http://p.upcdn.pengpengla.com/star/p/u/2017/9/24/3a55708d-5433-446c-9ac1-083b7c3fdb97.jpg,鹿哥fighting 心率
661635.0,1506220004.0,0,4,0,0,http://p.upcdn.pengpengla.com/star/p/u/2017/9/24/c7d30aad-e10d-4c26-92cb-bf6c1ff188f1.jpg,老万
661649.0,1506225567.0,0,1,0,0,http://p.upcdn.pengpengla.com/star/p/u/2017/9/24/14c16f6d-c8d2-4bbd-9d73-ef8803912b9d.jpg,玖玖玖玖玖玖玖玖
661664.0,1506234004.0,0,0,0,0,http://p.upcdn.pengpengla.com/star/p/u/2017/9/24/231a4271-9a4d-463d-8560-de9af186b456.jpg,提提
661690.0,1506261589.0,0,6,0,0,http://p.upcdn.pengpengla.com/star/p/u/2017/9/24/9e4b58eb-4443-49a2-ab40-f80860c93f98.jpg,撩得没话说。
661703.0,1506279657.0,0,2,0,0,http://p.upcdn.pengpengla.com/star/p/u/2017/9/25/e20a1d31-993a-445e-975a-0193e32894f9.png,#孟子坤# #全世界最好的孟子坤# #明日之子# 支持！！💪💪💪 @孟子坤_ #明日之子孟子坤# #孟子坤MVP# #白羊# #星座# #明星势力榜# #新星榜# #uc明星人气榜#  #超级星饭团#🐑🐏♈nn孟爺，氣宇軒昂！！獨一無二！！逍遙自在！！男子氣概！！🎶🎶🎶
661761.0,1506345361.0,0,1,0,0,http://p.upcdn.pengpengla.com/star/p/u/2017/9/25/d9cf1eff-8bb6-403a-bfc0-e2fc0610049b.jpg,唱歌跳舞的他最迷人
661802.0,1506400222.0,0,1,0,0,http://p.upcdn.pengpengla.com/star/p/u/2017/9/26/275c88c8-bee4-44d6-a263-18f3338a1eba.jpg,易烊千玺！！！！！！！！
661890.0,1506833904.0,0,1,0,0,http://p.upcdn.pengpengla.com/star/p/u/2017/10/1/6df19768-5fbf-4472-91d5-7f59d6c074c6.jpg,给蓝斯洛打call！！马振桓好帅！
661905.0,1506859833.0,0,0,0,0,http://p.upcdn.pengpengla.com/star/p/u/2017/10/1/6ceade82-10a0-42b3-9c83-d025f10241e7.jpg,黄礼格 我们的太阳之子 我们的暖心爱豆
661906.0,1506859843.0,0,0,0,0,http://p.upcdn.pengpengla.com/star/p/u/2017/10/1/b3dabe34-1552-40f2-bb6a-c301fb318ff0.jpg,黄礼格 我们的太阳之子 我们的暖心爱豆
661928.0,1507028968.0,0,0,0,0,http://p.upcdn.pengpengla.com/star/p/u/2017/10/3/0258d4a8-ab35-48cb-8c57-75dad0966b68.jpg,很撩人！
661992.0,1507393602.0,0,7,0,0,http://p.upcdn.pengpengla.com/star/p/u/2017/10/8/0f462917-1b51-4325-8bb9-b543cea93d88.jpg,好撩妹😘
662000.0,1507542856.0,0,1,0,0,http://p.upcdn.pengpengla.com/star/p/u/2017/10/9/60d1f431-f0cd-407a-bffe-3925526374e4.png,无时无刻不在撩我😻😻
662062.0,1508153527.0,0,1,0,0,http://p.upcdn.pengpengla.com/star/p/u/2017/10/16/7d72771b-ab6a-45f2-8872-0c6ba56978bc.jpg,嗯~其实还有
662096.0,1508260764.0,0,3,0,0,http://p.upcdn.pengpengla.com/star/p/u/2017/10/18/83752a38-e146-4b70-8ee2-ee8382853619.jpg,这衣服，这侧颜杀，让我小鹿乱撞😝😝😝
662129.0,1508389770.0,0,2,0,0,http://p.upcdn.pengpengla.com/star/p/u/2017/10/19/086d29b5-c99a-4ba7-9cea-626437707797.jpg,薛甜甜
662181.0,1508550765.0,0,1,0,0,http://p.upcdn.pengpengla.com/star/p/u/2017/10/21/1689fff0-ae5d-4de7-9f9f-7cb6d06ede16.jpg,最喜欢万万了@红花会PGONE
662219.0,1508594607.0,0,0,0,0,http://p.upcdn.pengpengla.com/star/p/u/2017/10/21/76edf4c8-1ddc-41a5-b6ba-1964c7757120.jpg,眼神帅炸！
662413.0,1508936706.0,0,0,0,0,http://p.upcdn.pengpengla.com/star/p/u/2017/10/25/ff88211b-610d-4f8a-b7ab-519c68ced492.gif,♡
662493.0,1509091999.0,0,0,0,0,http://p.upcdn.pengpengla.com/star/p/u/2017/10/27/29c14f2f-29ea-4584-9179-9d208b2b565d.jpg,X玖少年团彭楚粤☺
662498.0,1509096266.0,0,1,0,0,http://p.upcdn.pengpengla.com/star/p/u/2017/10/27/1d8b2195-4ae4-44a4-94f8-dbf084a40873.jpg,抱紧我家张碧晨🙈🙈🙈🙈
662508.0,1509109703.0,0,5,0,0,http://p.upcdn.pengpengla.com/star/p/u/2017/10/27/7f6471a4-e4fd-4b59-9737-6862fd4f8e6e.jpg,多撩人啊。
662561.0,1509189793.0,0,2,0,0,http://p.upcdn.pengpengla.com/star/p/u/2017/10/28/8f4abaa4-d87c-473d-8c9c-1e9d8fac5294.jpg,马嘉祺
662589.0,1509245395.0,0,5,0,0,http://p.upcdn.pengpengla.com/star/p/u/2017/10/29/1f6c8896-042b-404f-8248-17a0a341cb6c.jpg,BJT
662624.0,1509293563.0,0,0,0,0,http://p.upcdn.pengpengla.com/star/p/u/2017/10/30/11a3c7dd-c24e-4af4-942f-88cdf64fad04.jpg,😯️😯️😯️
662672.0,1509431541.0,0,1,0,0,http://p.upcdn.pengpengla.com/star/p/u/2017/10/31/6c509f95-d973-4016-bc71-fbe6742f1def.jpg,白白这张超经典了☺
662691.0,1509503270.0,0,3,0,0,http://p.upcdn.pengpengla.com/star/p/u/2017/11/1/b2526d16-a334-487a-9c6f-5d0c8af6f017.jpg,在那不经意之间
662692.0,1509503664.0,0,1,0,0,http://p.upcdn.pengpengla.com/star/p/u/2017/11/1/8cf5f528-d9af-4e07-9796-022b3a6cc812.jpg,EXO🎉❤️
662699.0,1509522222.0,0,3,0,0,http://p.upcdn.pengpengla.com/star/p/u/2017/11/1/f8e440e3-8081-4ec4-ace0-25e890034d0a.jpg,王源小哥哥～
662700.0,1509522507.0,0,1,0,0,http://p.upcdn.pengpengla.com/star/p/u/2017/11/1/267d702e-4d14-4484-92ea-42dd005a4254.jpg,小凯，么么哒！💙
662707.0,1509538700.0,0,0,0,0,http://p.upcdn.pengpengla.com/star/p/u/2017/11/1/62c431df-a0a5-419b-8d2a-5addce7ad1d2.gif,钟易轩小王子
662710.0,1509541904.0,0,1,0,0,http://p.upcdn.pengpengla.com/star/p/u/2017/11/1/71f9cd1f-e077-40a1-9ef1-26302961bcff.gif,笑起来的老万最迷人
662712.0,1509543512.0,0,1,0,0,http://p.upcdn.pengpengla.com/star/p/u/2017/11/1/25a803c5-9018-4659-81f0-f2687093767f.gif,够撩吗？？反正我是被撩的死去活来的……$
662734.0,1509612288.0,0,2,0,0,http://p.upcdn.pengpengla.com/star/p/u/2017/11/2/c65595cc-8ed9-4c04-9382-f8fae9f4864f.jpg,谦谦
662790.0,1509714695.0,0,1,0,0,http://p.upcdn.pengpengla.com/star/p/u/2017/11/3/72bcc403-73ad-43c3-b68c-c168dbf2adec.jpg,你的笑会给人种☀的味道~😘
662806.0,1509755851.0,0,1,0,0,http://p.upcdn.pengpengla.com/star/p/u/2017/11/4/203da377-d11a-4050-9578-72ba6de6c014.jpg,鲸鱼粥粥井柏然……
662838.0,1509804609.0,0,3,0,0,http://p.upcdn.pengpengla.com/star/p/u/2017/11/4/9c465a9d-33a3-498c-b31d-2ebfcb4574bb.jpg,撩……
662862.0,1509863876.0,0,2,0,0,http://p.upcdn.pengpengla.com/star/p/u/2017/11/5/0e1134b0-7521-43c4-93d6-b57ce7435411.jpg,可以说是非常撩了！
662865.0,1509867905.0,0,3,0,0,http://p.upcdn.pengpengla.com/star/p/u/2017/11/5/101257a0-2cac-4d0e-963c-30edaf71bec4.jpg,他唱歌时最帅，最撩
662867.0,1509872305.0,0,9,0,0,http://p.upcdn.pengpengla.com/star/p/u/2017/11/5/fdb7d7e2-04a2-4cb9-b893-974ad829550a.jpg,任何瞬间。
662892.0,1509929872.0,0,0,0,0,http://p.upcdn.pengpengla.com/star/p/u/2017/11/6/ec367c7d-2e64-4043-ae52-d7611dce6eba.jpg,撩妹
662909.0,1509980864.0,0,0,0,0,http://p.upcdn.pengpengla.com/star/p/u/2017/11/6/0efa83c5-8e92-483a-8caa-cbcff098cdbc.jpg,太撩人了
662910.0,1509981667.0,0,0,0,0,http://p.upcdn.pengpengla.com/star/p/u/2017/11/6/77e1b360-77b3-4a55-9fb9-5296f9445b2a.jpg,无意中摸脸的瞬间
662950.0,1510156063.0,0,0,0,0,http://p.upcdn.pengpengla.com/star/p/u/2017/11/8/477de15d-b545-4752-9ee2-0b6f8fa2e2dc.jpg,暖萌的小可爱😁
662971.0,1510236855.0,0,0,0,0,http://p.upcdn.pengpengla.com/star/p/u/2017/11/9/ca7ebac5-b363-40b3-959c-bd6982e11d3c.jpg,不是我爱豆，但是真的好好看
662998.0,1510328393.0,0,0,0,0,http://p.upcdn.pengpengla.com/star/p/u/2017/11/10/c7b04340-68b6-417a-8f45-277d929bc47b.jpg,小小的人儿 心里却装着那么多的事情 希望你每天都是快乐的 艾特南南
663011.0,1510363388.0,0,2,0,0,http://p.upcdn.pengpengla.com/star/p/u/2017/11/11/ac36270b-29b0-46f8-9af6-070d3401ab1d.jpg,张欣尧，大聊骚
663023.0,1510372854.0,0,3,0,0,http://p.upcdn.pengpengla.com/star/p/u/2017/11/11/0dc84aea-e3d9-4fe3-b01d-3715cf3e3f59.gif,因为是你
663047.0,1510412059.0,0,1,0,0,http://p.upcdn.pengpengla.com/star/p/u/2017/11/11/c10652fa-544c-41cc-a430-7c434a166923.gif,性感的洲洲
663066.0,1510472201.0,0,2,0,0,http://p.upcdn.pengpengla.com/star/p/u/2017/11/12/a05a7764-ca54-4098-b688-33e2a0dc735d.jpg,每一张都很撩 他干什么都撩😍
663089.0,1510503618.0,0,1,0,0,http://p.upcdn.pengpengla.com/star/p/u/2017/11/13/fd33db76-885a-4712-8926-8f6a20b3bce2.jpg,GNZ48刘力菲
663091.0,1510519941.0,0,4,0,0,http://p.upcdn.pengpengla.com/star/p/u/2017/11/13/222a6c39-29bc-443b-9c66-ff87d29d42f7.gif,被撩得不要不要的
663151.0,1511091376.0,0,1,0,0,http://p.upcdn.pengpengla.com/star/p/u/2017/11/19/a5ab696f-e5ce-4e50-90b8-d60e8d661c7e.jpg,马嘉祺马嘉祺😘😘
663193.0,1511532421.0,0,3,0,0,http://p.upcdn.pengpengla.com/star/p/u/2017/11/24/a0c96558-0dd8-4492-994d-db823b22f9ec.png,撩的不能自已啊，
663213.0,1511635614.0,0,2,0,0,http://p.upcdn.pengpengla.com/star/p/u/2017/11/26/de10d07f-6ef7-4844-851c-3818be2eb499.jpg,╭(°A°`)╮
663244.0,1511851235.0,0,1,0,0,http://p.upcdn.pengpengla.com/star/p/u/2017/11/28/1a595d60-0ec6-4cde-b9d4-0d0c495e9230.jpg,查宝
663288.0,1512135554.0,0,1,0,0,http://p.upcdn.pengpengla.com/star/p/u/2017/12/1/f1a14ba7-e026-41ed-bfeb-5c2bb2adcf2a.jpg,n
663336.0,1512339098.0,0,0,0,0,http://p.upcdn.pengpengla.com/star/p/u/2017/12/4/6318a7e8-91dd-4ea4-8d55-108161790907.jpg,巡哥眼神好犀利
663511.0,1513712038.0,0,2,0,0,https://p.upcdn.pengpengla.com/star/p/u/2017/12/20/958382d0-33dd-498c-94f7-e309cf29aae4.jpg,反差萌的撩 #白敬亭
663519.0,1513783176.0,0,0,0,0,https://p.upcdn.pengpengla.com/star/p/u/2017/12/20/fe12b689-cbae-4278-9eea-0dce69ce304e.jpg,认真的时候
663577.0,1514182711.0,0,13,1,1,https://p.upcdn.pengpengla.com/star/p/u/2017/12/25/39e1f9c2-288c-4b2e-a0f5-790aafa27eb0.jpg,撩
663616.0,1514390850.0,0,0,0,0,https://p.upcdn.pengpengla.com/star/p/u/2017/12/28/0ede6f7e-bc00-4d70-a926-46be55f90c9f.jpg,洲洲~
663627.0,1514513843.0,0,1,0,0,https://p.upcdn.pengpengla.com/star/p/u/2017/12/29/2052af70-caae-4335-aa7c-ce52e5cf09cf.jpg,赵天宇
663643.0,1514646068.0,0,1,0,0,https://p.upcdn.pengpengla.com/star/p/u/2017/12/30/4f14948e-f1d1-4d2d-a77d-356f801a9f53.jpg,洲洲，人称许撩撩
663679.0,1514902054.0,0,1,0,0,https://p.upcdn.pengpengla.com/star/p/u/2018/1/2/933745ab-eb95-461c-baac-2a642787f529.jpg,一起走下去
663702.0,1515149289.0,0,1,0,0,https://p.upcdn.pengpengla.com/star/p/u/2018/1/5/15d9dda3-14cf-4dbe-aeb1-4d924c3e74bd.jpg,杨洋在哪我在哪，羊毛陪你闯天下
663737.0,1515440744.0,0,0,0,0,https://p.upcdn.pengpengla.com/star/p/u/2018/1/9/3fb4bc69-2abf-4316-8ac4-135e705a48da.jpg,胡一天
663772.0,1515744969.0,0,1,0,0,https://p.upcdn.pengpengla.com/star/p/u/2018/1/12/003c4c40-f994-418c-ac8d-51561e532dab.jpg,马伯骞
663833.0,1504762709.0,145364,6,0,0,http://p.upcdn.pengpengla.com/star/p/u/2017/9/7/5dd14993-4744-4ba5-9a90-fc708535df5f.jpg,#99公益日#帮助贫困山区喝上健康水，感谢@蓝博  跟#超级星饭团#一起为【渴望生命之源】公益项目发声，爱，无处不在，99公益日，一起爱！@腾讯公益慈善基金会 @中华儿慈会童缘资助中心 @中华儿慈会 ​​​
663844.0,1504763345.0,145364,127,0,0,http://p.upcdn.pengpengla.com/star/p/u/2017/9/7/56b9d8a2-78af-409b-bd6f-8850c2666cba.jpg,#99公益日#帮助贫困山区喝上健康水，感谢@王鸥Angel   跟#超级星饭团#一起为【渴望生命之源】公益项目发声，爱，无处不在，99公益日，一起爱！@腾讯公益慈善基金会 @中华儿慈会童缘资助中心 @中华儿慈会 ​​​
663944.0,1504509842.0,0,2,0,0,http://p.upcdn.pengpengla.com/star/p/u/2017/9/4/73b355d0-3d9d-425a-b314-4c0861401591.jpg,海洋风的小仙男——黄伟晋
663953.0,1504516980.0,0,46,0,0,http://p.upcdn.pengpengla.com/star/p/u/2017/9/4/611bf30e-b226-4d65-9927-194934fb55c5.jpg,可以说是超赞了
663997.0,1504542451.0,0,0,0,0,http://p.upcdn.pengpengla.com/star/p/u/2017/9/5/b9948465-2901-4117-84e3-5f52ff574c1d.jpg,TF家族新生-宋亚轩
664000.0,1504543614.0,0,0,0,0,http://p.upcdn.pengpengla.com/star/p/u/2017/9/5/6b00b8ce-9b78-4c6a-860c-ca61ff338320.jpg,广州大夏天三十多度高温 宝贝你热不？
664022.0,1504586546.0,0,6,0,0,http://p.upcdn.pengpengla.com/star/p/u/2017/9/5/4574a467-3292-4bac-85e5-230f12e12c1d.jpg,二新哥
664164.0,1504760019.0,0,9,0,0,http://p.upcdn.pengpengla.com/star/p/u/2017/9/7/aaf00aea-b88d-49b0-806b-ef7d44dab986.jpg,霸王龙底迪好帅，老夫的少女心u003eOu003c
664200.0,1504848058.0,0,0,0,0,http://p.upcdn.pengpengla.com/star/p/u/2017/9/8/83b68736-4c90-4c1e-9403-c2540b7e44ce.jpg,这孩子怕是傻了，😂
664232.0,1505005108.0,0,3,0,0,http://p.upcdn.pengpengla.com/star/p/u/2017/9/10/f0cb3c7a-7800-48b6-ae0b-59a13509bc49.jpg,给各位送福利了，，，不是黑粉( ˘•ω•˘ )
664236.0,1505008540.0,0,1,0,0,http://p.upcdn.pengpengla.com/star/p/u/2017/9/10/b945115b-329a-439b-881b-723ad383acb7.jpg,彭于晏啊
664293.0,1506314905.0,0,1,0,0,http://p.upcdn.pengpengla.com/star/p/u/2017/9/25/5f546269-ee83-47b5-b927-7f8e07a7be36.gif,  #晏紫东# [愛你] #晏紫东天下无诈# 。 #晏紫东梁山伯与祝英台# 。@晏紫东 好喜歡晏紫東，願你被世界溫柔以待  #喵星人和熊孩子[音乐]# 。 #晏紫东梁山伯# 。#演员晏紫东# 。 #歌手晏紫东# 。 #晏紫东大话西游之爱你一万年# 。 #晏紫东独步天下# 。 #电视剧天下无诈# 。@电视剧天下无诈 。@梁山伯与祝英台影视剧 。@愉此一生电视剧 。 #识汝不识丁晏紫东# 。 
664296.0,1506349664.0,0,2,0,0,http://p.upcdn.pengpengla.com/star/p/u/2017/9/25/58859520-2afb-4181-ab42-b5193be35569.jpg,我卢卓哥哥 cos的至尊宝～ 帅到爆炸～
664326.0,1507263125.0,0,1,0,0,http://p.upcdn.pengpengla.com/star/p/u/2017/10/6/e4636407-0142-425b-878a-abc84bbd65f1.jpg,冬♥
664359.0,1508301574.0,0,2,0,0,http://p.upcdn.pengpengla.com/star/p/u/2017/10/18/49bf2655-b4d3-444d-82ba-873da51a414b.jpg,我老公SEHUN❤️❤️
664367.0,1508473887.0,0,2,0,0,http://p.upcdn.pengpengla.com/star/p/u/2017/10/20/49362f0c-7ddf-48f5-b653-11f9ff568472.jpg,😁😁😁
664379.0,1508568222.0,0,1,0,0,http://p.upcdn.pengpengla.com/star/p/u/2017/10/21/1f6f01bf-74d5-41f3-ab25-5522f4dc6cb2.jpg,这是我偶像的装扮哦！
664383.0,1508582447.0,0,0,0,0,http://p.upcdn.pengpengla.com/star/p/u/2017/10/21/ad109f99-a204-48c7-a322-f1390a49aeed.jpg,张翰❤❤
664397.0,1508660613.0,0,11,0,0,http://p.upcdn.pengpengla.com/star/p/u/2017/10/22/5fce0845-80a1-49ed-8e54-2fdc9d6ca6c6.jpg,萌化😂
664432.0,1509091457.0,0,14,0,0,http://p.upcdn.pengpengla.com/star/p/u/2017/10/27/2b1926ea-d474-43c7-aa3b-5b7869b9f9d2.png,花蟹蟹
664622.0,1511927154.0,0,4,0,0,http://p.upcdn.pengpengla.com/star/p/u/2017/11/29/83045be9-6eed-4c8c-9e22-2bfbbfb825cf.jpg,😂
664751.0,1504374824.0,0,1,0,0,http://p.upcdn.pengpengla.com/star/p/u/2017/9/3/2e605072-0cc2-458c-8843-1c23b33be9bd.png,敲美腻的我宝
664756.0,1504438595.0,0,1,0,0,http://p.upcdn.pengpengla.com/star/p/u/2017/9/3/5db9710b-5c7a-417e-aef8-cf0d705440e9.png,在表演的黄子韬最帅
664765.0,1508675928.0,0,1,0,0,http://p.upcdn.pengpengla.com/star/p/u/2017/10/22/5de50939-df9d-4976-9e86-0e83765056ae.png,傻爱豆
664781.0,1504407615.0,0,4,0,0,http://p.upcdn.pengpengla.com/star/p/u/2017/9/3/a8d31eb7-913c-4c50-afc6-04d2c97d133a.png,我们哥哥阿
664820.0,1512670262.0,0,5,0,0,https://p.upcdn.pengpengla.com/star/p/u/2017/12/8/69c945cf-08ef-4a66-91d7-9e48aa450dfa.jpg,胡老师
664828.0,1504268265.0,0,2,0,0,http://p.upcdn.pengpengla.com/star/p/u/2017/9/1/933cdaf4-25aa-4f7d-85a9-64f64ba710e1.png,来晒晒我家王俊凯的美颜
664905.0,1504278482.0,0,1,0,0,http://p.upcdn.pengpengla.com/star/p/u/2017/9/1/4bcba0dd-be05-47ad-8ca8-79f329606340.jpg,锁屏和桌面壁纸
664918.0,1504239247.0,0,0,0,0,http://p.upcdn.pengpengla.com/star/p/u/2017/9/1/ce29a5e6-5fe2-4b18-8dcc-ef519076c4f1.png,趁阳光正好，青春不锈。
664945.0,1504434937.0,0,1,0,0,http://p.upcdn.pengpengla.com/star/p/u/2017/9/3/d46f5a73-ad25-459a-8ead-c5e05ca9ab62.png,为鹿boss疯狂打call
664963.0,1504459894.0,0,1,0,0,http://p.upcdn.pengpengla.com/star/p/u/2017/9/4/45184d2a-cc5a-403a-be37-b0e4bc5aa61b.png,容和容和！😘😘
664981.0,1504268632.0,0,5,0,0,http://p.upcdn.pengpengla.com/star/p/u/2017/9/1/3bec8ec5-dfa2-4d58-90ce-3af5eef8a2ca.png,源哥！源哥！源哥！
664993.0,1504315451.0,0,1,0,0,http://p.upcdn.pengpengla.com/star/p/u/2017/9/2/fde2a4dc-5391-41de-86ec-106e39577069.png,我们的继科宝宝嘻嘻
665033.0,1504527784.0,0,1,0,0,http://p.upcdn.pengpengla.com/star/p/u/2017/9/4/32d42634-80af-4165-927a-cf7be6c4b404.png,秀住了
665034.0,1504413482.0,0,1,0,0,http://p.upcdn.pengpengla.com/star/p/u/2017/9/3/52f81154-e80a-4ec5-8afa-e6fc92fc173f.png,我彤～
665049.0,1514163921.0,0,0,0,0,https://p.upcdn.pengpengla.com/star/p/u/2017/12/25/97603319-7f87-483a-b26e-5e90e7728826.jpg,小哥哥
665077.0,1504315765.0,0,7,0,0,http://p.upcdn.pengpengla.com/star/p/u/2017/9/2/5e457072-3461-4dab-85ef-727f9aff0075.png,是李易峰呀✨
665115.0,1504269177.0,0,1,0,0,http://p.upcdn.pengpengla.com/star/p/u/2017/9/1/058279ec-3114-4467-be46-bce301a44ef6.png,就是这个啦 我冬
665148.0,1504335873.0,0,55,0,0,http://p.upcdn.pengpengla.com/star/p/u/2017/9/2/85e56ed3-03a1-4ee8-81fa-552f02006925.png,宝儿，吕鋆峰
665149.0,1515664976.0,0,0,0,1,https://p.upcdn.pengpengla.com/star/p/u/2018/1/11/66a0f726-56d7-4c83-bba7-1c03126a1edb.png,我的壁纸当然是兰陵王陈奕！
665161.0,1508685023.0,0,0,0,0,http://p.upcdn.pengpengla.com/star/p/u/2017/10/22/d3e37b9f-ecfa-420f-998c-e039b12196c7.jpg,😎
665185.0,1508983433.0,0,1,0,0,http://p.upcdn.pengpengla.com/star/p/u/2017/10/26/a5827efd-2f4b-47d3-81c0-a49821289e01.jpg,帅气我杰哥
665230.0,1504345978.0,0,2,0,0,http://p.upcdn.pengpengla.com/star/p/u/2017/9/2/5982b83b-5326-4669-b329-d7f39620adc1.png,一心一意易烊千玺❤️
665248.0,1504246693.0,0,8,0,0,http://p.upcdn.pengpengla.com/star/p/u/2017/9/1/b746c747-4655-4591-8e9a-fa96481129ec.png,黑道我戬哥。帅就这么直接。
665289.0,1504323876.0,0,1,0,0,http://p.upcdn.pengpengla.com/star/p/u/2017/9/2/7d7706f8-7ee7-4ff7-95f1-7cb1f2ebe13f.png,壁纸 
665302.0,1504617696.0,0,0,0,0,http://p.upcdn.pengpengla.com/star/p/u/2017/9/5/23a8cb9c-1b54-4809-96e6-3ed8ce83ad35.jpg,Kris帅凡
665303.0,1504426257.0,0,0,0,0,http://p.upcdn.pengpengla.com/star/p/u/2017/9/3/f60e0984-aa93-42b9-a7d0-5ec81496bf43.jpg,姚望
665304.0,1504426353.0,0,0,0,0,http://p.upcdn.pengpengla.com/star/p/u/2017/9/3/0dffa014-9a85-4f55-ae2c-ee3a6b1573d1.png,姚望
665341.0,1504443881.0,0,0,0,0,http://p.upcdn.pengpengla.com/star/p/u/2017/9/3/f547c26f-ac35-4808-9402-4f275d3b9cef.png,当然是我们老薛~
665386.0,1504529350.0,0,0,0,0,http://p.upcdn.pengpengla.com/star/p/u/2017/9/4/ee1c630f-e1a4-4500-8e75-91eb18ce03ab.png,帅帅的谦，不过挡脸了
665451.0,1504325925.0,0,0,0,0,http://p.upcdn.pengpengla.com/star/p/u/2017/9/2/97989153-c5e7-4019-bd10-052792f782dc.png,☺️
665478.0,1504457386.0,0,6,0,0,http://p.upcdn.pengpengla.com/star/p/u/2017/9/4/3d4de7ac-0736-4115-9205-09cd00cd4b7a.png,喜欢你，一往情深💕
665517.0,1504268567.0,0,0,0,0,http://p.upcdn.pengpengla.com/star/p/u/2017/9/1/ef7c9bf3-c948-4be4-95aa-cf4904087614.png,😄😄😄
665541.0,1504275101.0,0,0,0,0,http://p.upcdn.pengpengla.com/star/p/u/2017/9/1/d420125f-b1ec-47f5-a901-73149c441e41.jpg,我家孟老师
665568.0,1505095076.0,0,3,0,0,http://p.upcdn.pengpengla.com/star/p/u/2017/9/11/b9ee7f4c-5d53-4a12-9ad0-a2a9891b92fa.png,我薛
665574.0,1514005090.0,0,8,0,0,https://p.upcdn.pengpengla.com/star/p/u/2017/12/23/cfcfde9e-541d-4fa5-b6a6-77161ba271ee.png,查杰朱戬
665630.0,1504673683.0,0,1,0,0,http://p.upcdn.pengpengla.com/star/p/u/2017/9/6/7def6b66-f335-4a23-b2d4-915c0afa7bd3.jpg,我家薛
665733.0,1508678669.0,0,0,0,0,http://p.upcdn.pengpengla.com/star/p/u/2017/10/22/60974d8c-ffbe-4814-8f85-65e05d0c4b71.jpg,给北京甜疯狂打call
665737.0,1504455295.0,0,1,0,0,http://p.upcdn.pengpengla.com/star/p/u/2017/9/4/0420321b-bd02-440c-9e95-b2329d006b72.png,认真薛
665739.0,1504322276.0,0,1,0,0,http://p.upcdn.pengpengla.com/star/p/u/2017/9/2/1dc49367-666d-4e9f-bf82-ce48de4dc1e3.png,表白蠢颖❤️
665843.0,1504673142.0,0,1,0,0,http://p.upcdn.pengpengla.com/star/p/u/2017/9/6/2e2c73c2-653f-45fd-b7fa-8d737a7eaa44.png,😘
665876.0,1504262768.0,0,34,0,0,http://p.upcdn.pengpengla.com/star/p/u/2017/9/1/0a567eb9-8626-4402-b368-4f5059ef3fcc.png,啵啵啦！！！封面是三只，桌面壁纸三只轮流换😁😁😁
665891.0,1509755103.0,0,2,0,0,http://p.upcdn.pengpengla.com/star/p/u/2017/11/4/65ad09f6-871e-4232-9886-b5120f9cb830.jpg,天子的情头换着用🙄
665911.0,1504437491.0,0,2,0,0,http://p.upcdn.pengpengla.com/star/p/u/2017/9/3/ca91f0d6-2e95-4993-a80b-a1ae2d07b448.png,最爱的薛之谦
665944.0,1504502378.0,0,0,0,0,http://p.upcdn.pengpengla.com/star/p/u/2017/9/4/e5b99ce3-e718-421c-bbae-7c3bafe2767f.png,全世界最好的薛之谦
665964.0,1505055341.0,0,5,0,0,http://p.upcdn.pengpengla.com/star/p/u/2017/9/10/26b1e60a-2230-4c1b-b525-7ae5fc856567.jpg,我的赵志伟
666017.0,1504243096.0,0,0,0,0,http://p.upcdn.pengpengla.com/star/p/u/2017/9/1/5837e1ea-4e19-4bbc-bf1a-98e3e4059fd8.png,男神罗志祥
666106.0,1504394865.0,0,4,0,0,http://p.upcdn.pengpengla.com/star/p/u/2017/9/3/426a5106-96b4-4240-bade-30519971bfe7.png,每天看我鹿都看不够
666116.0,1504664141.0,0,0,0,0,http://p.upcdn.pengpengla.com/star/p/u/2017/9/6/dda5d900-e04e-4da0-bbf7-3a811783c8a7.png,洪辰呀滚滚
666119.0,1505043866.0,0,1,0,0,http://p.upcdn.pengpengla.com/star/p/u/2017/9/10/aa9e5781-f020-4dcd-99a6-930cac9029a9.jpg,胖迪美美哒
666150.0,1506983571.0,0,1,0,0,http://p.upcdn.pengpengla.com/star/p/u/2017/10/3/edba8f0a-e207-40f1-b84f-441a29001c2f.jpg,鹿晗💕
666184.0,1504353489.0,0,0,0,0,http://p.upcdn.pengpengla.com/star/p/u/2017/9/2/526adbb8-ea82-495a-8fe0-b5ea3b184d61.jpg,我的!我的靳四岁最好看啦！
666221.0,1508250196.0,0,3,0,0,http://p.upcdn.pengpengla.com/star/p/u/2017/10/17/0b3f76e6-d625-418d-abc1-5112054410bc.png,我di宝儿啊
666269.0,1504244746.0,0,1,0,0,http://p.upcdn.pengpengla.com/star/p/u/2017/9/1/1714284f-40f5-4509-8435-914e97ed9bf8.png,😘😘😘
666302.0,1504494481.0,0,0,0,0,http://p.upcdn.pengpengla.com/star/p/u/2017/9/4/ab360d6b-15a2-4a74-a03c-ff4f3f16cdca.png,嘻嘻
666341.0,1504260628.0,0,1,0,0,http://p.upcdn.pengpengla.com/star/p/u/2017/9/1/8fa290ca-3773-405f-a7fb-b5bfa1b047fb.png,dsp上新的薛先生，太好看了。
666408.0,1504239609.0,0,1,0,0,http://p.upcdn.pengpengla.com/star/p/u/2017/9/1/3c8dce28-a4f7-4104-895f-07e8867feaa1.png,好看嘛
666431.0,1505007481.0,0,2,0,0,http://p.upcdn.pengpengla.com/star/p/u/2017/9/10/d8677602-3888-4fb1-8c55-a56a399a82a4.png,我的男神😘
666456.0,1511710424.0,0,5,0,0,http://p.upcdn.pengpengla.com/star/p/u/2017/11/26/d414463a-c79e-48ad-bd6d-3087efc21d13.jpg,不怂👌
666479.0,1504264079.0,0,0,0,0,http://p.upcdn.pengpengla.com/star/p/u/2017/9/1/43f8304f-a027-4dc8-b9a3-5772ce757e3e.png,wuli畅畅帅的不要不要的
666486.0,1511832909.0,0,3,1,0,http://p.upcdn.pengpengla.com/star/p/u/2017/11/28/e8b63feb-1aac-4c02-9ba6-7041ec6151f4.png,JacksonYEE happy birthday💕1128
666496.0,1504626950.0,0,1,0,0,http://p.upcdn.pengpengla.com/star/p/u/2017/9/5/f02fb3cd-b8bb-4352-a815-f71cf4a8f3fa.png,👀👀👀
666530.0,1504697266.0,0,2,0,0,http://p.upcdn.pengpengla.com/star/p/u/2017/9/6/0121d291-6b64-4ad8-9a77-ca267a7d0a20.png,没错，就是他他他！😜
666692.0,1504356021.0,0,1,0,0,http://p.upcdn.pengpengla.com/star/p/u/2017/9/2/9ce58645-86b9-424c-ac4f-827314ccc636.jpg,熊boss
666722.0,1504323181.0,0,0,0,0,http://p.upcdn.pengpengla.com/star/p/u/2017/9/2/75bc075e-6053-497a-90c7-510c7231085d.png,啵唧♡
666769.0,1504319578.0,0,0,0,0,http://p.upcdn.pengpengla.com/star/p/u/2017/9/2/51a7c634-c21d-4e98-90d4-97fb0fa21d72.png,完全没毛病啊  我家大希希✌
666787.0,1514533331.0,0,4,0,0,https://p.upcdn.pengpengla.com/star/p/u/2017/12/29/35c501ea-b271-4e55-ab06-de6d8d943a8e.jpg,^_^
666812.0,1504330192.0,0,1,0,0,http://p.upcdn.pengpengla.com/star/p/u/2017/9/2/ac53836e-d68c-4fe0-a57d-42094eb2374a.png,qvq
666817.0,1504501094.0,0,0,0,0,http://p.upcdn.pengpengla.com/star/p/u/2017/9/4/8199f032-a6aa-45f0-8f62-7e997f873bf8.png,帅帅帅！
666863.0,1504256210.0,0,2,0,0,http://p.upcdn.pengpengla.com/star/p/u/2017/9/1/67cc3cb2-e22a-4d4c-9f90-8df1ff90c2a2.png,emmmm
666891.0,1504267391.0,0,2,0,0,http://p.upcdn.pengpengla.com/star/p/u/2017/9/1/af5263bd-3925-41e1-81e1-b2fde9045e01.png,就是我们家老万 没得毛病♡
666934.0,1504323225.0,0,0,0,0,http://p.upcdn.pengpengla.com/star/p/u/2017/9/2/c2ccfedb-6642-43ea-aff8-6fc38f4ae6b4.jpg,我的谦
666981.0,1504369704.0,0,1,0,0,http://p.upcdn.pengpengla.com/star/p/u/2017/9/3/35e68c72-4b68-4b87-b883-415970eb4aba.jpg,我的小哥哥
667006.0,1504367383.0,0,3,0,0,http://p.upcdn.pengpengla.com/star/p/u/2017/9/2/df2a603e-807e-4545-9b32-b5c77117b324.jpg,假酒少年熊老师💓
667108.0,1504714256.0,0,1,0,0,http://p.upcdn.pengpengla.com/star/p/u/2017/9/7/6d6ed1c0-e55b-4581-9153-0839851c237f.png,红花会 万磁万 pg one
667114.0,1504444623.0,0,0,0,0,http://p.upcdn.pengpengla.com/star/p/u/2017/9/3/888ecb4a-cebd-449a-801a-1dabe352d8d4.jpg,喜欢帅凡凡
667153.0,1504608528.0,0,1,0,0,http://p.upcdn.pengpengla.com/star/p/u/2017/9/5/fbff74d8-090b-46e9-81f2-4a7725ebfef4.jpg,为红花会疯狂打电话！！
667154.0,1512313096.0,0,0,0,0,http://p.upcdn.pengpengla.com/star/p/u/2017/12/3/167473b2-6c5e-46a7-89ff-87fd167ba109.png,老胡
667170.0,1504464841.0,0,2,0,0,http://p.upcdn.pengpengla.com/star/p/u/2017/9/4/a5a53db1-e4b2-474b-b99e-2c9b6f45d1e8.png,毛不易毛不易毛不易
667229.0,1509022264.0,0,3,0,0,http://p.upcdn.pengpengla.com/star/p/u/2017/10/26/505d022c-d541-4688-ac75-df54c92c0f74.jpg,宠着捧着的哥哥啊……n很帅！疯狂打call！！！n
667333.0,1504573171.0,0,1,0,0,http://p.upcdn.pengpengla.com/star/p/u/2017/9/5/22cfcfda-1a33-4127-a88c-cdb65eaa6135.png,PG  one  沉醉与他  无法自拔
667335.0,1504276033.0,0,41,0,0,http://p.upcdn.pengpengla.com/star/p/u/2017/9/1/2cd95356-b7c8-416b-9ada-d9704ea69074.png,么么哒
667350.0,1504616974.0,0,0,0,0,http://p.upcdn.pengpengla.com/star/p/u/2017/9/5/d9024895-015f-493c-9d7c-404e07c20a90.jpg,唯爱我热😙😘
667397.0,1504281443.0,0,2,0,0,http://p.upcdn.pengpengla.com/star/p/u/2017/9/1/0a29eb2a-0267-4149-a38d-3583c5476df8.png,大佬 杰奎琳永远在你身后❤️
667416.0,1504281458.0,0,4,0,0,http://p.upcdn.pengpengla.com/star/p/u/2017/9/1/9dc73893-0692-4e78-9474-5075961022c5.jpg,鹿哥最帅！！这个壁纸用了好久n
667422.0,1504609569.0,0,1,0,0,http://p.upcdn.pengpengla.com/star/p/u/2017/9/5/929ec637-e4dd-4ce8-bf38-e206191035fc.png,全世界最好的你
667423.0,1504253454.0,0,0,0,0,http://p.upcdn.pengpengla.com/star/p/u/2017/9/1/90246fd2-70b5-476b-81e3-04f6d75329aa.png,壁纸老胡锁屏老薛💋
667482.0,1505618304.0,0,2,0,0,http://p.upcdn.pengpengla.com/star/p/u/2017/9/17/6a59692d-fb14-4a2e-a39a-129879c13771.jpg,不忘初心💛💛💛
667530.0,1504259181.0,0,18,0,0,http://p.upcdn.pengpengla.com/star/p/u/2017/9/1/65b3273b-7180-43cc-b4c1-885781697055.png,好幸运让我遇见你
667536.0,1504435044.0,0,0,0,0,http://p.upcdn.pengpengla.com/star/p/u/2017/9/3/c48fdf1c-a670-4dbc-a1e7-2d5b1ca2f2ce.jpg,黄靖翔，小才❤️
667561.0,1504584121.0,0,2,0,0,http://p.upcdn.pengpengla.com/star/p/u/2017/9/5/f62c2552-013a-4d96-a84e-bd4f20bc3446.jpg,我脑公，林二新🐶
667571.0,1504333319.0,0,0,0,0,http://p.upcdn.pengpengla.com/star/p/u/2017/9/2/1b6ac842-e9ea-40fa-b5ed-ae733adc2a91.png,全是动漫😂
667631.0,1504275481.0,0,9,0,0,http://p.upcdn.pengpengla.com/star/p/u/2017/9/1/f6e4bdf1-f6e3-40de-b9be-bdc74d409039.png,北有大张伟  男友薛之谦n薛之谦呐 愿你以后的笑都是发自内心的.
667705.0,1504314245.0,0,1,0,0,http://p.upcdn.pengpengla.com/star/p/u/2017/9/2/fee1607c-553c-4c2f-b0b5-60085d568346.png,呐！
667718.0,1504359940.0,0,1,0,0,http://p.upcdn.pengpengla.com/star/p/u/2017/9/2/7f462fd2-f61a-4714-a6d5-25c1a757dbe6.png,向全世界安利黄靖翔(小才)！
667851.0,1504375202.0,0,1,0,0,http://p.upcdn.pengpengla.com/star/p/u/2017/9/3/62c72747-bbbf-4983-8044-1eacea57dbc1.png,😍
667896.0,1504444884.0,0,6,0,0,http://p.upcdn.pengpengla.com/star/p/u/2017/9/3/c1d7173f-f13d-4c28-a760-9574b8589b7f.png,感觉自己很棒。。。。还有谁
667909.0,1504426148.0,0,2,0,0,http://p.upcdn.pengpengla.com/star/p/u/2017/9/3/38206a8e-59fd-4c57-a9d3-ff6a482cebcd.png,饱饱最帅！
667918.0,1504434995.0,0,2,0,0,http://p.upcdn.pengpengla.com/star/p/u/2017/9/3/5ed2ec88-00e9-4cd2-bfe0-8dfd50372691.png,我的男孩
667923.0,1504524625.0,0,19,0,0,http://p.upcdn.pengpengla.com/star/p/u/2017/9/4/08d11da3-a32a-4b30-b2c0-a4c672f12815.png,就是这么帅
667949.0,1504585977.0,0,0,0,0,http://p.upcdn.pengpengla.com/star/p/u/2017/9/5/d8428edd-961a-4271-947e-f29b35eaa40c.png,戬杰！
668006.0,1504600720.0,0,1,0,0,http://p.upcdn.pengpengla.com/star/p/u/2017/9/5/a7aebe3d-4a6d-4435-a2b8-20b4f72689fe.png,最爱我家🐻宝宝💕
668027.0,1504618230.0,0,0,0,0,http://p.upcdn.pengpengla.com/star/p/u/2017/9/5/b325f4e3-8982-46b8-8216-6e4dcc7ce6e6.png,kk
668058.0,1504703827.0,0,0,0,0,http://p.upcdn.pengpengla.com/star/p/u/2017/9/6/1c913011-c544-4305-a000-c2bdd0442ce3.png,我女神❤（郑合惠子小姐姐）n表白一下❤
668090.0,1505095041.0,0,3,0,0,http://p.upcdn.pengpengla.com/star/p/u/2017/9/11/3001f8ff-4bf3-411c-9250-a3be6cd9e3dc.png,壁纸当然是我最爱的志伟啊
668097.0,1505028288.0,0,2,0,0,http://p.upcdn.pengpengla.com/star/p/u/2017/9/10/5f8aa6c1-223f-4f52-bb83-f6bae0035a3b.jpg,熊梓淇爱你
668192.0,1505129236.0,0,0,0,0,http://p.upcdn.pengpengla.com/star/p/u/2017/9/11/0eeb093d-1926-437c-8e55-bd1f3026b0f4.jpg,我艺兴呀！
668198.0,1505182966.0,0,15,0,0,http://p.upcdn.pengpengla.com/star/p/u/2017/9/12/4fac8741-d0c3-4aaa-805d-b7c21695c9d7.png,给我万疯狂打call
668247.0,1505609913.0,0,2,0,0,http://p.upcdn.pengpengla.com/star/p/u/2017/9/17/8b9b6a9e-a77c-44cc-87c5-9d5ad8c13ccf.jpg,我可爱的凯宝宝
668248.0,1505618399.0,0,0,0,0,http://p.upcdn.pengpengla.com/star/p/u/2017/9/17/5afcacf7-6412-4553-9bbe-143134043372.png,团偏千，我波不散
668279.0,1505997547.0,0,2,0,0,http://p.upcdn.pengpengla.com/star/p/u/2017/9/21/d11bb9ad-1603-483c-becc-8824981e1d72.jpg,如果你前面还有路的话 答应我一定要走下去
668282.0,1505833085.0,0,3,0,0,http://p.upcdn.pengpengla.com/star/p/u/2017/9/19/67df43b4-cdbb-406c-b7b0-b41abb44f520.jpg,南南
668288.0,1509856228.0,0,2,0,0,http://p.upcdn.pengpengla.com/star/p/u/2017/11/5/7a6d04f2-210a-4423-a424-2207dd176ecb.png,❤❤❤
668314.0,1509166475.0,0,0,0,0,http://p.upcdn.pengpengla.com/star/p/u/2017/10/28/c680ce92-1a9c-4d3c-a66c-89fb281ce72a.jpg,一心一意周柏豪 LoveU
668333.0,1509510484.0,0,0,0,0,http://p.upcdn.pengpengla.com/star/p/u/2017/11/1/92b14ce3-a4a0-4475-a498-654cc9b9ef30.jpg,我的壁纸好看吗？
668381.0,1512621009.0,0,4,0,0,http://p.upcdn.pengpengla.com/star/p/u/2017/12/7/7f394bf6-71e2-4868-8ff5-509915105360.jpg,发不完
668427.0,1511577328.0,0,6,0,0,http://p.upcdn.pengpengla.com/star/p/u/2017/11/25/9bb6a032-4092-44d1-a056-3aa970e34bbf.jpg,都是他
668433.0,1508231329.0,0,0,0,0,http://p.upcdn.pengpengla.com/star/p/u/2017/10/17/fced2b57-6c45-412e-860f-33d0d474c727.png,赵泳鑫💙💙
668457.0,1508590566.0,0,4,0,0,http://p.upcdn.pengpengla.com/star/p/u/2017/10/21/86cc6564-a63a-437f-ace1-6d2984e22469.jpg,全世界最好的薛之谦
668528.0,1508761064.0,0,0,0,0,http://p.upcdn.pengpengla.com/star/p/u/2017/10/23/74e3ae84-1de4-4719-b6d4-0c1783e6d98a.jpg,PGONE
668745.0,1508528686.0,0,0,0,0,http://p.upcdn.pengpengla.com/star/p/u/2017/10/21/d135b745-747f-4fc4-b97b-f659d65abdd1.jpg,China Sheep😉
668757.0,1509982535.0,0,0,0,0,http://p.upcdn.pengpengla.com/star/p/u/2017/11/6/534454e4-b991-483c-b5bf-f705af788cf7.jpg,胡老师💟
668801.0,1508723876.0,0,0,0,0,http://p.upcdn.pengpengla.com/star/p/u/2017/10/23/200ab363-04e5-4d33-9971-98779f2f57aa.png,陈信宏宝宝😘
668819.0,1508814534.0,0,0,0,0,http://p.upcdn.pengpengla.com/star/p/u/2017/10/24/9051fc43-51bd-41b3-8a85-e0decf3bf27f.png,李易峰李易峰
668951.0,1509668918.0,0,1,0,0,http://p.upcdn.pengpengla.com/star/p/u/2017/11/3/b431f0a1-f12f-46e0-9377-7cb0d5dfeafc.jpg,miss U
668984.0,1509674001.0,0,1,0,0,http://p.upcdn.pengpengla.com/star/p/u/2017/11/3/327f9a14-84f2-4c11-82c2-69a1d6352da8.png,唯爱坤💜
669000.0,1509614840.0,0,3,0,0,http://p.upcdn.pengpengla.com/star/p/u/2017/11/2/c2581bd8-4bb4-4e5c-a9b3-d5adeb0ac786.jpg,炫酷
669053.0,1510882232.0,0,1,0,0,http://p.upcdn.pengpengla.com/star/p/u/2017/11/17/f32cb6d3-e0e5-45dd-a960-994e7165cafd.jpg,这张
669063.0,1510111378.0,0,0,0,0,http://p.upcdn.pengpengla.com/star/p/u/2017/11/8/3a1e9752-0b2f-4fb1-8a32-c4ea13d5e53b.png,我媳妇
669077.0,1511518087.0,0,0,0,0,http://p.upcdn.pengpengla.com/star/p/u/2017/11/24/c4d10c78-9f40-4e0b-b0d5-23f7e3739262.jpg,徐海乔同款 徐海乔
669103.0,1511334654.0,0,0,0,0,http://p.upcdn.pengpengla.com/star/p/u/2017/11/22/1acb8708-31c7-4c30-9811-b4c87c33bafa.jpg,可爱*^o^*
669105.0,1513403399.0,0,3,0,0,https://p.upcdn.pengpengla.com/star/p/u/2017/12/16/5a67b809-e431-40dc-9dea-9047fe8b5d11.png,最爱的胡一天
669242.0,1512408135.0,0,0,0,0,http://p.upcdn.pengpengla.com/star/p/u/2017/12/5/8bd33015-1886-4369-9211-62dffc92206f.jpg,老胡 ❤️
669247.0,1513348164.0,0,5,0,0,https://p.upcdn.pengpengla.com/star/p/u/2017/12/15/27ffa984-54d6-46fd-b7c8-dce6abde19d8.jpg,冰淇淋白没错了！！！
669255.0,1513491394.0,0,0,0,0,https://p.upcdn.pengpengla.com/star/p/u/2017/12/17/d9faab19-d7f2-4832-b2ed-7c3771cf2cfa.jpg,就是他，哈哈，高至霆
669289.0,1512561511.0,0,5,0,0,http://p.upcdn.pengpengla.com/star/p/u/2017/12/6/68f747ce-cce2-4e4f-89ac-2cab9290f935.jpg,看看看！锁屏桌面键盘背景都是胡一天！略略略
669344.0,1512907816.0,0,4,0,0,https://p.upcdn.pengpengla.com/star/p/u/2017/12/10/32bea469-f9aa-450f-b891-2e75d726f196.jpg,自己做的不喜欢勿喷🙃
669374.0,1513441982.0,0,0,0,0,https://p.upcdn.pengpengla.com/star/p/u/2017/12/17/7b3d99de-8342-45ed-99f8-9e4c97761de6.png,“叶子”
669377.0,1513637036.0,0,1,0,0,https://p.upcdn.pengpengla.com/star/p/u/2017/12/19/9fac34fb-a2c7-48dd-98ae-6d8cd5885aab.jpg,我的明望😂
669450.0,1514676466.0,0,3,0,0,https://p.upcdn.pengpengla.com/star/p/u/2017/12/31/092a52a4-29f3-4f8e-aa2b-d1cd209da8dd.jpg,我凯nnnn
669465.0,1514375264.0,0,0,0,0,https://p.upcdn.pengpengla.com/star/p/u/2017/12/27/2d1d40a1-950a-4183-8487-1d98358da7d6.png,奶潘
669528.0,1515128248.0,0,0,0,0,https://p.upcdn.pengpengla.com/star/p/u/2018/1/5/d54b8d62-481f-471c-84df-90b4df4c3ee6.jpg,。
669571.0,1516076637.0,0,4,0,0,https://p.upcdn.pengpengla.com/star/p/u/2018/1/16/81e45297-07f9-4d22-a204-9fad2a6ab088.jpg,源源挪威行的照片💚💚💚
669652.0,1503891177.0,0,1,0,0,http://p.upcdn.pengpengla.com/star/p/u/2017/8/28/0d3cf80e-d61f-4d57-9b0a-6bcb23db1315.jpg,爱死你了
669674.0,1503891750.0,0,40,0,0,http://p.upcdn.pengpengla.com/star/p/u/2017/8/28/97802aca-1254-43f1-980c-6d4b69eeb6af.png,表白小姐姐，胖迪
669678.0,1503891807.0,0,3,0,0,http://p.upcdn.pengpengla.com/star/p/u/2017/8/28/aa0fa449-4ca9-4b5e-8a2c-78bc304f4c41.jpg,最爱薛之谦！❤️
669684.0,1503891915.0,0,0,0,0,http://p.upcdn.pengpengla.com/star/p/u/2017/8/28/1f0c0a2b-8ae9-41df-a62c-8f9f13946199.jpg,我熊🐻
669695.0,1503892309.0,0,1,0,0,http://p.upcdn.pengpengla.com/star/p/u/2017/8/28/9fc156b0-cea9-47b0-9122-aa461fa755ef.jpg,源○
669698.0,1503892344.0,0,0,0,0,http://p.upcdn.pengpengla.com/star/p/u/2017/8/28/0f9b782a-b6c2-4181-8818-e81f70b48c68.jpg,小哥哥你腿两米八哦♡
669703.0,1503892519.0,0,2,0,0,http://p.upcdn.pengpengla.com/star/p/u/2017/8/28/c1a4b495-f6b6-4816-aacf-7ce0c7c54fee.jpg,表白侯明昊😘😘😘
669707.0,1503892620.0,0,1,0,0,http://p.upcdn.pengpengla.com/star/p/u/2017/8/28/0b870304-8ba0-47b3-8923-184382ff06eb.jpg,表白侯明昊
669708.0,1503892639.0,0,50,0,0,http://p.upcdn.pengpengla.com/star/p/u/2017/8/28/b074ac2d-4454-411e-97cc-27b7783136be.jpg,表白迪三岁❤❤❤❤
669726.0,1503893285.0,0,32,0,0,http://p.upcdn.pengpengla.com/star/p/u/2017/8/28/bdd9b05a-b7a9-4344-acfd-62a73f343f1b.jpg,＃郭子凡＃小情人，七夕快乐啊！
669728.0,1503893406.0,0,38,0,0,http://p.upcdn.pengpengla.com/star/p/u/2017/8/28/34828bbf-f873-467b-b7c4-844cd57e9b1e.jpg,郭子凡！！n情人节快乐呀嘻嘻嘻n超喜欢你n七夕要么一起过n要么一起汪汪汪nhhhhhhn爱你呐
669746.0,1503893852.0,0,1,0,0,http://p.upcdn.pengpengla.com/star/p/u/2017/8/28/2da7b06e-054d-49a1-922d-c65cf7cd33e2.png,表白哈哈
669763.0,1503894328.0,0,1,0,0,http://p.upcdn.pengpengla.com/star/p/u/2017/8/28/8098e306-053b-4ae4-98eb-00babd47bc70.gif,你是年少的欢喜❤
669793.0,1503895285.0,0,1,0,0,http://p.upcdn.pengpengla.com/star/p/u/2017/8/28/23f2e3df-2a5c-443e-b910-c2588d95d1f3.jpg,爱你鹿哥❤️❤️❤️
669831.0,1503896599.0,0,0,0,0,http://p.upcdn.pengpengla.com/star/p/u/2017/8/28/35beb3bf-8713-4c90-bfe4-807b69875c51.jpg,秦俊杰小哥哥，你是最棒的，晴天永远做你最坚强的后盾。n俊杰勇敢飞，晴天永相随
669853.0,1503897392.0,0,0,0,0,http://p.upcdn.pengpengla.com/star/p/u/2017/8/28/1a3c4022-51c4-436c-805a-126f22483108.jpg,给我家真源表白
669858.0,1503897464.0,0,1,0,0,http://p.upcdn.pengpengla.com/star/p/u/2017/8/28/a9a1c6b6-94dc-480b-a32b-7edfe6389fc9.jpg,老万爱你❤
669869.0,1503897749.0,0,1,0,0,http://p.upcdn.pengpengla.com/star/p/u/2017/8/28/8802ea14-701e-48c3-9557-8b621090967b.jpg,喜欢你
669872.0,1503897801.0,0,0,0,0,http://p.upcdn.pengpengla.com/star/p/u/2017/8/28/8f96cb28-19fa-4d1d-8c49-5a59542f4277.jpg,TF家族新生-宋亚轩
669873.0,1503897810.0,0,0,0,0,http://p.upcdn.pengpengla.com/star/p/u/2017/8/28/530f2f43-42ae-4785-8b90-eabe35204a9b.jpg,TF家族新生-宋亚轩
669880.0,1503897857.0,0,0,0,0,http://p.upcdn.pengpengla.com/star/p/u/2017/8/28/5ce40fd3-427d-492f-8983-7f516ab4ee75.jpg,我的意中人啊
669952.0,1503899931.0,0,1,0,0,http://p.upcdn.pengpengla.com/star/p/u/2017/8/28/17c8419e-b051-4888-af1a-0deac6541868.jpg,七夕     表白    白云夫妇
669998.0,1503901652.0,0,1,0,0,http://p.upcdn.pengpengla.com/star/p/u/2017/8/28/2ccc3384-c0d5-4720-9ed0-498b1788a58d.jpg,哈哈，你真帅😘
670045.0,1503903446.0,0,0,0,0,http://p.upcdn.pengpengla.com/star/p/u/2017/8/28/b19fc7f5-e4cf-42ad-a006-be2cfe48fc4e.jpg,待你无名指发光，我再寻找我的新郎
670049.0,1503903892.0,0,0,0,0,http://p.upcdn.pengpengla.com/star/p/u/2017/8/28/b10a5bca-7f7a-45ac-b66b-abcc830eb3a4.jpg,七夕要表白我白叔叔😘😘😘 七夕快乐哟
670066.0,1503904533.0,0,0,0,0,http://p.upcdn.pengpengla.com/star/p/u/2017/8/28/f767c42c-b436-498e-8b9d-9d2883397663.jpg,吕鋆峰 我们等你
670067.0,1503904714.0,0,0,0,0,http://p.upcdn.pengpengla.com/star/p/u/2017/8/28/79b1639a-1d19-4f3e-82a1-7e0d3c5da305.jpg,嘉伦小哥哥，七夕节快乐
670073.0,1503905133.0,0,0,0,0,http://p.upcdn.pengpengla.com/star/p/u/2017/8/28/38f9168f-8762-4c1b-828b-f9b81b143bd8.jpg,万万 我爱你 很深很深 谢谢你 出现在我迷茫的青春里 谢谢你 我爱你
670125.0,1503908222.0,0,2,0,0,http://p.upcdn.pengpengla.com/star/p/u/2017/8/28/a20655a0-4e2b-46fd-b4ff-0931a5b1383b.jpg,表白我帅薛~
670127.0,1503908469.0,0,1,0,0,http://p.upcdn.pengpengla.com/star/p/u/2017/8/28/702d921d-213e-425d-95e2-dc3307f32142.jpg,小情人七夕快乐
670129.0,1503908612.0,0,0,0,0,http://p.upcdn.pengpengla.com/star/p/u/2017/8/28/d88a1e62-768e-4ec2-86b0-b03f0b61b572.jpg,刘涛，我最爱的人
670142.0,1503909314.0,0,0,0,0,http://p.upcdn.pengpengla.com/star/p/u/2017/8/28/16b5b677-643e-456a-b647-01a8ff257da1.jpg,七夕快乐，我的凡
670171.0,1503911106.0,0,5,0,0,http://p.upcdn.pengpengla.com/star/p/u/2017/8/28/dd5ecfa2-d5b4-4a47-b6ab-8736a0abb58a.jpg,熊宝七夕快乐
670178.0,1503911287.0,0,0,0,0,http://p.upcdn.pengpengla.com/star/p/u/2017/8/28/8dd4c04c-b939-499c-91f5-5d61a39ac615.jpg,么么哒
670217.0,1503913566.0,0,1,0,0,http://p.upcdn.pengpengla.com/star/p/u/2017/8/28/4ffae693-5b74-4d06-8660-18fbe1e069ca.jpg,表白我老公，七夕快乐
670248.0,1503914019.0,0,9,0,0,http://p.upcdn.pengpengla.com/star/p/u/2017/8/28/513ea2c0-c8b9-4da6-a57a-35502ce76c8f.jpg,帅坤@蔡徐坤七夕快乐！🌹🌹🌹        #蔡徐坤#
670265.0,1503914526.0,0,0,0,0,http://p.upcdn.pengpengla.com/star/p/u/2017/8/28/a172cf68-9db5-42c3-a685-dfa43713ee1e.jpg,最爱我的龙哥！！！嘻嘻嘻
670272.0,1503914787.0,0,1,0,0,http://p.upcdn.pengpengla.com/star/p/u/2017/8/28/5c04c9fc-d8be-47ad-ba96-fe7d42e7c192.jpg,鹿哥身体健康，一切都好，七夕节最好的礼物@M鹿M
670291.0,1503915191.0,0,0,0,0,http://p.upcdn.pengpengla.com/star/p/u/2017/8/28/2275ebea-6b36-4990-bbd2-3216a54b3399.jpg,明望组合   杨业明姚望
670328.0,1503917075.0,0,0,0,0,http://p.upcdn.pengpengla.com/star/p/u/2017/8/28/30f4ec63-e03b-4319-9460-67a1f77129a4.jpg,邢昭林 邢影不离💞
670343.0,1503918081.0,0,1,0,0,http://p.upcdn.pengpengla.com/star/p/u/2017/8/28/566393c1-fbe2-4e9f-abeb-2de279f06bf2.jpg,表白卡宝-李艺彤
670364.0,1503921328.0,0,5,0,0,http://p.upcdn.pengpengla.com/star/p/u/2017/8/28/ea06b730-79ab-4f74-aa89-702101357bf1.jpg,表白我最最最喜欢的小哥哥和小姐姐『白云CP』，我最爱你啦，加油哦，我会永远支持你们的，爱你们呦，笔芯笔芯😘😘😘❤❤❤
670487.0,1503930179.0,0,2,0,0,http://p.upcdn.pengpengla.com/star/p/u/2017/8/28/be97a62c-0138-490c-9e6a-937be87deaef.jpg,唯爱我82年的张杰哥哥。
670514.0,1503932920.0,0,4,0,0,http://p.upcdn.pengpengla.com/star/p/u/2017/8/28/17d8b40e-d381-4244-8f29-d2d6b6c18d89.jpg,表白源哥，七夕快乐😍️
670538.0,1503936605.0,0,0,0,0,http://p.upcdn.pengpengla.com/star/p/u/2017/8/29/4b1be04d-543e-4025-9bbd-d681ad9cb4d2.jpg,表白孟子坤，坤坤七夕节快乐
670591.0,1503968315.0,0,3,0,0,http://p.upcdn.pengpengla.com/star/p/u/2017/8/29/a8161b99-4be7-412b-8ed9-e934605ad321.jpg,嘿这里是你的男孩TT
670636.0,1503978264.0,0,0,0,0,http://p.upcdn.pengpengla.com/star/p/u/2017/8/29/73d75251-770f-4799-98d2-ec48e658fd12.jpg,熊梓淇七夕快乐！♡
670654.0,1503982124.0,0,0,0,0,http://p.upcdn.pengpengla.com/star/p/u/2017/8/29/46690379-3b7c-4c35-9525-9e6bb945d7b6.jpg,嗯...这是我的小情人❤️
670705.0,1503994806.0,0,0,0,0,http://p.upcdn.pengpengla.com/star/p/u/2017/8/29/6368b77a-3b82-4717-9a5e-30a9d984339e.jpg,千玺啊啊啊啊啊啊♡
670740.0,1504001958.0,0,2,0,0,http://p.upcdn.pengpengla.com/star/p/u/2017/8/29/c932a81e-3cf5-49da-8eab-8718a5fb218a.jpg,我的小情人❤
670749.0,1504004084.0,0,1,0,0,http://p.upcdn.pengpengla.com/star/p/u/2017/8/29/bbe207a1-0a3a-4fd2-8a70-1e1549daaea7.jpg,晨晨 晨妞 大喜砸～金晨～
670750.0,1504004086.0,0,4,0,0,http://p.upcdn.pengpengla.com/star/p/u/2017/8/29/d416fbe8-4d51-4c66-aa30-e2b023c6d3d1.jpg,热巴小姐姐，最喜欢你了。
670785.0,1504013890.0,0,0,0,0,http://p.upcdn.pengpengla.com/star/p/u/2017/8/29/a5e8611d-adcb-4ad0-be70-59bceca9c6d5.jpg,崩天白龙
670792.0,1504015945.0,0,0,0,0,http://p.upcdn.pengpengla.com/star/p/u/2017/8/29/ab83f23b-e918-467b-86af-67235ec25f6a.jpg,Yuki 爱你❤
670824.0,1504042502.0,0,2,0,0,http://p.upcdn.pengpengla.com/star/p/u/2017/8/30/51c970d2-2557-4b06-934d-0b6071b9939c.jpg,迟来的七夕快乐，虽然你现在是个单声狍，但还有鹿饭们陪你过七夕呢😂，希望我梦中的你一直都好
670851.0,1504047369.0,0,6,0,0,http://p.upcdn.pengpengla.com/star/p/u/2017/8/30/30bd97af-9685-4e73-a209-5f898b7a1efa.jpg,千玺，永远都爱你。么么哒
670897.0,1504064034.0,0,3,0,0,http://p.upcdn.pengpengla.com/star/p/u/2017/8/30/4521efc6-2e8f-48db-8060-3d79208931eb.jpg,鹿迪
670960.0,1504084842.0,0,1,0,0,http://p.upcdn.pengpengla.com/star/p/u/2017/8/30/f9da239c-9fad-4904-a932-e0a513890499.jpg,表白大大
670985.0,1504099366.0,0,4,0,0,http://p.upcdn.pengpengla.com/star/p/u/2017/8/30/cc9ad057-c6f2-4bee-be53-fa7fa9f97e2d.jpg,白鸽们的白boss!!!
670992.0,1504103602.0,0,2,0,0,http://p.upcdn.pengpengla.com/star/p/u/2017/8/30/a8f27c5b-f3b8-4b85-883f-55307f662aa4.jpg,我爱王嘉尔❤
671026.0,1504135840.0,0,1,0,0,http://p.upcdn.pengpengla.com/star/p/u/2017/8/31/b9be6747-9877-430d-8e25-8176f945de4d.jpg,熊宝宝 爱你❤️
671038.0,1504144707.0,0,1,0,0,http://p.upcdn.pengpengla.com/star/p/u/2017/8/31/1d6fff25-0c7b-4354-9103-d2bd52944b6b.jpg,王俊凯我爱你！
671075.0,1504167899.0,0,0,0,0,http://p.upcdn.pengpengla.com/star/p/u/2017/8/31/bf941372-0d75-4c78-b1fb-99908bf1ccc3.jpg,你是我的小情人
671146.0,1504207160.0,0,2,0,0,http://p.upcdn.pengpengla.com/star/p/u/2017/9/1/badd4241-b2ea-4df2-b1b6-7dc28642725a.jpg,给杨业明表白
671173.0,1504232597.0,0,1,0,0,http://p.upcdn.pengpengla.com/star/p/u/2017/9/1/c1df6b41-af36-4e08-b324-a6cc1b1381b1.jpg,27岁的他  25岁的她 ❤爱情最好的模样
671204.0,1504242417.0,0,4,0,0,http://p.upcdn.pengpengla.com/star/p/u/2017/9/1/aa1a1030-d368-46e4-a1d9-e14e1ce4ad50.jpg,哈哈哈哈   是我们葛格啊   爱你啊  😘
671216.0,1504244757.0,0,3,0,0,http://p.upcdn.pengpengla.com/star/p/u/2017/9/1/ee9bbef6-3752-405a-83f3-8efafd3b4c95.jpg,薛大傻，祝你七夕快乐，有来生我也希望能成为你心中的那个她，照顾好自己哟，一直挺你，爱你
671227.0,1504250937.0,0,0,0,0,http://p.upcdn.pengpengla.com/star/p/u/2017/9/1/f71d293e-8a3e-4efa-96e4-4b202529347a.gif,撩人的包子，感觉好好吃嗷呜！
671268.0,1504271345.0,0,1,0,0,http://p.upcdn.pengpengla.com/star/p/u/2017/9/1/bc7197e9-c6f7-4793-b9ad-b3bdb457628c.jpg,我和TT睡觉了🌙
671284.0,1504274926.0,0,5,0,0,http://p.upcdn.pengpengla.com/star/p/u/2017/9/1/60eafd68-c468-47c3-bba6-95c10c8f30b6.jpg,陪你们到80岁
671290.0,1504278222.0,0,2,0,0,http://p.upcdn.pengpengla.com/star/p/u/2017/9/1/48705a02-88f3-46a5-b456-78d102943144.jpg,给我包比哈特(⑉°з°)-♡
671298.0,1504282979.0,0,5,0,0,http://p.upcdn.pengpengla.com/star/p/u/2017/9/2/243f5ef6-56c5-4cf5-a68d-0ce72fc57022.jpg,虽然七夕已经过了，但是还是借着星饭团来表白一下。n我有时候会想，你不太适合做男朋友，觉得你更适合做弟弟被姐姐宠着。n可是在看你照片，和听你说一些话的时候，又觉得做你心爱的人一定很幸福。n情人节，情人杰啊n情人杰能够陪着你，真是再好不过了n大哥，一起为了更好的未来加油吧❤️n#查杰#   #全世界最好的查杰#   ❤️❤️❤️#你是我的情人杰#
671316.0,1504313592.0,0,5,0,0,http://p.upcdn.pengpengla.com/star/p/u/2017/9/2/a3e1abcc-06d2-426f-ae6f-18fff139b3fc.jpg,平生一顾至此终年 ——查杰
671317.0,1504314508.0,0,2,0,0,http://p.upcdn.pengpengla.com/star/p/u/2017/9/2/96581b9e-f829-4c7b-b6ac-eac4baaa400c.jpg,为我的小宝贝儿爆哭！！！
671335.0,1504320586.0,0,1,0,0,http://p.upcdn.pengpengla.com/star/p/u/2017/9/2/6cc0823f-3572-4ce1-8c95-582cad418e8a.jpg,表白我凡💜
671350.0,1504333168.0,0,0,0,0,http://p.upcdn.pengpengla.com/star/p/u/2017/9/2/976b1a89-6bdb-4bea-a3bf-a6ad764a38fb.jpg,天长地久，与你相守，赵天宇，加油！！！
671351.0,1504333540.0,0,4,0,0,http://p.upcdn.pengpengla.com/star/p/u/2017/9/2/0e384593-ae3d-44d2-9b15-4ca9420c78f7.jpg,七夕节快乐！
671359.0,1504336073.0,0,1,0,0,http://p.upcdn.pengpengla.com/star/p/u/2017/9/2/8e95540b-0d22-4bb7-a550-6cbe8af154cb.jpg,笔芯💞
671381.0,1504351392.0,0,10,0,0,http://p.upcdn.pengpengla.com/star/p/u/2017/9/2/c8c47f65-2846-407c-a7cc-d0bd5c108c96.jpg,我爱你们forever
671399.0,1504361677.0,0,1,0,0,http://p.upcdn.pengpengla.com/star/p/u/2017/9/2/900cbaeb-8c85-43b7-a679-b93f3ceb869f.jpg,抱起彭彭百米冲刺(๑u003e؂u003c๑）我家小可爱我来表白么么哒！(๑°3°๑)
671407.0,1504366256.0,0,5,0,0,http://p.upcdn.pengpengla.com/star/p/u/2017/9/2/12f2f6e9-32dc-4e63-a226-23547d357f11.jpg,来来，走过路过不要错过
671409.0,1504366332.0,0,6,0,0,http://p.upcdn.pengpengla.com/star/p/u/2017/9/2/cfc742ac-9d96-4df5-ba90-9bf271a65255.jpg,哈撒，来来来
671477.0,1504426460.0,0,12,0,0,http://p.upcdn.pengpengla.com/star/p/u/2017/9/3/30453e70-6155-4886-ace5-e75baf4fe5c6.jpg,我要表白我的男神PG_one❤️
671496.0,1504439303.0,0,0,0,0,http://p.upcdn.pengpengla.com/star/p/u/2017/9/3/ee06a5b5-a208-451f-bee2-b0122101e088.jpg,表白薛之谦宝贝
671501.0,1504442502.0,0,0,0,0,http://p.upcdn.pengpengla.com/star/p/u/2017/9/3/e6002f87-e011-4986-83b7-6204b64aedfc.jpg,谦谦哟，我爱你哟！
671503.0,1504443311.0,0,3,0,0,http://p.upcdn.pengpengla.com/star/p/u/2017/9/3/3ddb5208-9991-418b-897c-ea69708cb5e9.jpg,侯明昊啊
671508.0,1504444839.0,0,2,0,0,http://p.upcdn.pengpengla.com/star/p/u/2017/9/3/fcf651f3-afb6-4208-b0b3-153beb98ae7d.jpg,老公
671546.0,1504494798.0,0,2,0,0,http://p.upcdn.pengpengla.com/star/p/u/2017/9/4/a96bd40e-6960-421d-b665-572dd1488d41.jpg,日常表白老万
671553.0,1504498760.0,0,0,0,0,http://p.upcdn.pengpengla.com/star/p/u/2017/9/4/ad2f4993-acac-4846-a5d2-cbac731c244c.jpg,愿你快乐
671568.0,1504589848.0,0,2,0,0,http://p.upcdn.pengpengla.com/star/p/u/2017/9/5/0d1d4a76-e326-4f0c-bea4-9613882b0e48.jpg,表白谦谦
671608.0,1507108406.0,0,1,0,0,http://p.upcdn.pengpengla.com/star/p/u/2017/10/4/882110b8-3b82-4f73-8123-148a0fbc93c1.jpg,💜️😘️
671685.0,1509270149.0,0,0,0,0,http://p.upcdn.pengpengla.com/star/p/u/2017/10/29/e3395f0c-9d5e-4002-b005-53001c3a160c.jpg,爱你，比心❤️❤️❤️
671697.0,1509543850.0,0,2,0,0,http://p.upcdn.pengpengla.com/star/p/u/2017/11/1/6075e98e-c40e-4e7e-b397-4d069df97ee2.gif,表白我的老公……$$     说说你怎么能这么帅这么撩？？？
671800.0,1513136219.0,0,1,0,0,https://p.upcdn.pengpengla.com/star/p/u/2017/12/13/04f9730a-245b-4121-9b40-c18b83f91249.jpg,好想好想你
671826.0,1514296728.0,0,0,0,0,https://p.upcdn.pengpengla.com/star/p/u/2017/12/26/868d25eb-ab27-42a4-923c-f554f69faf37.jpg,凡凡和灿烈都是我理想型
671855.0,1515576841.0,0,6,0,0,https://p.upcdn.pengpengla.com/star/p/u/2018/1/10/dd20f60c-6977-4065-a59d-f69212ac4594.jpg,难道不是每天都要给宋亚轩表白吗
671990.0,1502729189.0,0,3,0,0,http://p.upcdn.pengpengla.com/star/p/u/2017/8/15/ba951e62-6eb9-478f-a3d1-0a6a6e6155a5.jpg,nn
672042.0,1502760746.0,0,3,0,0,http://p.upcdn.pengpengla.com/star/p/u/2017/8/15/3b523edb-7b7d-4a8a-ae84-a5db377a82c1.jpg,很乖
672062.0,1502765574.0,0,3,0,0,http://p.upcdn.pengpengla.com/star/p/u/2017/8/15/3c99e5b6-a2f0-4ca5-9949-d5fa73d80fa5.jpg,❤️
672069.0,1502767329.0,0,1,0,0,http://p.upcdn.pengpengla.com/star/p/u/2017/8/15/96c17039-4ca7-4f14-93b8-d165f2e24484.jpg,偷偷的 在思念nn     图源于logo
672133.0,1502772849.0,0,3,0,0,http://p.upcdn.pengpengla.com/star/p/u/2017/8/15/d40389cb-aab5-467b-9ca7-856a1860bd29.jpg,哒哒真的超好看！！
672136.0,1502773020.0,0,4,0,0,http://p.upcdn.pengpengla.com/star/p/u/2017/8/15/1612fafa-8579-4184-af18-9c1499c149bb.jpg,刘撩撩
672200.0,1502805758.0,0,8,0,0,http://p.upcdn.pengpengla.com/star/p/u/2017/8/15/14d7d860-c18d-44c6-947d-1573e42514a6.jpg,最爱大佬
672211.0,1502857367.0,0,2,0,0,http://p.upcdn.pengpengla.com/star/p/u/2017/8/16/006f2c17-a4d3-4d37-b887-0587b612741e.jpg,贺峻霖，加油
672267.0,1503924712.0,0,8,0,0,http://p.upcdn.pengpengla.com/star/p/u/2017/8/28/80149556-834d-462f-a236-b7f8836d5065.jpg,🌹🌹🌹🌹🌹
672305.0,1502941720.0,0,1,0,0,http://p.upcdn.pengpengla.com/star/p/u/2017/8/17/3dbf5c25-a66f-441a-ac93-d1c43e2acda3.jpg,从开始到未来，只为王俊凯💙
672307.0,1502850651.0,0,2,0,0,http://p.upcdn.pengpengla.com/star/p/u/2017/8/16/63504e65-8afe-4bf3-b647-bae2ae478fe5.jpg,你这么努力，我也么能不喜欢。加油吧少年，❤
672332.0,1509159851.0,0,4,0,0,http://p.upcdn.pengpengla.com/star/p/u/2017/10/28/7d982c25-fdfb-4fab-a7e3-f02e0046df70.gif,三周年，加油
672407.0,1502946484.0,0,2,0,0,http://p.upcdn.pengpengla.com/star/p/u/2017/8/17/0fc4d55f-2d6b-4dc6-8fa3-eb31d4e58a14.gif,从开始到未来，只为王俊凯💍
672470.0,1503191839.0,0,6,0,0,http://p.upcdn.pengpengla.com/star/p/u/2017/8/20/7a0bff4b-6eee-4a63-8afa-d6710d4db565.jpg,我大佬世界无敌最帅♡
672488.0,1503143489.0,0,2,0,0,http://p.upcdn.pengpengla.com/star/p/u/2017/8/19/c2205481-5217-44ce-b830-a203bc72f174.jpg,萌萌哒千玺
672569.0,1502924352.0,0,1,0,0,http://p.upcdn.pengpengla.com/star/p/u/2017/8/17/6e9c2ef1-1f35-4170-8f7b-160aecc5f3f3.jpg,💛💛💛💛
672628.0,1502697764.0,0,2,0,0,http://p.upcdn.pengpengla.com/star/p/u/2017/8/14/01093978-bb1d-4749-868f-f2959bd9a1bb.jpg,澄海不会暗，我啵不会散
672672.0,1503573797.0,0,4,0,0,http://p.upcdn.pengpengla.com/star/p/u/2017/8/24/2687823e-f054-4382-a6f5-27983c2ee2e2.jpg,💚💚💚
672697.0,1503981398.0,0,6,0,0,http://p.upcdn.pengpengla.com/star/p/u/2017/8/29/cccad706-c028-4528-a7a6-b85d19d69767.jpg,哈哈
672699.0,1503994148.0,0,9,0,0,http://p.upcdn.pengpengla.com/star/p/u/2017/8/29/a5b771b8-8ad4-4abb-9759-8b7ce4c9dc12.jpg,帅到窒息
672705.0,1506557209.0,0,221,0,1,http://p.upcdn.pengpengla.com/star/p/u/2017/9/28/8363e1e8-9b29-49d2-aa67-4e0eb0aeb291.jpg,小凯啊
672716.0,1510057682.0,0,17,1,0,http://p.upcdn.pengpengla.com/star/p/u/2017/11/7/b2117ed6-5741-426d-a89d-bd9c897fe84e.jpg,😳
672769.0,1502333171.0,539,4,0,0,http://p.upcdn.pengpengla.com/star/p/u/2017/8/10/926b505d-2dcb-4b2f-91b4-1958cd377ac3.jpg,可遇不可求的事，后海有树的院子，夏代有工的玉，此时此刻的云，三十五岁的你❤️❤️祝王凯哥哥生日快乐，工作顺利，事事遂心！
672776.0,1502333242.0,539,0,0,0,http://p.upcdn.pengpengla.com/star/p/u/2017/8/10/f1c290b7-7a01-4cd2-960a-20130f76b364.jpg,祝凯凯健康快乐 笑口常开 
672794.0,1502333517.0,539,1,0,0,http://p.upcdn.pengpengla.com/star/p/u/2017/8/10/4ea7b7c5-99b2-4344-8aaf-a5cc00cfc92e.jpg,可爱的狮子先生 n感谢你一直在n感谢我可以成为你的影迷朋友n生日快乐！！
672795.0,1502333539.0,539,4,0,0,http://p.upcdn.pengpengla.com/star/p/u/2017/8/10/0640555e-d48b-4e75-a52d-14b2257c7fd6.jpg,初见你是在季三哥，爱上你是在度总，经常想为什么没有早一点认识你，不过我觉得并不晚，我们可以有很多个十年，后来我补习了你的所有作品、所有访谈，发现自己没有选错人，你真的是一个很优秀的演员，我们影迷朋友们都会陪你细水长流的
672811.0,1502333742.0,539,1,0,0,http://p.upcdn.pengpengla.com/star/p/u/2017/8/10/878436c6-69b1-4c1c-9eea-a6d9697cdc89.jpg,“我可以跟在你身后像影子追着光梦游”n好幸运 我的生日也是8月18日n以后每当我许愿时愿望里又多了一个你
672820.0,1502333853.0,539,0,0,0,http://p.upcdn.pengpengla.com/star/p/u/2017/8/10/4a58c0e2-3320-4992-beba-f44264c6471d.jpg, #王凯欢享月# #王凯0818生日快乐# #王凯英雄本色4#王凯凯 3.5岁生日快乐🎂🎂🎂 每天都开开心心哒 健健康康哒 平平安安哒。祝票房大卖，收视爆表。期待有更多的作品  [心][心][心]@王凯kkw 
672828.0,1502333970.0,539,0,0,0,http://p.upcdn.pengpengla.com/star/p/u/2017/8/10/70ff5ee0-4bfc-4bf0-a840-0f1a9614cb46.jpg,希望你一切都好，期待更多更好的作品
672834.0,1502334053.0,539,1,0,0,http://p.upcdn.pengpengla.com/star/p/u/2017/8/10/0e8a8dbc-3aa0-482d-9496-7de67f3379c4.png,#王凯欢享月#   其实最喜欢看小哥哥盒盒盒地笑了，纯粹，坦荡，勇敢又温柔。看着凯哥的笑容，就觉得自己遇到的事都不算什么。哥哥@王凯kkw  要一直这样开开心心的啊(u003e^ω^u003c)
672884.0,1502334979.0,539,0,0,0,http://p.upcdn.pengpengla.com/star/p/u/2017/8/10/7715821b-314e-491b-b170-4dcb45f79454.jpg,最平凡的细水长流，也因牵着你的手，而幸福荡漾❤️n新的一年，希望小哥哥会越来越好，一切顺利，开开心心，然后会.....白回来？？？
672889.0,1502335119.0,539,0,0,0,http://p.upcdn.pengpengla.com/star/p/u/2017/8/10/7accbf46-71b7-45e8-9b37-3c80cdcd37f7.jpg,＃王凯欢享月＃  ＃王凯0818生日快乐＃  亲爱的王凯先生，生日快乐，这是陪你度过的第二个生日，很开心😊，永远陪你细水长流，希望王先生，每天开开心心，身体健健康康，事业蒸蒸日上，生活和顺美满，总之我们都要好好的😊
672909.0,1502335519.0,539,1,0,0,http://p.upcdn.pengpengla.com/star/p/u/2017/8/10/d08f4d25-22bb-46bf-9636-546993570de4.jpg,十年磨砺，你脚踏实地；未来展望，你厚积薄发！祝凯凯三十五岁生日快乐！！！
672959.0,1502338290.0,539,12,0,0,http://p.upcdn.pengpengla.com/star/p/u/2017/8/10/ed4844b1-510e-4293-a4fd-7b32b915c1e4.jpg,岁月长盒，我陪你一起细水长流。光阴易流逝，惟愿细水长流，一直有凯凯你的陪伴！三生有幸，让我遇见了凯凯你，愿永远与你细水长流，我的演员凯凯。
673005.0,1502340044.0,539,12,0,0,http://p.upcdn.pengpengla.com/star/p/u/2017/8/10/18eb949d-59fa-492f-ab2a-75add9b18d41.jpg,不知道从什么时候起，看着凯凯你微博开始冒泡闪烁亮起时，我再也没有和你说话的勇气。只是默默地看着你笑笑，便无言语表达。一遍遍看着，一遍遍想着。这个世界好的东西太多，而有些东西永远不属于自己，所以注定只是欣赏，站在远远的地方望着凯凯你。我用一生的时间，在我的心灵最深处爱凯凯你。天亮了，我在每天的开端等凯凯你的到来，夜来了，我在梦乡中等凯凯你的出现。
673039.0,1502341237.0,539,13,0,0,http://p.upcdn.pengpengla.com/star/p/u/2017/8/10/05bc2d35-2926-4009-b9d3-8670f0e459ca.jpg,凯凯你从苦难里摸爬滚打出来了，才能知道，重要的不是凯凯你承受了什么样的痛苦，重要的是穿过这些重重行行的苦难，凯凯你到达了成功的彼岸。有人说，凯凯你要配得上你受的苦难，不不不，凯凯你打败了苦难，让它配得上了凯凯你。那些后来变得很厉害的人，不是因为苦难磨练了心志，而是因为本身心坚志定，所以承受得住伤害。
673091.0,1502343364.0,539,0,0,0,http://p.upcdn.pengpengla.com/star/p/u/2017/8/10/7d886e3c-38c1-46e3-9c85-172eceb9653b.jpg,你有暮春的五官，初夏的筋骨，深秋的眼波跟隆冬的胸口，忽然怀疑自己能否戒掉你，瘾君子啊，仍钟情罂粟的回季。于是我北上 北极熊的肚皮是你；于是我南下 南十字的星光是你；于是我东游 北海道的清泉是你；于是我西去 莫高窟的岩石是你。我素来逻辑思维不太好，但有一个因果我很明了：是“我喜欢你，所以你好看”；不是因为“你好看，所以我喜欢你”。余生愿你常欢笑，不落泪也不皱眉。
673142.0,1502345162.0,539,2,0,0,http://p.upcdn.pengpengla.com/star/p/u/2017/8/10/4a6b5bab-bf5a-4189-8769-e406970d9a2f.jpg,你知道吗？你说你喜欢的姑娘不要抛头露面，只要在你的身后，撑起一个家。你说不管在外面再苦再累，都可以回家，至少还有一个家的样子。你说你会为了你的姑娘戒烟戒酒，你同样也说你会给你的姑娘最好的爱。可是，如果我不努力，我怎么才能见到你，用最直接方式，在你的身旁，听你的呼吸，看着你的瞳孔，如果我不抛头露面，我要怎样才能让你知道我，怎样才能见到你？我要做演员，今天是我的成年礼，我的愿望就是进正午阳光！！
673153.0,1502345682.0,539,18,0,0,http://p.upcdn.pengpengla.com/star/p/u/2017/8/10/99cc167b-6479-46da-bc72-b554dda1c32b.jpg,月光里隐隐约约的好似有凯凯你的身影 ，向我走来，走进我的心里，成为我世界里那仅存的微光。俏皮的笑容在凯凯你的脸上一览无余，你就是最动人的旋律，在每一秒里都想见到凯凯你 ，爱是不停在期待的心，在每一秒里都想见到凯凯你，太多话我想讲给凯凯你听！
673165.0,1502346630.0,539,15,0,0,http://p.upcdn.pengpengla.com/star/p/u/2017/8/10/a56814c6-ca91-42aa-bcc3-cbef53c94b8a.jpg,毕竟我那么爱你，我哪里会羞涩的难以启齿。就看我这微博，自凯凯你的出现以后，半壁江山都是关于凯凯你。可是我深深研读，字字斟酌，才发现，果真如是。我喜极而泣，喜终于得遇见你，三生有幸我能爱上这样完美的你，泣那么多我独知岁月的渴盼和期待。“你是无意穿堂风，偏引据山洪。”还真是没错，可是我不后悔，我也由着自己，洪随风去。
673167.0,1502346651.0,539,2,0,0,http://p.upcdn.pengpengla.com/star/p/u/2017/8/10/87c74b84-7092-4226-9bd4-1b060e62bd58.jpg,最好的尚未到来，未来可期，只希望以后的路我能伴你左右，能分享你的喜怒哀乐，我很普通，可是我觉得对你的爱并不普通，我没多大能力，可我至少能一直站在你身边，给你前进的动力，还是那句话，你说你爱细水长流，那我陪你慢慢走💓💓
673241.0,1502350209.0,539,4,0,0,http://p.upcdn.pengpengla.com/star/p/u/2017/8/10/d1f8fcf6-94b1-4342-84a9-fbb70de79ebc.jpg,荣誉当前，赞美声中，凯凯你铭记感恩，不忘初心。感谢每一分给予，感激每一分得到。此时，凯凯你是聚光灯下万人瞩目的焦点，是舞台上那颗最闪亮的星。此刻的璀璨，照亮了凯凯你曾经的挥汗如雨，亦将点亮未来前进的道路。我知道，凯凯你从不企盼永远，只愿意努力做好今天。相信凯凯你的每一个明天，都如此般光彩闪耀，熠熠生辉。
673267.0,1502351525.0,539,4,0,0,http://p.upcdn.pengpengla.com/star/p/u/2017/8/10/8ebac685-654f-4f4c-813e-cc3bb78e6335.jpg,做凯凯你喜欢的事情，过凯凯你想过的生活，有我在，一切安好。凯凯你踩着单车，携着清风，你那干净的白T，挺拔的背影，像潇洒的王子，像可爱的天使，一切都是我最喜欢的样子，在夏日的夜晚，抓住七月的尾巴，我最爱的意气风发的少年，奔向一个崭新的八月。爱是行动，爱是表达，把我对凯凯你的爱用行动展现出来，我从不敢奢望，会有一天，有一人，点亮我的世界，把我眼中的酷暑寒冬，黑暗恐惧，全部变成明媚的风景。
673339.0,1502354438.0,539,5,0,0,http://p.upcdn.pengpengla.com/star/p/u/2017/8/10/afc88d25-2ff3-41ea-b0c3-9b37e0aefb18.jpg,凯凯你走进了我的世界里，景琰十年孤愤始终如一坚守的兄弟情义，明诚虽然游走在黑夜中，却不失信仰的忠诚，方孟韦的纯净无瑕，赵医生的高雅温暖，陈亦度的外冷内热，季三哥的坚定坦荡，豁达真诚，对爱情的忠贞，唐川教授坚持正义探究真相的情感纠结，范川的皎洁灵动，无不一一让我深深着迷。凯凯你是那么完美，懂得是欣赏，爱是给予，倾尽心力支持凯凯你，已是我生活乃至生命中不可或缺的一部分。
673349.0,1502354922.0,539,5,0,0,http://p.upcdn.pengpengla.com/star/p/u/2017/8/10/30f53077-bd20-4050-a3f7-fa8a95f8857c.jpg,十年，可以改变一切，但亘古不变的是我会一直陪凯凯你细水长流！用我的诚心，等待凯凯你的芳心，即便海枯石烂我不死心，会一直相守在凯凯你身后，用我的真心，赢得凯凯你的欢心，天崩地裂我永不变心，用我的痴心，编写这封信，希望得到凯凯你的倾心！祝凯凯你永远幸福快乐！就是与凯凯你不期而遇的相逢，心和心的碰撞，我才整夜整夜地毫睡意，似乎在等待着晨曦，等待着凯凯你一点一滴的消息，爱纷飞，我的心已沉醉。
673359.0,1502355382.0,539,5,0,0,http://p.upcdn.pengpengla.com/star/p/u/2017/8/10/3d8f7e8b-2e89-4564-8ce1-65a6bfd0b6f3.jpg,凤凰涅槃，浴血重生，低调做人高调做事，这句话放在凯凯你的身上再合适不过了，凯凯你是一个舞台上惊艳四射背后却不知付出了多少努力的实力派优秀演员。凯凯你从无名小卒到炙手可热，从千辛万苦到光芒万丈，演员这一条路，凯凯你越走越长，而我必定也将陪你勇往。凯凯你是最亮的星星，照亮着我前行。浩瀚星河，漫天星辰，最亮的是凯凯你。整个城市都睡了，那个我与你从未相见的是凯凯你，又占据我的回忆。
673376.0,1502356155.0,539,6,0,0,http://p.upcdn.pengpengla.com/star/p/u/2017/8/10/2a56069c-5e99-40f7-85a0-7f33c4392e48.jpg,：我爱你！海至深是梦，夜至深是黎明，我灵魂至深是凯凯你，凯凯你就是我的世界，这是我对凯凯你最长情的告白！真正喜欢凯凯你以后，眼角眉梢都是你，四面八方都是你，上天入地都是你，成也是你，败也是你，我还是很喜欢凯凯你，像炊烟袅袅几许，棠梨煎雪又落雨，我想用余生为凯凯你暖一盏茶。我时常在想，十几年前，是什么促使十八岁的凯凯你毅然决然地放弃了铁饭碗，踏上了追求梦想的道路。
673411.0,1502357658.0,539,1,0,0,http://p.upcdn.pengpengla.com/star/p/u/2017/8/10/235e2104-89ce-493e-a7d9-307b214d5865.png,#王凯欢享月##王凯818生日快乐#年年有今日，岁岁有今朝！顺顺利利演戏，开开心心生活！
673424.0,1502359802.0,539,0,0,0,http://p.upcdn.pengpengla.com/star/p/u/2017/8/10/e0ca7290-3706-4c26-852f-8f47bd0689ee.jpg,因为你，我爱上了武汉热干面。我们一起努力，变成更好的人。期待你的每一部作品，因为我们知道，你一定会给我们惊喜。岁月长盒，爱你如初。
673467.0,1502369553.0,539,0,0,0,http://p.upcdn.pengpengla.com/star/p/u/2017/8/10/d5a83cfa-6ba0-4b56-b7cf-6fd1ddf83c6f.jpg,凯凯，陪你过的第一个生日，爱你到永远，想亲口道一句生日快乐，注意身体，开开心心
673577.0,1502414121.0,539,0,0,0,http://p.upcdn.pengpengla.com/star/p/u/2017/8/11/6ff974f8-9cd8-4011-8bde-f93e1b83da65.jpg,狮子宝贝三十五岁生日快乐哦，我们陪你细水长流@王凯kkw #王凯欢享月# #王凯0818生日快乐#
673585.0,1502417663.0,539,2,0,0,http://p.upcdn.pengpengla.com/star/p/u/2017/8/11/69597289-4f29-404b-bc51-1a6e1d5177bf.jpg,他們問我為什麼總是能在人群裡一眼就找到你。我說那是因為你在發光啊❤️🌹
673596.0,1502420672.0,539,0,0,0,http://p.upcdn.pengpengla.com/star/p/u/2017/8/11/671733ac-fe98-43b9-911b-7688ea705db5.jpg,#王凯欢享月# #王凯0818生日快乐# 三生有幸遇到你，陪你细水长流，生日快乐，最爱的王凯哥哥
673598.0,1502420807.0,539,0,0,0,http://p.upcdn.pengpengla.com/star/p/u/2017/8/11/cef1e299-fb1b-46dd-8183-dc51b9850d28.jpg,希望我凯永远快快乐乐的！我们永远都是正气满满的小狮子哟！盒盒盒盒盒盒！！！
673616.0,1502426781.0,539,0,0,0,http://p.upcdn.pengpengla.com/star/p/u/2017/8/11/1ab373c7-0612-4be7-b52e-35aed2fb2e6d.jpg,凯凯生日快乐，♥nn给你最好的祝福#nn陪你细水长流●
673660.0,1502443034.0,539,16,0,0,http://p.upcdn.pengpengla.com/star/p/u/2017/8/11/e6f85445-0c3e-430d-adf2-b059411374d3.jpg,凯凯，就是让我不顾形象大喊着“睡不到凯凯你人生还有什么意义”的男人，凯凯你在颁奖典礼上说了一句话，“谢谢我，未曾放弃”，击中了我内心的最后一道屏障，使我深深的被凯凯你这样一个完美的男人给吸引！凯凯你有过看起来前途无限的开端，却从没想到这条路需要凯凯你一个人走过十年，熬过无数艰难和挫折，才真正看到了光。观众能记住好演员，凯凯你已经深深的烙印在我的心头！
673728.0,1502461439.0,539,10,0,0,http://p.upcdn.pengpengla.com/star/p/u/2017/8/11/7ea09544-7227-487c-92a1-842b89ec1981.jpg,窗外屋檐树下，小雨滴答滴答。喜欢这样安静的小镇，如果有一天也能遇到凯凯你，想带凯凯你欣赏清澈的湖水，带凯凯你爬低矮的小山，想看凯凯你湖边垂钓的欢乐，看凯凯你自在的打水漂，想和凯凯你踏着鹅卵石小跑，给凯凯你采摘田园樱桃，我会傻傻微笑，假如遇到凯凯你，真好。
673781.0,1502464799.0,539,10,0,0,http://p.upcdn.pengpengla.com/star/p/u/2017/8/11/b08209b8-d230-427d-876c-b2f5a6bbf334.jpg,年少时的凯凯你是个略带青涩的大男孩，你的可爱与阳光开朗一直都没有改变，永远都积极向上，真诚和一颗善良纯洁的心也未曾改变，爱聊着梦想之路但从不言苦，始终热爱着表演，怀揣敬畏与尊重。这就是凯凯你十年始终如一的好演员。 ​一部好作品和一个好的角色对于演员来说真的很重要，感谢萧景琰让我初识凯凯你，也感谢萧景琰让我爱上了凯凯你！
673784.0,1502464975.0,539,11,0,0,http://p.upcdn.pengpengla.com/star/p/u/2017/8/11/1cb48535-6d5b-41e4-97df-063886b25a3c.jpg,我是一个希望你好盼着你好，永远站在你这边，要陪你细水长流的，卑微无望深爱着你的陌生人。可是我却又无比庆幸，我能够遇见凯凯你。在这个世上，爱与被爱本来就是很艰难的事，我能够找到，能够去爱，已是庆幸，至于被找到，被爱，我期待，却不奢望。情深总是缘浅，更何况这只是我一个人的深情，又怎么强求得来缘分。我总说我藏不住要说想凯凯你你，也藏不住对凯凯你的爱，其实只是还没有到时候而已。
673813.0,1502498414.0,539,7,0,0,http://p.upcdn.pengpengla.com/star/p/u/2017/8/12/5ee1f4c2-5338-4569-be9e-65f1479992b8.jpg,凯凯你就像是生命中宇宙温柔释放的绚烂星辰，是瑰丽的极光和太阳风，尽管我知道有很多演员并非拥有一夜爆红的机遇和潜质，但凯凯你这把潜心磨了十年的刀，却在不知不觉的时候拥有了能够承载数不胜数好作品的能力。十年寒窗无人问，一朝成名天下知。我在大一的时候，常常看到一句*汤：未来的你会感谢现在拼命努力的自己。
673827.0,1502505465.0,539,4,0,0,http://p.upcdn.pengpengla.com/star/p/u/2017/8/12/39670128-e969-4910-b63c-c8f0f5fcc317.jpg,帅凯凯 求票票！💘
673846.0,1502521885.0,539,2,0,0,http://p.upcdn.pengpengla.com/star/p/u/2017/8/12/0456cf9b-90dd-4d57-b38f-314722c58f38.jpg,我希望你永远做自己喜欢做的事，活出自己最喜欢的样子，无论是拍戏还是公益，我都会一直在你身后支持你，因为凯凯你是我的骄傲和一生的挚爱。请凯凯你记住，爱你不仅仅是颜值，更为你的努力，更为你身上无数的闪光点，我喜欢听凯凯你说感谢自己，是凯凯你教会我去做自己的王，只要一直努力下去，总有一天会成为最璀璨的星星。我会为了凯凯你成为更好的自己，我永远爱你凯凯。
673863.0,1502540222.0,539,0,0,0,http://p.upcdn.pengpengla.com/star/p/u/2017/8/12/a1dc0dfb-47d1-4764-9d04-9514f8ad15e0.jpg,#王凯0818生日快乐# #王凯kkw# 认识你快600天了，一切彷如初见，初心不变，爱亦不变 (๑╹ڡ╹)╭ ～ ❤️爱你
673872.0,1502542592.0,539,1,0,0,http://p.upcdn.pengpengla.com/star/p/u/2017/8/12/16cb72a5-e018-4527-83dc-f42bd05d7a2b.jpg,精致的侧脸。❤ #王凯欢享月#
673883.0,1502552651.0,539,0,0,0,http://p.upcdn.pengpengla.com/star/p/u/2017/8/12/d1930e33-0b79-4233-9d03-8bd3a9cf30ef.jpg,哥，生日快乐🎂  就让我伴着你，看细水流长❤💛💚💙💜
673960.0,1502805938.0,539,0,0,0,http://p.upcdn.pengpengla.com/star/p/u/2017/8/15/d3aa998c-4d98-40df-bfed-75de593db4f4.jpg,凯哥 我就不发表长篇大论了 只说 陪你细水长流 今年高二 我会努力学习 争取有一天可以见到你  mua❤❤❤
673998.0,1502986936.0,539,0,0,0,http://p.upcdn.pengpengla.com/star/p/u/2017/8/18/170d427f-9ce6-4909-883c-991c16027147.jpg,生日快乐🎉我的大宝贝凯凯
674069.0,1502088406.0,0,108,0,0,http://p.upcdn.pengpengla.com/star/p/u/2017/8/7/a97755a5-6867-49bf-8525-ab932fcc2006.jpg,这几张最帅好吗
674085.0,1502090884.0,0,72,0,0,http://p.upcdn.pengpengla.com/star/p/u/2017/8/7/795b5e28-ca55-477a-80be-321748f01aa1.jpg,大爱谦谦
674086.0,1502090916.0,0,0,0,0,http://p.upcdn.pengpengla.com/star/p/u/2017/8/7/c61a5019-c331-4219-91e1-c2f4fdaeb415.jpg,汪东城
674121.0,1502092968.0,0,9,0,0,http://p.upcdn.pengpengla.com/star/p/u/2017/8/7/c0aa9cd2-0aa2-4fc9-a448-ed28bdcdc52c.jpg,全世界最好的侯明昊
674144.0,1502095281.0,0,0,0,0,http://p.upcdn.pengpengla.com/star/p/u/2017/8/7/56aff677-b3ad-4b65-9a25-bc465a24a9e6.jpg,汪东城
674156.0,1502095450.0,0,0,0,0,http://p.upcdn.pengpengla.com/star/p/u/2017/8/7/3494ea89-47ac-4c31-91f9-9f6fa0f8376f.jpg,汪东城  超级网剧镇魂街
674190.0,1502100631.0,0,2,0,0,http://p.upcdn.pengpengla.com/star/p/u/2017/8/7/19b06d63-e859-49a7-9084-3f70932ec27f.jpg,❤❤
674215.0,1502102563.0,0,2,0,0,http://p.upcdn.pengpengla.com/star/p/u/2017/8/7/1901ab92-ab22-4cc9-9e3d-fd81f03dc15e.jpg,白敬亭啊。
674235.0,1502105040.0,0,2,0,0,http://p.upcdn.pengpengla.com/star/p/u/2017/8/7/0427bcd9-a501-4a9b-b3de-dcaffe582cdb.jpg,mc阿哲
674286.0,1502113127.0,0,1,0,0,http://p.upcdn.pengpengla.com/star/p/u/2017/8/7/d8ff0812-c7c4-4ea0-af49-42e1a3d55a7c.jpg,这最帅的孟瑞
674337.0,1502119288.0,0,0,0,0,http://p.upcdn.pengpengla.com/star/p/u/2017/8/7/debb0138-d56a-4ad3-b826-47c7a56fd373.gif,汪东城 镇魂街
674346.0,1502119755.0,0,4,0,0,http://p.upcdn.pengpengla.com/star/p/u/2017/8/7/e3524ae8-e849-4123-9fe1-d98f851e69b2.jpg,帅炸了有木有.
674363.0,1502122560.0,0,1,0,0,http://p.upcdn.pengpengla.com/star/p/u/2017/8/8/25118cb8-be10-40f0-8c91-da60d8dfa1af.jpg,来一波西装杀😍😍
674442.0,1502156612.0,0,0,0,0,http://p.upcdn.pengpengla.com/star/p/u/2017/8/8/52572826-ec78-4b85-a43b-22606fe562e8.jpg,我家Henry就是这么帅✌️✌️
674455.0,1502158882.0,0,0,0,0,http://p.upcdn.pengpengla.com/star/p/u/2017/8/8/c4c47765-13e7-40ea-9432-05daaad55eb1.jpg,西装杀只服wuli俊俊💙
674510.0,1502169899.0,0,1,0,0,http://p.upcdn.pengpengla.com/star/p/u/2017/8/8/65c4dc5f-15e7-40c9-8c2c-2ccb28030928.jpg,论西装 只服的的💓
674517.0,1502171065.0,0,3,0,0,http://p.upcdn.pengpengla.com/star/p/u/2017/8/8/04fa8a49-d0b0-4507-bfca-60dea9bb0c19.jpg,😍
674540.0,1502174833.0,0,2,0,0,http://p.upcdn.pengpengla.com/star/p/u/2017/8/8/a80acafb-73a6-41a8-9444-ea29488fdaae.png,视频截图都超帅！
674547.0,1502176319.0,0,2,0,0,http://p.upcdn.pengpengla.com/star/p/u/2017/8/8/48b1ae52-9892-45c2-aa47-5cf64c90d243.jpg,我鹿哥，谁不服
674553.0,1502177638.0,0,2,0,0,http://p.upcdn.pengpengla.com/star/p/u/2017/8/8/03e65db1-9558-4f51-9fae-97521241a4a6.jpg,帅😍
674560.0,1502179097.0,0,1,0,0,http://p.upcdn.pengpengla.com/star/p/u/2017/8/8/3d4e1f7d-7689-4af6-b5e1-233063cd786d.jpg,真正的总裁美伦
674574.0,1502181726.0,0,2,0,0,http://p.upcdn.pengpengla.com/star/p/u/2017/8/8/bf688161-4d52-4cb4-b553-977324564d1d.jpg,大新哥哥西装杀！居然画眼线了，ヾﾉ≧∀≦)o
674593.0,1502186157.0,0,2,0,0,http://p.upcdn.pengpengla.com/star/p/u/2017/8/8/668fd733-419f-4f14-8c90-137d347f742a.jpg,郭子凡我的妈呀！！！！！！
674617.0,1502191241.0,0,3,0,0,http://p.upcdn.pengpengla.com/star/p/u/2017/8/8/7001e03e-a853-45ed-baaa-95718e7e9234.jpg,帅气满分的谦谦
674623.0,1502191874.0,0,3,0,0,http://p.upcdn.pengpengla.com/star/p/u/2017/8/8/d4876c81-8936-4465-871e-1d3c8881e3fd.jpg,(∼‾▽‾)→))*‾▽‾*)o[手指戳戳]
674626.0,1502193464.0,0,3,0,0,http://p.upcdn.pengpengla.com/star/p/u/2017/8/8/1125f2d6-150c-4d02-8d06-ac0d767e4413.gif,萌萌噠
674635.0,1502196101.0,0,2,0,0,http://p.upcdn.pengpengla.com/star/p/u/2017/8/8/9576745e-dd7b-4d81-a49a-ec5360c1a7df.jpg,吕鋆峰，么么么～
674652.0,1502199508.0,0,0,0,0,http://p.upcdn.pengpengla.com/star/p/u/2017/8/8/d0917320-335a-4da3-a9fb-a638f5c35890.jpg,😭😭😭😭😭太致命了#张杰入驻重庆杜莎夫人蜡像馆#
674743.0,1502239827.0,0,3,0,0,http://p.upcdn.pengpengla.com/star/p/u/2017/8/9/35d6abea-4e4e-404c-aa60-cdf88d07a3f3.jpg,可甜可盐~马天宇😘
674747.0,1502240687.0,0,2,0,0,http://p.upcdn.pengpengla.com/star/p/u/2017/8/9/53566210-7774-4e43-bbd7-6c03824ed90f.jpg,Henry
674748.0,1502240699.0,0,3,0,0,http://p.upcdn.pengpengla.com/star/p/u/2017/8/9/03a71506-5fc1-4a41-8988-d914e558ea25.jpg,😘马天宇
674754.0,1502242945.0,0,3,0,0,http://p.upcdn.pengpengla.com/star/p/u/2017/8/9/89ee8266-c06c-4678-a339-75c8213be77e.jpg,薛三岁的西装~
674764.0,1502247196.0,0,0,0,0,http://p.upcdn.pengpengla.com/star/p/u/2017/8/9/b7d7983b-5d5d-460c-93fb-e737a0da08b2.png,张艺兴二胎真的很牛掰。
674770.0,1502248776.0,0,4,0,0,http://p.upcdn.pengpengla.com/star/p/u/2017/8/9/a9906fda-bbd2-4f03-bacc-da297cb9c7e9.jpg,穿西装的最帅的鹿爷，不是小鹿，不是鹿哥，是man到爆炸的鹿爷！！！
674811.0,1502257246.0,0,3,0,0,http://p.upcdn.pengpengla.com/star/p/u/2017/8/9/04c71267-9efa-4cb8-94d6-bd3d8cf6689d.jpg,屋里嘉尔
674866.0,1502268492.0,0,0,0,0,http://p.upcdn.pengpengla.com/star/p/u/2017/8/9/470d0592-8123-4c15-a9b1-c7f367acbe72.jpg,豆豆西装杀，一眼误终生啊✌
674902.0,1502278781.0,0,1,0,0,http://p.upcdn.pengpengla.com/star/p/u/2017/8/9/dcfa5123-a36e-4a0b-86b2-8ab4ebeec2ef.jpg,💋💚
674952.0,1502288430.0,0,0,0,0,http://p.upcdn.pengpengla.com/star/p/u/2017/8/9/b1803c35-4bc8-475d-9f64-96be7899df40.jpg,蛤蛤我发现这套也是西装朱戬朱戬
674953.0,1502288513.0,0,1,0,0,http://p.upcdn.pengpengla.com/star/p/u/2017/8/9/8e1e011d-b6b9-4eb5-9965-1b7aab46dfba.jpg,Spexial初代
675018.0,1502320434.0,0,4,0,0,http://p.upcdn.pengpengla.com/star/p/u/2017/8/10/52f75bb4-489c-4ff5-a20b-00e00476eb29.jpg,翩翩鹿公子
675055.0,1502331204.0,0,0,0,0,http://p.upcdn.pengpengla.com/star/p/u/2017/8/10/bb1bc9ac-f4e5-4017-acd0-229d0a9c6700.jpg,我爱豆姚望lucas就是可酷可萌
675093.0,1502334520.0,0,1,0,0,http://p.upcdn.pengpengla.com/star/p/u/2017/8/10/87da6c31-dcb5-4f59-b4b5-fd94a063b2a7.jpg,西装儒最帅了😊😊😊
675117.0,1502339444.0,0,0,0,0,http://p.upcdn.pengpengla.com/star/p/u/2017/8/10/2f452e28-3e63-48ed-87e3-b7e4ad508785.jpg,😉
675184.0,1502362845.0,0,7,0,0,http://p.upcdn.pengpengla.com/star/p/u/2017/8/10/563eb877-f096-4def-967e-c5dd6e524f11.jpg,西装鹿
675194.0,1502367552.0,0,5,0,0,http://p.upcdn.pengpengla.com/star/p/u/2017/8/10/8980a6a0-1d80-462c-aa24-1e338c3d6061.jpg,销魂的眼神，迷人的神态😍😍
675240.0,1502378738.0,0,0,0,0,http://p.upcdn.pengpengla.com/star/p/u/2017/8/10/5c00baef-6f6c-491b-a86b-bcc31eb114a5.jpg,陈饱饱是天生穿西装的料啊！
675289.0,1502408488.0,0,1,0,0,http://p.upcdn.pengpengla.com/star/p/u/2017/8/11/7ce9b234-2285-476e-b889-fa836235e978.jpg,白西服，帅到爆！小白王博文
675304.0,1502411982.0,0,5,0,0,http://p.upcdn.pengpengla.com/star/p/u/2017/8/11/16942c0c-5907-433e-9798-f9765a187b77.jpg,超级帅气
675394.0,1502430122.0,0,3,0,0,http://p.upcdn.pengpengla.com/star/p/u/2017/8/11/78dbb5b4-e2c6-458c-81b2-a7c1e91c2be3.jpg,熊老师最帅！
675406.0,1502430914.0,0,2,0,0,http://p.upcdn.pengpengla.com/star/p/u/2017/8/11/deb5438f-7d50-4336-97d4-107161aba000.jpg,☀☀☀他是X玖少年团夏之光，17岁的少年开始长大啦！
675503.0,1502452784.0,0,2,0,0,http://p.upcdn.pengpengla.com/star/p/u/2017/8/11/b6b1b86c-1a86-4227-afe3-2c941e726120.jpg,大佬啊
675506.0,1502453955.0,0,1,0,0,http://p.upcdn.pengpengla.com/star/p/u/2017/8/11/0aa17be8-a871-4c66-a13a-3d0f070aa194.jpg,我胡呀
675631.0,1502505582.0,0,1,0,0,http://p.upcdn.pengpengla.com/star/p/u/2017/8/12/84921b6f-de15-44af-af0f-1dba70fc35dd.jpg,邢大大帅死啦。
675636.0,1502507456.0,0,0,0,0,http://p.upcdn.pengpengla.com/star/p/u/2017/8/12/4928377b-8d4b-4803-b3c8-891031c74709.jpg,也很帅
675681.0,1502516409.0,0,5,0,0,http://p.upcdn.pengpengla.com/star/p/u/2017/8/12/954e4136-bdba-46c6-9c09-b9db8e140f6e.jpg,只爱谦谦
675683.0,1502516600.0,0,1,0,0,http://p.upcdn.pengpengla.com/star/p/u/2017/8/12/bdf10fc1-b581-4e8a-a9f4-4a9d830165c9.jpg,西装鹿
675692.0,1502517412.0,0,2,0,0,http://p.upcdn.pengpengla.com/star/p/u/2017/8/12/64c5617d-8e16-4c7b-bfbb-4b7ea2c9ba95.jpg,@熊梓淇熊老师好帅
675847.0,1502529518.0,0,2,0,0,http://p.upcdn.pengpengla.com/star/p/u/2017/8/12/ad8c3cbb-5fe5-455b-86cf-880a667bd6a8.jpg,西服啦啦啦
675894.0,1502541220.0,0,2,0,0,http://p.upcdn.pengpengla.com/star/p/u/2017/8/12/f083ebf1-3826-4efd-8a7b-49862266ef13.jpg,我凯威武
675908.0,1502544090.0,0,0,0,0,http://p.upcdn.pengpengla.com/star/p/u/2017/8/12/2c62f992-6433-439f-8c5f-6a04b5b98c18.jpg,我正也可以是小鲜肉
675936.0,1502550048.0,0,0,0,0,http://p.upcdn.pengpengla.com/star/p/u/2017/8/12/f98de4b1-159a-4546-94a7-7ea298499107.jpg,啊啊啊啊啊啊
675945.0,1502551519.0,0,4,0,0,http://p.upcdn.pengpengla.com/star/p/u/2017/8/12/1f51eae8-b403-4e67-b835-b5de026170a9.jpg,赵磊❤
675948.0,1502552958.0,0,1,0,0,http://p.upcdn.pengpengla.com/star/p/u/2017/8/12/a1c36a9b-df31-4743-b2ad-c13684afb223.jpg,帅帅帅
675950.0,1502552975.0,0,1,0,0,http://p.upcdn.pengpengla.com/star/p/u/2017/8/12/344d0da2-2bfe-4eda-93e2-31a69ae1d3b8.jpg,邢昭林，邢大大最帅了💕
675982.0,1502577641.0,0,7,0,0,http://p.upcdn.pengpengla.com/star/p/u/2017/8/13/a8a474f4-3d30-491b-968f-74bd598b073d.jpg,大长腿大长腿又细又直的大长腿❤表白我文锅❤
676116.0,1502614323.0,0,2,0,0,http://p.upcdn.pengpengla.com/star/p/u/2017/8/13/36f3759f-de32-4215-80bd-1ccb1c59eb1b.jpg,😌😌😌帅~
676122.0,1502615958.0,0,1,0,0,http://p.upcdn.pengpengla.com/star/p/u/2017/8/13/729d1872-81a3-46ba-b921-b910b7f56368.gif,笑得那么开心
676154.0,1502623610.0,0,2,0,0,http://p.upcdn.pengpengla.com/star/p/u/2017/8/13/25ee074b-a854-431e-9898-7b7b30263765.jpg,有谦米拉股
676218.0,1502637672.0,0,6,0,0,http://p.upcdn.pengpengla.com/star/p/u/2017/8/13/598874f2-132d-4f8c-8932-69c4b5621c5d.jpg,让我好好犯一下花痴先😍
676245.0,1502666461.0,0,1,0,0,http://p.upcdn.pengpengla.com/star/p/u/2017/8/14/b388e0c1-d50d-4916-b54c-19227b13da55.jpg,我爱邢大大
676253.0,1502672309.0,0,0,0,0,http://p.upcdn.pengpengla.com/star/p/u/2017/8/14/10b9eae3-f768-4e86-ba1f-7ee8b7463200.jpg,💙💙💙
676260.0,1502676975.0,0,2,0,0,http://p.upcdn.pengpengla.com/star/p/u/2017/8/14/9566eb95-a364-4e00-b5d0-1869e0e3d6ea.jpg,西装
676264.0,1502678417.0,0,3,0,0,http://p.upcdn.pengpengla.com/star/p/u/2017/8/14/1e7e0859-2a89-4ac2-8a0d-7fa34274c01d.jpg,全世界最好的黄靖翔
676322.0,1502691811.0,0,0,0,0,http://p.upcdn.pengpengla.com/star/p/u/2017/8/14/51d579fc-8480-4a2a-b72f-8589c60e31a7.jpg,帅出天际
676334.0,1502696028.0,0,4,0,0,http://p.upcdn.pengpengla.com/star/p/u/2017/8/14/40ff3019-2043-4819-9920-56c632165e67.jpg,😘😘😘
676358.0,1502702257.0,0,5,0,0,http://p.upcdn.pengpengla.com/star/p/u/2017/8/14/93be6ea0-87db-49bb-a408-31442fd70837.jpg,里头白
676471.0,1502771653.0,0,3,0,0,http://p.upcdn.pengpengla.com/star/p/u/2017/8/15/26f28bd5-4300-4335-acad-9e4ee820d578.jpg,找了好久终于找到了几张，因为鹿哥很少穿的这么正经😂😂😂😂
676601.0,1502880707.0,0,0,0,0,http://p.upcdn.pengpengla.com/star/p/u/2017/8/16/44bc0734-52ec-454a-bbcb-ee81396ec8ac.jpg,是不是最帅的
676627.0,1502900142.0,0,1,0,0,http://p.upcdn.pengpengla.com/star/p/u/2017/8/17/f5cd53de-adfc-4260-ad29-5fb83206c8a5.jpg,我宝正装真的帅到炸裂
676641.0,1502932069.0,0,0,0,0,http://p.upcdn.pengpengla.com/star/p/u/2017/8/17/f471407a-cd3a-4ef5-8185-25080b94d91e.png,白客最帥了
676658.0,1502941532.0,0,0,0,0,http://p.upcdn.pengpengla.com/star/p/u/2017/8/17/f415bf1c-bfd7-4c5e-b78f-bec6d2e60f73.jpg,权志龙才是最帅的♡
676723.0,1502985333.0,0,1,0,0,http://p.upcdn.pengpengla.com/star/p/u/2017/8/17/4407dcba-be23-4651-9879-b71f6ff0870a.jpg,刘昊然
676754.0,1503127395.0,0,3,0,0,http://p.upcdn.pengpengla.com/star/p/u/2017/8/19/fe94ba03-1091-4c81-b9df-50d94f9c5adf.jpg,我爱豆穿正装最好看了
676777.0,1503276518.0,0,1,0,0,http://p.upcdn.pengpengla.com/star/p/u/2017/8/21/10319ab3-a54a-46b4-b24b-f415a654b0c6.jpg,李易峰最帅
676801.0,1503558203.0,0,2,0,0,http://p.upcdn.pengpengla.com/star/p/u/2017/8/24/3e0a6bf6-4928-4fd9-ae3e-8d9e38f931dc.jpg,城城最帅
676851.0,1503999868.0,0,2,0,0,http://p.upcdn.pengpengla.com/star/p/u/2017/8/29/88bd25ca-20f8-4b24-a03d-b62422cb5eba.jpg,西装和破洞裤的巧妙结合
676869.0,1504394009.0,0,0,0,0,http://p.upcdn.pengpengla.com/star/p/u/2017/9/3/5575c4c5-5dc4-4b62-9ba3-5fbae76eb61a.jpg,帥的不要不要的
676918.0,1505708582.0,0,0,0,0,http://p.upcdn.pengpengla.com/star/p/u/2017/9/18/f4b0175b-9f09-4c41-9199-4742c7293224.png,花花花花花花❀华晨宇老师
676932.0,1506523847.0,0,1,0,0,http://p.upcdn.pengpengla.com/star/p/u/2017/9/27/1a27687c-cb84-42d6-9556-7ee0f9ef35e9.jpg,西装要从小穿起！@贺峻霖
676984.0,1508809465.0,0,0,0,0,http://p.upcdn.pengpengla.com/star/p/u/2017/10/24/a88d4b6b-fd3a-4378-a8f3-e5da645a1cb6.jpg,生日快乐秀晶啊
676998.0,1508892211.0,0,3,0,0,http://p.upcdn.pengpengla.com/star/p/u/2017/10/25/5a46de3b-54fa-4d92-8576-4907c30a64a7.jpg,吴亦凡啊❤
677005.0,1508997258.0,0,3,0,0,http://p.upcdn.pengpengla.com/star/p/u/2017/10/26/1f22f564-8cec-4507-b635-0cf5131dad35.jpg,正装帅爆Mike
677053.0,1510532002.0,0,1,0,0,http://p.upcdn.pengpengla.com/star/p/u/2017/11/13/d03d7299-5513-45c7-86e3-fc3011046e9c.jpg,才宝
677090.0,1511673391.0,0,0,0,0,http://p.upcdn.pengpengla.com/star/p/u/2017/11/26/d787debe-e07c-4ce3-ab4a-afce547127a1.jpg,西装尼也是很帅(๑• . •๑)
677179.0,1512488359.0,0,2,0,0,http://p.upcdn.pengpengla.com/star/p/u/2017/12/5/d62d61cb-44fe-4385-885c-7b1c07598407.gif,白先生就是撩到💥❤️
677191.0,1512552264.0,0,1,0,0,http://p.upcdn.pengpengla.com/star/p/u/2017/12/6/2c8b1aa1-ebe9-45db-bf8a-97b62b6de442.jpg,…………❤️
677195.0,1512621463.0,0,0,0,0,http://p.upcdn.pengpengla.com/star/p/u/2017/12/7/83beb1a9-bcb9-42f0-b393-ac12bc45a358.jpg,帅.
677196.0,1512622875.0,0,0,0,0,http://p.upcdn.pengpengla.com/star/p/u/2017/12/7/47530e4f-281e-4518-8922-b00e74cb0f51.jpg,嘻嘻
677201.0,1512689161.0,0,4,0,0,https://p.upcdn.pengpengla.com/star/p/u/2017/12/8/48b4e146-903b-48de-b955-23c299c8aad2.jpg,🐳
677287.0,1513819579.0,0,1,0,0,https://p.upcdn.pengpengla.com/star/p/u/2017/12/21/69e03c0d-2643-44a6-8691-372c3352d67a.jpg,真的很好看。
677325.0,1514183055.0,0,5,0,0,https://p.upcdn.pengpengla.com/star/p/u/2017/12/25/8c1e37a5-b867-400a-99c9-36e7dd2110c3.jpg,西装小王子❤
677374.0,1514601597.0,0,0,0,0,https://p.upcdn.pengpengla.com/star/p/u/2017/12/30/528f0f00-f85c-4b6d-8552-c8f10ec57d59.jpg,陈向熙
677454.0,1515554208.0,0,3,0,0,https://p.upcdn.pengpengla.com/star/p/u/2018/1/10/e4903aac-7b6d-4609-932a-e88e915350b8.jpg,白马王子
677489.0,1516076861.0,0,0,0,0,https://p.upcdn.pengpengla.com/star/p/u/2018/1/16/84d4334c-70dc-491a-887a-7de3fa69f957.jpg,一副精英的即视感。
677501.0,1501474505.0,0,252,0,0,http://p.upcdn.pengpengla.com/star/p/u/2017/7/31/d17261a7-3b7d-4b1e-b308-92d9dadf91f5.jpg,王俊凯凯凯凯
677504.0,1501475439.0,0,2,0,0,http://p.upcdn.pengpengla.com/star/p/u/2017/7/31/f186a3d5-5206-40aa-a25d-7d793fc07423.jpg,我们明望……
677523.0,1501477634.0,0,102,0,0,http://p.upcdn.pengpengla.com/star/p/u/2017/7/31/5d5723c7-bef3-488c-9997-4df8f9240773.png,当然是我的的邢大大❤❤么么哒
677534.0,1501478592.0,0,0,0,0,http://p.upcdn.pengpengla.com/star/p/u/2017/7/31/597ca4a4-a451-4b81-b56f-fb2fb541ff7f.jpg,汪东城  比心
677593.0,1501486142.0,0,994,0,1,http://p.upcdn.pengpengla.com/star/p/u/2017/7/31/e505e184-7623-47e4-b081-d8980ee7d753.jpg,胖迪♥
677673.0,1501496253.0,0,6,0,0,http://p.upcdn.pengpengla.com/star/p/u/2017/7/31/abd9c093-9801-4763-a741-559028cd6df0.jpg,薛薛的小心心~
677693.0,1501497306.0,0,8,0,0,http://p.upcdn.pengpengla.com/star/p/u/2017/7/31/10cc39da-a8a9-490f-8e9b-2426bad41341.jpg,逐月之月God委屈脸比心，哈哈哈
677734.0,1501498863.0,0,136,0,0,http://p.upcdn.pengpengla.com/star/p/u/2017/7/31/dcb41a62-4197-44bf-a7a1-38bf60036193.jpg,薛式比心 ❤️
677765.0,1501501412.0,0,3,0,0,http://p.upcdn.pengpengla.com/star/p/u/2017/7/31/22214c9d-618d-43e3-ab32-7ea6570265d0.jpg,当然是嘉尔啦啦啦❤❤
677771.0,1501502391.0,0,0,0,0,http://p.upcdn.pengpengla.com/star/p/u/2017/7/31/da67e5f3-9f69-430d-9a7a-9a996ca6712a.jpg,捕捉每一次的直播~
677799.0,1501507743.0,0,0,0,0,http://p.upcdn.pengpengla.com/star/p/u/2017/7/31/d978071f-2a50-4efc-87fa-b53ac9908d62.jpg,汪東城
677808.0,1501508971.0,0,5,0,0,http://p.upcdn.pengpengla.com/star/p/u/2017/7/31/649704c6-ba43-4875-ad71-c74c38352cce.gif,来看我家白敬亭
677821.0,1501512143.0,0,0,0,0,http://p.upcdn.pengpengla.com/star/p/u/2017/7/31/26894edc-6781-4441-b774-750cd2480fbd.jpg,汪东城
677861.0,1501519698.0,0,0,0,0,http://p.upcdn.pengpengla.com/star/p/u/2017/8/1/eb6be0ba-8cd6-44b0-bb90-bb6168648b9a.jpg,汪东城
677903.0,1501552163.0,0,1,0,0,http://p.upcdn.pengpengla.com/star/p/u/2017/8/1/631745ec-66ff-4718-8e49-6d280f9d6afb.gif,全宇宙最好看
677948.0,1501558799.0,0,0,0,0,http://p.upcdn.pengpengla.com/star/p/u/2017/8/1/f28e835f-3c8d-4e4a-bb6b-3c69273bac45.gif,汪东城
677952.0,1501559144.0,0,1,0,0,http://p.upcdn.pengpengla.com/star/p/u/2017/8/1/d8d152bf-24e7-45f0-bad9-4fb57f74a844.png,孟子坤小哥哥❣️
677962.0,1501561630.0,0,22,0,0,http://p.upcdn.pengpengla.com/star/p/u/2017/8/1/6d06afc2-4442-48b7-b0a2-39bcaa4b8f0f.jpg,笔芯小猴子✌✌
677963.0,1501561758.0,0,0,0,0,http://p.upcdn.pengpengla.com/star/p/u/2017/8/1/7fe941ce-cdc1-48c8-a8ff-51cf5d8c5fb6.jpg,国民弟弟徐浩哥哥
677964.0,1501562227.0,0,8,0,0,http://p.upcdn.pengpengla.com/star/p/u/2017/8/1/56591ce3-a14a-4913-9fc4-f73be5f7a548.jpg,小龙虾陈伟霆向你比了个心❤
678024.0,1501573626.0,0,0,0,0,http://p.upcdn.pengpengla.com/star/p/u/2017/8/1/95047c6b-c755-4924-86bd-9994c5721352.jpg,  #晏紫东# 。 #晏紫东天下无诈# 。 #晏紫东梁山伯与祝英台# 。@晏紫东 好喜歡晏紫東，願你被世界溫柔以待  #喵星人和熊孩子[音乐]# 。 #晏紫东梁山伯# 。#演员晏紫东# 。 #歌手晏紫东# 。#晏紫东独步天下#  。@梁山伯与祝英台影视剧 。#晏紫东田禾# 。#晏紫东大话西游之爱你一万年# 。
678056.0,1501579970.0,0,1,0,0,http://p.upcdn.pengpengla.com/star/p/u/2017/8/1/16cad426-93af-4ccf-be81-edd36cc9e3a5.jpg,曾舜晞，侯明昊，鹿晗，TFBOYS！n他们的小心心你们收到了吗😘
678065.0,1501583052.0,0,3,0,0,http://p.upcdn.pengpengla.com/star/p/u/2017/8/1/cf97b7a5-f874-4e16-af1a-20cdf137dbb2.jpg,今天星期五  是一句情话@M鹿M
678076.0,1501584255.0,0,1,0,0,http://p.upcdn.pengpengla.com/star/p/u/2017/8/1/cea0b949-33fb-42db-b9a9-38162710fcf2.gif,烊烊的小心心❤
678087.0,1501586893.0,0,2,0,0,http://p.upcdn.pengpengla.com/star/p/u/2017/8/1/ca2bbe63-a19f-44fb-9f86-134428c229d0.jpg,MyGod。MyBas.😘
678110.0,1501591629.0,0,1,0,0,http://p.upcdn.pengpengla.com/star/p/u/2017/8/1/862ef93b-fe60-4ef4-a038-92740088f16c.jpg,汪东城
678171.0,1501626194.0,0,0,0,0,http://p.upcdn.pengpengla.com/star/p/u/2017/8/2/fb5dac5e-8c26-4d46-8e96-6379fdd62606.jpg,我家梓宁er的小❤❤最甜😘😘😘
678222.0,1501642101.0,0,2,0,0,http://p.upcdn.pengpengla.com/star/p/u/2017/8/2/172a194c-bd7a-4867-b6b5-597da0b99dff.jpg,当然是这样最甜啦😄
678264.0,1501653173.0,0,4,0,0,http://p.upcdn.pengpengla.com/star/p/u/2017/8/2/8586ecc4-c176-4a32-88b1-2ffbd753ef0e.jpg,啊哈哈！
678315.0,1501665968.0,0,17,0,0,http://p.upcdn.pengpengla.com/star/p/u/2017/8/2/4c8cca53-3574-40a0-9f79-1a880d0e2d45.jpg,勋鹿王道 高举勋鹿大旗
678334.0,1501671145.0,0,3,0,0,http://p.upcdn.pengpengla.com/star/p/u/2017/8/2/57e51943-2c9f-405a-a77c-710fd7d97648.jpg,扣个手，都是爱你的形状😘
678348.0,1501674183.0,0,55,0,0,http://p.upcdn.pengpengla.com/star/p/u/2017/8/2/65718889-5a8a-41fc-ac10-6e71f94934cb.jpg,我家小姐姐
678363.0,1501678481.0,0,1,0,0,http://p.upcdn.pengpengla.com/star/p/u/2017/8/2/30c3dff4-e21c-49c0-bcb2-961e0cf7bd9c.jpg,表白baby💗💗
678402.0,1501690514.0,0,25,0,0,http://p.upcdn.pengpengla.com/star/p/u/2017/8/3/6904c49a-50fc-4db7-9326-68a4593d7204.jpg,生日快乐
678414.0,1501714213.0,0,2,0,0,http://p.upcdn.pengpengla.com/star/p/u/2017/8/3/932eab3f-8994-4e45-834c-c1f0e5baf817.png,比心心的爱豆，哇咔咔~(≧▽≦)/~
678425.0,1501722834.0,0,5,0,0,http://p.upcdn.pengpengla.com/star/p/u/2017/8/3/7847e72d-4a52-46f4-9065-65edd61d98ce.jpg,我家的小心心
678428.0,1501724287.0,0,5,0,0,http://p.upcdn.pengpengla.com/star/p/u/2017/8/3/1d2038e6-7b33-400e-996d-121865568c1c.gif,啊啊嘎嘎
678454.0,1501729542.0,0,2,0,0,http://p.upcdn.pengpengla.com/star/p/u/2017/8/3/e2a4eebe-2d4b-4c7d-b629-40eef56ca5da.jpg,沛慈诶，漂亮的女子，实话说，我心动了，哈哈哈
678514.0,1501747044.0,0,1,0,0,http://p.upcdn.pengpengla.com/star/p/u/2017/8/3/afa93415-2ecc-418a-acc5-ef58349aae4d.jpg,来自我龙的小心心😘
678521.0,1501749570.0,0,3,0,0,http://p.upcdn.pengpengla.com/star/p/u/2017/8/3/ed7060d9-eb5e-4e82-8f7b-dc15122f97ae.jpg,小猴子!侯明昊唱歌跳舞演戏都很棒啊啊啊啊啊啊
678541.0,1501754973.0,0,9,0,0,http://p.upcdn.pengpengla.com/star/p/u/2017/8/3/79f6490f-2337-4beb-9cd9-8cdbd07a805a.jpg,帅帅的小心心你确定不要😍
678578.0,1501763561.0,0,1,0,0,http://p.upcdn.pengpengla.com/star/p/u/2017/8/3/91bb79d1-0763-426c-be18-ea532b2df3eb.jpg,吃可爱长大的嘎嘎
678582.0,1501764304.0,0,2,0,0,http://p.upcdn.pengpengla.com/star/p/u/2017/8/3/4ac60964-98f5-4473-98ff-5ea9f1225289.jpg,(*ˊᗜˋ*)/ᵗᑋᵃᐢᵏ ᵞᵒᵘ*
678599.0,1501767259.0,0,6,0,0,http://p.upcdn.pengpengla.com/star/p/u/2017/8/3/af9080ea-09f9-420d-a225-5b59c867f6e0.jpg,帅
678678.0,1501780547.0,0,0,0,0,http://p.upcdn.pengpengla.com/star/p/u/2017/8/4/36ed45e3-7e7a-4c71-a3c5-0a5660a98e6c.jpg,汪东城  超级网剧镇魂街
678688.0,1501782825.0,0,2,0,0,http://p.upcdn.pengpengla.com/star/p/u/2017/8/4/75f169e4-eac7-471b-a0d4-6f4a75ae4730.jpg,相伴丽颖 如颖随行♡
678692.0,1501788318.0,0,1,0,0,http://p.upcdn.pengpengla.com/star/p/u/2017/8/4/ced082ee-88a8-47e8-9337-79829eb22b49.jpg,为所炫妹子打call💓
678695.0,1501798245.0,0,3,0,0,http://p.upcdn.pengpengla.com/star/p/u/2017/8/4/89c9d77d-0338-44a4-a6c0-b6237d2f2a93.jpg,小❤️❤️
678722.0,1501809395.0,0,11,0,0,http://p.upcdn.pengpengla.com/star/p/u/2017/8/4/522f31c4-73a9-4783-ae2e-c0c99b3f79b6.jpg,鹿爷的小心心
678765.0,1501823440.0,0,0,0,0,http://p.upcdn.pengpengla.com/star/p/u/2017/8/4/ac095b76-a1b3-46a4-9103-192cda5a5f28.jpg,谍战剧红蔷薇里的肖君浩👍😍，超级期待❤
678774.0,1501824826.0,0,0,0,0,http://p.upcdn.pengpengla.com/star/p/u/2017/8/4/29fd12f8-01e1-4f33-838b-2761201180de.jpg,汪东城  超级网剧镇魂街
678778.0,1501825397.0,0,5,0,0,http://p.upcdn.pengpengla.com/star/p/u/2017/8/4/d2381a8d-1bfd-416c-8b8c-fd47dbcb4f50.jpg,啊啊啊啊鹿晗啊
678855.0,1501850153.0,0,1,0,0,http://p.upcdn.pengpengla.com/star/p/u/2017/8/4/c0179e32-d4c6-48e9-8b28-3ece115488b3.png,爱心鼻孔来一啵！绝对独一无二！😜
678901.0,1501861671.0,0,4,0,0,http://p.upcdn.pengpengla.com/star/p/u/2017/8/4/a327e815-f5ea-4de3-bee0-9366903072a2.jpg,千总，鹿哥，热巴
678918.0,1501866481.0,0,0,0,0,http://p.upcdn.pengpengla.com/star/p/u/2017/8/5/df17ce64-a3e0-498d-a839-b2d10497c527.jpg,#汪东城曹焱兵# #超级网剧镇魂街# 😊#汪东城# #汪东城超级网剧镇魂街# #镇魂街#
678959.0,1501894476.0,0,2,0,0,http://p.upcdn.pengpengla.com/star/p/u/2017/8/5/3061b2a0-3342-4a71-91d1-33759820ba09.jpg,侯明昊小哥哥❤
678977.0,1501898273.0,0,0,0,0,http://p.upcdn.pengpengla.com/star/p/u/2017/8/5/9db947e1-b7ed-4e28-88ec-b76ce34460aa.jpg,杨业明leo
679025.0,1501901842.0,0,1,0,0,http://p.upcdn.pengpengla.com/star/p/u/2017/8/5/0e007941-a014-4f95-a0d7-7bd055e82180.jpg,酒窝哥哥最甜啦
679071.0,1501910069.0,0,0,0,0,http://p.upcdn.pengpengla.com/star/p/u/2017/8/5/8e524ff2-17a7-447f-9468-c47b303fe6dd.jpg,#Acrush#彭亦阳
679080.0,1501910797.0,0,2,0,0,http://p.upcdn.pengpengla.com/star/p/u/2017/8/5/7059d670-28c0-4c5d-9034-3c8909c150e0.png,小猴子的小心心你要吗？@侯明昊Neo
679084.0,1501911364.0,0,6,0,0,http://p.upcdn.pengpengla.com/star/p/u/2017/8/5/66bb99dd-cb0e-4f69-8181-3eb004cd4990.jpg,侯明昊侯明昊侯明昊侯明昊侯明昊侯明昊n💚💚💚💚💚💚💚
679122.0,1501920518.0,0,0,0,0,http://p.upcdn.pengpengla.com/star/p/u/2017/8/5/6f6565d7-b156-47b2-ad5c-b98e59bbcba3.jpg,宇宙最帅的大哥
679183.0,1501931202.0,0,3,0,0,http://p.upcdn.pengpengla.com/star/p/u/2017/8/5/46c8699d-ca7a-499b-b425-b82235215247.jpg,可愛的Teddy
679216.0,1501939279.0,0,3,0,0,http://p.upcdn.pengpengla.com/star/p/u/2017/8/5/203995fc-cd4b-409e-9c7b-a6fe364b042a.jpg,我洋比心
679227.0,1501943513.0,0,2,0,0,http://p.upcdn.pengpengla.com/star/p/u/2017/8/5/86ec210e-cd52-4c0a-bd67-45153e1b3b5e.jpg,笔芯♡
679237.0,1501946001.0,0,4,0,0,http://p.upcdn.pengpengla.com/star/p/u/2017/8/5/e6d8861d-6aad-4f55-ad9c-4b7361cc3434.jpg,比心谁都不服，就服邢昭林🙃n右手、左手、双手都可以😆用脚都可以比给你🙂就这么厉害！！n你的手能有这么好看？n你的脸能有这么好看？n你能长成这样？n你能叫邢昭林？n全宇宙独一无二的邢昭林❤️
679270.0,1501966074.0,0,1,0,0,http://p.upcdn.pengpengla.com/star/p/u/2017/8/6/c717c1d8-45d1-4eb3-8454-f6700eae40c7.jpg,我家爱豆基本不笔芯，凑合着用吧😂
679291.0,1501978695.0,0,0,0,0,http://p.upcdn.pengpengla.com/star/p/u/2017/8/6/4961ac66-2870-44be-876b-7539ff93fbbc.jpg,最爱点点 梁洁
679300.0,1501983560.0,0,1,0,0,http://p.upcdn.pengpengla.com/star/p/u/2017/8/6/78a6c352-f135-4868-b39f-cf2a25b58063.jpg,翻遍了相册竟然只找到了一张我龙哥的笔芯照😩
679343.0,1501991598.0,0,4,0,0,http://p.upcdn.pengpengla.com/star/p/u/2017/8/6/851c9c7e-2bb0-451f-ae12-b9fee8ff7240.jpg,杨洋最帅！！
679357.0,1501994197.0,0,11,0,0,http://p.upcdn.pengpengla.com/star/p/u/2017/8/6/10ea8ad0-6fd4-4316-abb2-b2026edd764b.jpg,超级帅气的鹿晗💛
679379.0,1501999736.0,0,0,0,0,http://p.upcdn.pengpengla.com/star/p/u/2017/8/6/58929d10-4d51-4e81-9ba2-151756386b8a.jpg,左边繁右边坤❤
679395.0,1502003448.0,0,11,0,0,http://p.upcdn.pengpengla.com/star/p/u/2017/8/6/7cb6e5ba-34d4-44b6-8f6b-1f32d5b43167.jpg,前排😘
679403.0,1502004801.0,0,6,0,0,http://p.upcdn.pengpengla.com/star/p/u/2017/8/6/85ddf221-6bdc-45a5-a04d-6d4158dba764.jpg,猴哥的小心心。
679440.0,1502013909.0,0,3,0,0,http://p.upcdn.pengpengla.com/star/p/u/2017/8/6/06334b4c-6d6d-4872-b637-4005bfa84547.jpg,伍嘉成，全部都给你！
679456.0,1502016334.0,0,7,0,0,http://p.upcdn.pengpengla.com/star/p/u/2017/8/6/edb378c9-ccb1-4e7b-9229-6aa22038c9a9.jpg,帅到无法对视♡♥︎(∩ᵒ̴̶̷̤⌔ᵒ̴̶̷̤∩)
679512.0,1502031637.0,0,1,0,0,http://p.upcdn.pengpengla.com/star/p/u/2017/8/6/e411c6b2-4388-44dd-a292-554ecccdc11a.jpg,舒畅    我的早更女友     戚嘉❤
679559.0,1502062390.0,0,5,0,0,http://p.upcdn.pengpengla.com/star/p/u/2017/8/7/e260bca2-248b-4738-97b3-93d3674db206.jpg,美美美
679612.0,1502072620.0,0,1,0,0,http://p.upcdn.pengpengla.com/star/p/u/2017/8/7/a9ab120b-c38f-494c-abb2-9f1df6229af1.jpg,还是老大最棒
679675.0,1502090200.0,0,0,0,0,http://p.upcdn.pengpengla.com/star/p/u/2017/8/7/919db75c-a0b5-4ac4-865c-4a3f22bae192.jpg,最爱的点点 梁洁
679728.0,1502119356.0,0,0,0,0,http://p.upcdn.pengpengla.com/star/p/u/2017/8/7/1322ae06-952b-42a3-94b8-f0d9568f6431.gif,汪东城
679751.0,1502151818.0,0,1,0,0,http://p.upcdn.pengpengla.com/star/p/u/2017/8/8/4ec29cc7-e56a-4565-9c0e-7ba7e9e19c0b.gif,swag😂
679760.0,1502158444.0,0,1,0,0,http://p.upcdn.pengpengla.com/star/p/u/2017/8/8/a54be93e-fba0-4e85-bd8b-839af97f90c0.jpg,一片心
679762.0,1502158746.0,0,2,0,0,http://p.upcdn.pengpengla.com/star/p/u/2017/8/8/3e6fa7d5-fa95-42d9-b767-6484be6df847.jpg,🐵🐵
679782.0,1502166933.0,0,1,0,0,http://p.upcdn.pengpengla.com/star/p/u/2017/8/8/208142d5-14d8-49e0-869e-db47c954652a.gif,磊磊
679916.0,1502278787.0,0,2,0,0,http://p.upcdn.pengpengla.com/star/p/u/2017/8/9/359dd9c9-41b1-48a7-bd2a-62258d963bf3.jpg,帅么？
679945.0,1502321732.0,0,2,0,0,http://p.upcdn.pengpengla.com/star/p/u/2017/8/10/16374d61-e9f1-4e71-8e77-b1248375ff02.jpg,昭林❤❤笔芯
679953.0,1502331564.0,0,2,0,0,http://p.upcdn.pengpengla.com/star/p/u/2017/8/10/ff3c5c00-8112-4c11-ac7e-3af05513e977.jpg,最爱点点 梁洁。繁星点点 洁最耀眼！
680008.0,1502371557.0,0,5,0,0,http://p.upcdn.pengpengla.com/star/p/u/2017/8/10/9741b67f-8117-4d0d-b0e3-f2e5c0174979.jpg,必须是我家滴小祖宗，吕鋆峰啦！
680012.0,1502372660.0,0,7,0,0,http://p.upcdn.pengpengla.com/star/p/u/2017/8/10/97b26c33-d310-436d-985d-f50e791e3781.jpg,wuli小哥哥侯明昊🙈
680019.0,1502376643.0,0,5,0,0,http://p.upcdn.pengpengla.com/star/p/u/2017/8/10/18064ba5-9600-48ad-b033-643992c55c7e.jpg,大爱谦谦
680097.0,1502969500.0,0,3,0,0,http://p.upcdn.pengpengla.com/star/p/u/2017/8/17/549f0d27-1892-4b02-b366-786b0dd3f0e4.jpg,n
680113.0,1503057215.0,0,5,0,0,http://p.upcdn.pengpengla.com/star/p/u/2017/8/18/e2aa6569-2ffa-4f4e-b57a-086130ced679.jpg,鹿哥加油加油加油加油加油加油加油加油加油加油加油加油加油加油，加油专注鹿哥！ヽ(•̀ω•́ )ゝ
680145.0,1503285150.0,0,2,0,0,http://p.upcdn.pengpengla.com/star/p/u/2017/8/21/c2b55cf9-0e20-4934-9d87-f130b1a94476.jpg,我们颖超好看的笔芯❤
680170.0,1503507386.0,0,0,0,0,http://p.upcdn.pengpengla.com/star/p/u/2017/8/24/1fc1fdc0-dbc7-40f7-8b92-12408be39833.jpg,懵
680233.0,1504681533.0,0,5,0,0,http://p.upcdn.pengpengla.com/star/p/u/2017/9/6/083c63ad-3d38-4bff-b7b8-7435d7cad6b9.jpg,最甜，没有之一
680294.0,1508302433.0,0,1,0,0,http://p.upcdn.pengpengla.com/star/p/u/2017/10/18/32fe2530-4568-4fd3-a711-daf25266b7d7.jpg,💖💖伯贤u0026世勋
680321.0,1509687049.0,0,1,0,0,http://p.upcdn.pengpengla.com/star/p/u/2017/11/3/7585a7f3-4636-40cc-939c-173a57961830.jpg,太帅了😘😘
680346.0,1511534608.0,0,4,0,0,http://p.upcdn.pengpengla.com/star/p/u/2017/11/24/bbfad32e-bc89-493f-8e02-c06a5b9dbbdd.jpg,这张超帅超可爱的♡
680369.0,1512139792.0,0,1,0,0,http://p.upcdn.pengpengla.com/star/p/u/2017/12/1/4675f707-29a7-4aef-9393-c3145c7d430d.jpg,张皓宸
680396.0,1512602880.0,0,5,0,0,http://p.upcdn.pengpengla.com/star/p/u/2017/12/7/80e3d531-f8eb-48cb-b424-3d59eff211a7.gif,看了这么多！我还是觉得我老公比较厉害！！我们家老胡可是会花式比心❤️的人
680443.0,1513714220.0,0,4,0,0,https://p.upcdn.pengpengla.com/star/p/u/2017/12/20/c1f216e8-f3c0-4b6d-80aa-a155775b4fac.jpg,#白敬亭
680447.0,1513763108.0,0,0,0,0,https://p.upcdn.pengpengla.com/star/p/u/2017/12/20/3317d08e-34a4-40fe-bcbd-be5dca6db068.jpg,我家老高呀
680463.0,1514169613.0,0,4,0,0,https://p.upcdn.pengpengla.com/star/p/u/2017/12/25/9d3f204f-a029-419e-b188-a77d379fd2b3.jpg,是他是他就是他
680486.0,1514463659.0,0,2,0,0,https://p.upcdn.pengpengla.com/star/p/u/2017/12/28/5831e87b-3361-4d62-8fc5-35ff4a8a01a5.gif,发射小心心♡
680553.0,1515653548.0,0,6,1,0,https://p.upcdn.pengpengla.com/star/p/u/2018/1/11/47991462-ec81-45f9-99ce-df0a8d9d8a86.jpg,比心狂魔wuli坤儿❤️
680584.0,1501556465.0,0,2,0,0,http://p.upcdn.pengpengla.com/star/p/u/2017/8/1/e250a85c-61d3-4e2b-a246-2e57da2d5165.jpg,帅帅哒鹿爷，整个屋台都是你的。@M鹿M
680590.0,1501403517.0,0,1,0,0,http://p.upcdn.pengpengla.com/star/p/u/2017/7/30/f5f8604e-6a63-4962-bfb2-c9c5ce7fe251.jpg,20170727水蓝跑活动    ＃吴磊＃   可帅了
680616.0,1501461871.0,0,1,0,0,http://p.upcdn.pengpengla.com/star/p/u/2017/7/31/d03d9b50-b6b0-47e1-a97f-20e6f923972e.jpg,查杰（图源星芒）
680686.0,1501286652.0,0,0,0,0,http://p.upcdn.pengpengla.com/star/p/u/2017/7/29/e2a80ff1-d5dc-46d0-984c-d33f665e8d0c.jpg,早安，赵磊磊
680689.0,1501079583.0,0,0,0,0,http://p.upcdn.pengpengla.com/star/p/u/2017/7/26/276520e6-4bda-4ae0-bfa4-cdf3dc155f39.jpg,嘉成兄弟
680696.0,1501079855.0,0,1,0,0,http://p.upcdn.pengpengla.com/star/p/u/2017/7/26/54cc8b96-e520-4ae8-b608-585163545bba.jpg,谷嘉诚
680735.0,1500948218.0,0,1,0,0,http://p.upcdn.pengpengla.com/star/p/u/2017/7/25/58fc065f-fe49-4060-9734-415ee30c2c24.png,#伍嘉成# #X玖少年团全能队长伍嘉成# sexy sexy boy
680748.0,1501992563.0,0,0,0,0,http://p.upcdn.pengpengla.com/star/p/u/2017/8/6/d4f400f6-5052-499b-a317-404cd21ef454.jpg,光光
680750.0,1500941214.0,0,6,0,0,http://p.upcdn.pengpengla.com/star/p/u/2017/7/25/2404a83e-ceda-4006-a41a-8fd44b4972a3.jpg,#X玖少年团舞蹈担当夏之光#  @X玖少年团夏之光X_Lightnn(图片来源见水印)
680775.0,1501341622.0,0,2,0,0,http://p.upcdn.pengpengla.com/star/p/u/2017/7/29/72b1edbb-9704-4f05-81cf-8a93b529ccb7.jpg,鹿鹿鹿鹿鹿
680778.0,1504657353.0,0,0,0,0,http://p.upcdn.pengpengla.com/star/p/u/2017/9/6/2c31883f-5aec-4699-8672-8a576991d968.jpg,哇咔咔咔咔咔
680799.0,1501120767.0,0,0,0,0,http://p.upcdn.pengpengla.com/star/p/u/2017/7/27/c9b49688-e98f-44a4-9640-7c66a05f286a.jpg,小甜凯😚
680922.0,1500996427.0,0,2,0,0,http://p.upcdn.pengpengla.com/star/p/u/2017/7/25/fbbdc69e-b677-49f9-b82c-14b4e3563e11.jpg,我女神✌️
680938.0,1500991679.0,0,0,0,0,http://p.upcdn.pengpengla.com/star/p/u/2017/7/25/086c753d-70ba-4f6f-a17a-4c372747f1f5.jpg,全世界最好看的郭子凡
680962.0,1501078104.0,0,2,0,0,http://p.upcdn.pengpengla.com/star/p/u/2017/7/26/e83ff411-222b-418a-b7f5-ebda2e9b4b9d.jpg,郭子凡小哥哥
680968.0,1501078524.0,0,0,0,0,http://p.upcdn.pengpengla.com/star/p/u/2017/7/26/72fcbde3-245b-4ab9-9e60-5228c43a359f.jpg,郭子凡睫毛精
680979.0,1501124685.0,0,2,0,0,http://p.upcdn.pengpengla.com/star/p/u/2017/7/27/071a6c39-34bf-4e8d-baa8-52bfd4968e93.jpg,郭子凡睫毛精
681034.0,1501478873.0,0,1,0,0,http://p.upcdn.pengpengla.com/star/p/u/2017/7/31/c9872dd4-6c0d-45a3-8fc6-d68127a97c2e.jpg,王俊凯
681037.0,1501213950.0,0,1,0,0,http://p.upcdn.pengpengla.com/star/p/u/2017/7/28/0fc424e1-14ec-4c4e-8aab-a2dee689d97e.jpg,这是你们成长的过程💛
681056.0,1501225796.0,0,1,0,0,http://p.upcdn.pengpengla.com/star/p/u/2017/7/28/60f95e64-1e43-49cd-abd1-3031acc6f3ef.png,陈伟霆，他是世界上最好看的人～
681075.0,1501545039.0,0,1,0,0,http://p.upcdn.pengpengla.com/star/p/u/2017/8/1/650a19e8-4570-4824-96ea-6ed9e9d9cdf7.jpg,😍😍
681078.0,1501545187.0,0,1,0,0,http://p.upcdn.pengpengla.com/star/p/u/2017/8/1/669562b8-06ae-4c10-8df5-4627cccfa4d4.jpg,安利一波 8月11看电影心理罪
681103.0,1501545976.0,0,2,0,0,http://p.upcdn.pengpengla.com/star/p/u/2017/8/1/e89e12e2-f22c-4246-b709-b3b4a015efb4.jpg,😍😍期待一下8月11电影心理罪
681114.0,1501546397.0,0,2,0,0,http://p.upcdn.pengpengla.com/star/p/u/2017/8/1/5565cbf3-1d8c-4cfe-845a-12f3f90b227c.jpg,八月11电影心理罪
681130.0,1501567272.0,0,0,0,0,http://p.upcdn.pengpengla.com/star/p/u/2017/8/1/afaf4933-7350-4759-b9db-b0cf942fc2db.png,大坤坤@蔡徐坤
681196.0,1502114943.0,0,0,0,0,http://p.upcdn.pengpengla.com/star/p/u/2017/8/7/a7fd48e4-e11a-4b34-9ef6-bfad39981d89.jpg,2017我想世界巡演南宁站的张杰哥哥
681227.0,1500902532.0,0,1,0,0,http://p.upcdn.pengpengla.com/star/p/u/2017/7/24/f9cfe32e-a56c-4f10-afdb-c1a763a23e90.jpg,字不重要，看图👇
681245.0,1501238044.0,0,0,0,0,http://p.upcdn.pengpengla.com/star/p/u/2017/7/28/6da31db7-8332-43f2-b649-8525e1d2df1c.jpg,汪东城  超级网剧镇魂街 8月2号  优酷独播
681246.0,1501238088.0,0,0,0,0,http://p.upcdn.pengpengla.com/star/p/u/2017/7/28/d3f70c54-f55b-4ea1-ae0f-7142675e4f92.jpg,汪东城  超级网剧镇魂街 8月2号  优酷独播
681255.0,1501238716.0,0,0,0,0,http://p.upcdn.pengpengla.com/star/p/u/2017/7/28/cfebdb2c-4de6-4e62-8f36-1132004de98c.gif,汪东城  超级网剧镇魂街 8月2号  优酷独播 守护灵来吧！一起战斗！💪👊
681263.0,1501240982.0,0,0,0,0,http://p.upcdn.pengpengla.com/star/p/u/2017/7/28/99541e73-d4df-4ef6-b0c5-8fc1edf9d2de.jpg,汪东城联名特步新上市，并亲自设计之鞋-守护之翼。寓意守护您的梦想，大胆飞翔，便有无限可能，可爱温暖的粉色，联想吉祥物金*坐镇，今年一定旺，正在热购。明明是金色，难道是我瞎？😳
681357.0,1501306668.0,0,0,0,0,http://p.upcdn.pengpengla.com/star/p/u/2017/7/29/02f3f766-02a2-4756-9d9c-c613340e1fc4.jpg,Cosplay狂人汪东城
681359.0,1501307103.0,0,0,0,0,http://p.upcdn.pengpengla.com/star/p/u/2017/7/29/f0666002-73a6-4511-817c-e46050257641.jpg,Cosplay狂人汪东城 绝经典cos剪刀手爱德华✂️
681362.0,1501307590.0,0,0,0,0,http://p.upcdn.pengpengla.com/star/p/u/2017/7/29/f2d8be42-d9c0-4f30-86ba-77937aa706c5.jpg,汪东城 超级网剧镇魂街 8月2号优酷独播
681366.0,1501307901.0,0,0,0,0,http://p.upcdn.pengpengla.com/star/p/u/2017/7/29/41785600-c75e-4cfd-8380-0712962cacdb.jpg,汪东城 超级网剧镇魂街 8月2号优酷独播
681374.0,1501309091.0,0,0,0,0,http://p.upcdn.pengpengla.com/star/p/u/2017/7/29/cd910cc2-e7a6-4fd9-bc97-019509c50dd4.jpg,汪东城   大圣归来正版手游
681445.0,1501384165.0,0,0,0,0,http://p.upcdn.pengpengla.com/star/p/u/2017/7/30/345a5bb2-364f-43cb-8ace-627c463c0164.jpg,汪东城  超级网剧镇魂街8月2号   优酷独播  不见不散
681447.0,1501384201.0,0,0,0,0,http://p.upcdn.pengpengla.com/star/p/u/2017/7/30/2810f57e-9b19-4741-ae79-f6da9c293c0d.jpg,汪东城  超级网剧镇魂街8月2号   优酷独播  不见不散
681465.0,1501386124.0,0,0,0,0,http://p.upcdn.pengpengla.com/star/p/u/2017/7/30/574d5639-8210-4dfb-85f6-fd54988ab107.jpg,汪东城
681471.0,1501393820.0,0,0,0,0,http://p.upcdn.pengpengla.com/star/p/u/2017/7/30/229f07b4-726d-4c86-bf60-990382c0666d.jpg,镇魂街汪东城
681477.0,1501395040.0,0,0,0,0,http://p.upcdn.pengpengla.com/star/p/u/2017/7/30/46fef8c0-b7b1-4a25-a0da-85dd6013e10a.jpg,镇魂街汪东城
681492.0,1501396062.0,0,0,0,0,http://p.upcdn.pengpengla.com/star/p/u/2017/7/30/e50bf58f-3230-410f-a8e2-641d86f9e3ae.jpg,汪东城  特步
681501.0,1501399816.0,0,0,0,0,http://p.upcdn.pengpengla.com/star/p/u/2017/7/30/1bbe0920-ce09-4505-9d82-6c1e46918379.jpg,汪东城  cos 阴阳师
681508.0,1501401457.0,0,0,0,0,http://p.upcdn.pengpengla.com/star/p/u/2017/7/30/22cb2d7b-50b3-4d59-a08c-49ea5ea3d90c.jpg,汪东城 :装可爱？来呀
681543.0,1501412286.0,0,0,0,0,http://p.upcdn.pengpengla.com/star/p/u/2017/7/30/97eaf846-0123-4828-81ec-af87916e5423.jpg,汪东城   全员加速中
681578.0,1501426822.0,0,0,0,0,http://p.upcdn.pengpengla.com/star/p/u/2017/7/30/4c4517dd-19b1-488a-b5ab-0c1b48877ffa.jpg,汪东城  Cosplay
681680.0,1501569976.0,0,1,0,0,http://p.upcdn.pengpengla.com/star/p/u/2017/8/1/f43ca48e-7934-4238-8f34-cb4d909fde3b.gif,汪东城超级网剧镇魂街
681687.0,1501586791.0,0,0,0,0,http://p.upcdn.pengpengla.com/star/p/u/2017/8/1/84938919-93cd-4f0d-8a1b-e04a66bf222d.jpg,汪东城 超级网剧镇魂街 8.2 优酷约定你
681688.0,1501586822.0,0,0,0,0,http://p.upcdn.pengpengla.com/star/p/u/2017/8/1/35bdced3-28df-4694-9a30-20d5cb0104ca.jpg,汪东城 吴尊
681697.0,1501595843.0,0,0,0,0,http://p.upcdn.pengpengla.com/star/p/u/2017/8/1/9afe8345-1486-4321-9ce3-161a3c911f13.jpg,汪东城 超级网剧镇魂街 8.2 优酷约定你
681711.0,1501663188.0,0,0,0,0,http://p.upcdn.pengpengla.com/star/p/u/2017/8/2/4fc1326a-c93b-4a77-b916-b81d7a30126c.jpg,#超级网剧镇魂街# #镇魂街# #汪东城超级网剧镇魂街# #汪东城# #汪东城镇魂街优酷8月2号播出# #超级剧集镇魂街#
681728.0,1501729679.0,0,1,0,0,http://p.upcdn.pengpengla.com/star/p/u/2017/8/3/0fb14cc7-901e-4c6b-94da-0f4580b9f3cc.jpg,汪东城
681736.0,1501757986.0,0,0,0,0,http://p.upcdn.pengpengla.com/star/p/u/2017/8/3/775d8882-56b8-43a0-944b-a7a60e0f14a3.jpg,#汪东城# #超级网剧镇魂街# #镇魂街# #汪东城超级网剧镇魂街# #汪东城镇魂街优酷8月2号播出# #超级剧集镇魂街#
681744.0,1501780566.0,0,0,0,0,http://p.upcdn.pengpengla.com/star/p/u/2017/8/4/8c059ec1-cd55-4745-b2dd-a3a61a7562aa.jpg,汪东城  超级网剧镇魂街
681757.0,1501824913.0,0,0,0,0,http://p.upcdn.pengpengla.com/star/p/u/2017/8/4/7ccc8eeb-7aaf-4c91-8169-7485fac89dd9.jpg,汪东城  超级网剧镇魂街
681758.0,1501824932.0,0,0,0,0,http://p.upcdn.pengpengla.com/star/p/u/2017/8/4/6f4dfa0b-c384-40a6-ab9e-12d98bea73ad.jpg,汪东城  超级网剧镇魂街
681778.0,1501918876.0,0,2,0,0,http://p.upcdn.pengpengla.com/star/p/u/2017/8/5/db52bd5f-0086-4ffd-9ea5-852af4222dec.jpg,#汪东城曹焱兵# #超级网剧镇魂街# #汪东城# #汪东城超级网剧镇魂街# #镇魂街#
681784.0,1501955371.0,0,0,0,0,http://p.upcdn.pengpengla.com/star/p/u/2017/8/6/deaf5154-8410-40d8-acbc-2ef687766ba8.jpg,汪东城  西夏死书
681793.0,1502074882.0,0,0,0,0,http://p.upcdn.pengpengla.com/star/p/u/2017/8/7/af041f24-0824-4f29-a84b-f42cec9210f3.gif,汪东城   超级网剧镇魂街
681815.0,1500950530.0,0,1,0,0,http://p.upcdn.pengpengla.com/star/p/u/2017/7/25/b6ce741c-ad1f-43bf-969e-880c4abad8eb.jpg,霆霆你永远是最棒的！你是舞台中最闪亮的星星，女皇一直支持你！期待二巡💞💞💞
681847.0,1500909173.0,0,1,0,0,http://p.upcdn.pengpengla.com/star/p/u/2017/7/24/fa2cf12d-56f7-4dc7-908b-08c3c40ee962.jpg,这真的是在舞台上😂😂😂😂
681886.0,1500982963.0,0,1,0,0,http://p.upcdn.pengpengla.com/star/p/u/2017/7/25/7471cb10-a872-43ca-be5c-393b8659a4bb.jpg,😙😙
681904.0,1500968522.0,0,1,0,0,http://p.upcdn.pengpengla.com/star/p/u/2017/7/25/45733802-be81-4bed-bbc6-dd509eb43621.jpg,最暖心的小哥哥 希望他能一直阳光下去
681997.0,1501245605.0,0,1,0,0,http://p.upcdn.pengpengla.com/star/p/u/2017/7/28/c641010f-49ff-431d-857a-b4e7b2e2d05a.jpg,致我最爱的大东
682011.0,1501207931.0,0,1,0,0,http://p.upcdn.pengpengla.com/star/p/u/2017/7/28/95c6e990-b393-4952-b28f-0610feee49ab.jpg,他是孔垂楠！全世界最好的孔垂楠！！！
682020.0,1501167247.0,0,25,0,0,http://p.upcdn.pengpengla.com/star/p/u/2017/7/27/c17772f9-ebee-40f5-bbb4-e22ac57ba532.jpg,喜欢大佬的点个赞(≧▽≦)/吧！
682057.0,1501206481.0,0,2,0,0,http://p.upcdn.pengpengla.com/star/p/u/2017/7/28/c8a88f4a-c033-4858-a1da-50ab1b1189ee.jpg,千玺你最帅了
682078.0,1501358073.0,0,0,0,0,http://p.upcdn.pengpengla.com/star/p/u/2017/7/30/0f7be2ca-4915-4eca-9e92-c319a1e70e8d.jpg,SWIN主唱赵品霖
682081.0,1500868103.0,0,189,0,0,http://p.upcdn.pengpengla.com/star/p/u/2017/7/24/24ea1f60-40a1-4bc5-a3e1-8c37eda408f1.jpg,哥哥用心唱～
682090.0,1501776203.0,0,0,0,0,http://p.upcdn.pengpengla.com/star/p/u/2017/8/4/0f3096b7-cf59-4431-96b7-c4327977c7cd.jpg,帅千！！！❤❤❤
682165.0,1501199853.0,0,1,0,0,http://p.upcdn.pengpengla.com/star/p/u/2017/7/28/5dccdf25-692b-4529-8ca7-3e79200e4968.jpg,还有迷人迪……啊啊啊啊！超美……
682216.0,1501292134.0,0,2,0,0,http://p.upcdn.pengpengla.com/star/p/u/2017/7/29/435e427b-67f9-4643-a14d-d14b353f325b.jpg,你要永远的开心^_^
682241.0,1501832703.0,0,1,0,0,http://p.upcdn.pengpengla.com/star/p/u/2017/8/4/e7f728b4-5463-4ef6-b343-c3f43a42bd7e.jpg,＃大张伟演唱会＃等你！
682277.0,1501554370.0,0,1,0,0,http://p.upcdn.pengpengla.com/star/p/u/2017/8/1/5bbaeefb-ed5d-4ee2-92e6-156492546a53.jpg,鹿哥最帅！！表白鹿哥！！❤❤❤
682278.0,1501554439.0,0,1,0,0,http://p.upcdn.pengpengla.com/star/p/u/2017/8/1/1d538b9e-d214-4ff2-8c7e-f98d8bc460e7.jpg,这样的笑容😘😘😘
682379.0,1501047485.0,0,1,0,0,http://p.upcdn.pengpengla.com/star/p/u/2017/7/26/52822661-d511-49ff-a1db-61b4d58ac335.jpg,笔芯笔芯😍😍
682384.0,1501181677.0,0,1,0,0,http://p.upcdn.pengpengla.com/star/p/u/2017/7/28/c90d326b-dc48-49cc-bffd-941a5b381419.jpg,么么么
682430.0,1501033109.0,0,15,0,0,http://p.upcdn.pengpengla.com/star/p/u/2017/7/26/7f019a4b-dc40-409a-a815-6d3dd6e96b30.jpg,愿岁月不辜负你的付出❤ @TF家族新生-丁程鑫
682431.0,1501287907.0,0,2,0,0,http://p.upcdn.pengpengla.com/star/p/u/2017/7/29/cbc47206-6c5d-4255-8ba4-a45869df7364.jpg,鹿哥最帅
682499.0,1501055104.0,0,2,0,0,http://p.upcdn.pengpengla.com/star/p/u/2017/7/26/7b4f4c3a-8acf-4418-a19a-780cccf1f468.jpg,我们赵磊磊啊💎
682509.0,1501210992.0,0,3,0,0,http://p.upcdn.pengpengla.com/star/p/u/2017/7/28/7fb5a077-62e6-4721-a323-da12599fe42a.jpg,必须的必啊 老薛
682523.0,1500986950.0,0,2,0,0,http://p.upcdn.pengpengla.com/star/p/u/2017/7/25/fed19beb-47e4-4680-ad87-0ece108ec69b.jpg,鹿哥醉人😚
682596.0,1501068039.0,0,2,0,0,http://p.upcdn.pengpengla.com/star/p/u/2017/7/26/5b34b1ad-4a3a-49a0-a66b-dc6c821d93ff.jpg,我闳阳光，壁纸同款哦
682624.0,1501203332.0,0,2,0,0,http://p.upcdn.pengpengla.com/star/p/u/2017/7/28/b8e4cb6f-fd0c-42c2-bf70-d14b3bbffe59.jpg,鹿boss最帅
682645.0,1500954934.0,0,13,0,0,http://p.upcdn.pengpengla.com/star/p/u/2017/7/25/c948e282-c186-4595-a4e1-4c53addc2993.jpg,美的不要不要的
682647.0,1500916085.0,0,8,1,0,http://p.upcdn.pengpengla.com/star/p/u/2017/7/25/04f2f666-da84-4628-9104-817ad3d99b89.jpg,千玺大军呢？
682672.0,1501165743.0,0,1,0,0,http://p.upcdn.pengpengla.com/star/p/u/2017/7/27/059e7419-7c47-426b-a18b-f1d5148d4cc9.jpg,真的帅死了
682674.0,1501408580.0,0,4,0,0,http://p.upcdn.pengpengla.com/star/p/u/2017/7/30/d1f8d620-f1b9-40a3-bc96-cd14299a2f99.jpg,社会我谦哥
682677.0,1501452724.0,0,0,0,0,http://p.upcdn.pengpengla.com/star/p/u/2017/7/31/dcd2f0b9-6e63-4220-9583-48ceb265d791.png,這是金翀
682739.0,1502172415.0,0,3,0,0,http://p.upcdn.pengpengla.com/star/p/u/2017/8/8/817eedde-36b5-42db-abf5-e7ebc7cc1240.jpg,cool
682860.0,1501063630.0,0,0,0,0,http://p.upcdn.pengpengla.com/star/p/u/2017/7/26/7caf7037-376c-4d79-867c-a06b3a9764c0.jpg,张智霖
682865.0,1500949690.0,0,3,0,0,http://p.upcdn.pengpengla.com/star/p/u/2017/7/25/95b1781a-24cd-4cc7-b5e4-5a7c6a153fcf.jpg,迪丽丽迪丽丽巴巴🙈
682867.0,1501167824.0,0,19,0,0,http://p.upcdn.pengpengla.com/star/p/u/2017/7/27/1d808a74-4f8b-4778-9ad5-eef0d212c429.png,礼服迪最美了，热巴你看，你的手跟脚一样长😄
682877.0,1500930082.0,0,2,0,0,http://p.upcdn.pengpengla.com/star/p/u/2017/7/25/868063e4-4990-43ff-9bf9-d6560ece197c.jpg,酷帅
682916.0,1500967064.0,0,6,0,0,http://p.upcdn.pengpengla.com/star/p/u/2017/7/25/7d04104e-dba2-4ba1-b61c-67fe530f567b.jpg,最美的热巴
682967.0,1501309429.0,0,4,0,0,http://p.upcdn.pengpengla.com/star/p/u/2017/7/29/f3c1d5db-243b-4d34-a29f-115e426d200e.jpg,文艺范儿
683022.0,1501336095.0,0,3,0,0,http://p.upcdn.pengpengla.com/star/p/u/2017/7/29/9e21807d-9450-4e33-9124-faab6eeef123.jpg,❤❤❤
683032.0,1500894095.0,0,11,0,0,http://p.upcdn.pengpengla.com/star/p/u/2017/7/24/a0967d1c-0a07-42ac-bc80-aa647cc338d1.jpg,迪士尼小公举🎀
683045.0,1501033068.0,0,22,0,0,http://p.upcdn.pengpengla.com/star/p/u/2017/7/26/7cac8f9b-1ed7-4456-a409-65c24e8a51c1.jpg,热巴小公举🎀
683057.0,1501203003.0,0,3,0,0,http://p.upcdn.pengpengla.com/star/p/u/2017/7/28/9fd7b5e3-69a4-494b-ac08-000ce75bd23c.jpg,可爱
683087.0,1501313145.0,0,0,0,0,http://p.upcdn.pengpengla.com/star/p/u/2017/7/29/0bfdf2d3-13d8-44b1-acac-a919ea849b73.png,😊
683122.0,1501542412.0,0,3,0,0,http://p.upcdn.pengpengla.com/star/p/u/2017/8/1/b3dbe4e3-cc2e-42d2-aeeb-0ed9c8f92db5.jpg,王博文小白😘
683140.0,1500909579.0,0,3,0,0,http://p.upcdn.pengpengla.com/star/p/u/2017/7/24/7d989f12-afc0-4dd4-b531-f9a8b8303473.jpg,完美。
683145.0,1501993223.0,0,1,0,0,http://p.upcdn.pengpengla.com/star/p/u/2017/8/6/cda97289-ae01-4c22-a8f6-5c594064ea6d.jpg,侯明昊侯明昊侯明昊❤❤❤
683206.0,1501236975.0,0,1,0,0,http://p.upcdn.pengpengla.com/star/p/u/2017/7/28/eae63e7a-29f2-4487-9c39-706540edcb1d.jpg,嘘，憋说话，看谦谦
683207.0,1501773946.0,0,0,0,0,http://p.upcdn.pengpengla.com/star/p/u/2017/8/3/91a221f7-468c-45cf-9ba9-829b3d68c354.jpg,帅帅哒
683231.0,1502004777.0,0,2,0,0,http://p.upcdn.pengpengla.com/star/p/u/2017/8/6/b83045ee-ab64-47b1-85bc-d7c8ff71c196.jpg,我喜欢微笑的你，坚强的你，不把困难的你。我们一直在爱你
683262.0,1501819720.0,0,0,0,0,http://p.upcdn.pengpengla.com/star/p/u/2017/8/4/314e4fa9-f8ba-4614-a11b-ebc0e708cafc.png,为宏毅点心吧
683282.0,1501376484.0,0,1,0,0,http://p.upcdn.pengpengla.com/star/p/u/2017/7/30/efcee8f0-9013-4725-bf1b-8865d514bb32.jpg,照片酷帅
683299.0,1501380912.0,0,0,0,0,http://p.upcdn.pengpengla.com/star/p/u/2017/7/30/e01b2e7f-1108-46cd-ac07-26eb16ebce0a.jpg,一波张杰来袭
683344.0,1501054691.0,0,0,0,0,http://p.upcdn.pengpengla.com/star/p/u/2017/7/26/f5d2bd24-987a-4a14-99c9-69d7f0b3de5e.jpg,全世界最好的赵丽颖
683361.0,1501006254.0,0,2,0,0,http://p.upcdn.pengpengla.com/star/p/u/2017/7/26/b835bbc5-21c7-4c78-84f2-bb774a80797c.jpg,那么多路人甲阻挡不了我对你爱的想法
683363.0,1501125104.0,0,1,0,0,http://p.upcdn.pengpengla.com/star/p/u/2017/7/27/84a85410-2670-4ab1-9760-a18a9945151a.jpg,mc阿哲
683483.0,1501775519.0,0,4,0,0,http://p.upcdn.pengpengla.com/star/p/u/2017/8/3/db964289-5ecc-4493-8d4d-22042dd05595.jpg,我们家白衣少年团团，太帅了
683507.0,1501291770.0,0,1,0,0,http://p.upcdn.pengpengla.com/star/p/u/2017/7/29/96f500cb-7d17-42e5-b525-a95ab52f1b5c.jpg,😏
683683.0,1501115012.0,0,2,0,0,http://p.upcdn.pengpengla.com/star/p/u/2017/7/27/45661b76-cf72-468b-b4ff-3e7916a1ddd1.jpg,王嘉尔❤️
683725.0,1500895289.0,0,3,0,0,http://p.upcdn.pengpengla.com/star/p/u/2017/7/24/7c882ca6-9c29-442c-a68e-df3c781c9b5d.jpg,易烊千玺易烊千玺易烊千玺
683727.0,1501071376.0,0,1,0,0,http://p.upcdn.pengpengla.com/star/p/u/2017/7/26/20bf45db-aacf-403b-8844-d39964a65725.jpg,王凯，我们陪你细水长流
683804.0,1501046757.0,0,0,0,0,http://p.upcdn.pengpengla.com/star/p/u/2017/7/26/7f4cda85-dbde-46c7-ae33-65fca55078ec.jpg,吕鋆峰
683807.0,1501046845.0,0,0,0,0,http://p.upcdn.pengpengla.com/star/p/u/2017/7/26/6092d76f-3865-45b6-b778-96b4709955d3.jpg,小天使吕鋆峰
683825.0,1500900588.0,0,2,0,0,http://p.upcdn.pengpengla.com/star/p/u/2017/7/24/ce474b7d-7467-4437-a009-3c6e4b0881fa.jpg,仙
683836.0,1500900859.0,0,3,0,0,http://p.upcdn.pengpengla.com/star/p/u/2017/7/24/f124b33a-9978-46d7-a334-d191c8e8e985.jpg,我的亲爱的
683839.0,1500900936.0,0,3,0,0,http://p.upcdn.pengpengla.com/star/p/u/2017/7/24/1c42187d-e750-4a74-a4db-526f30316c27.jpg,天璇陵光
683867.0,1500949778.0,0,0,0,0,http://p.upcdn.pengpengla.com/star/p/u/2017/7/25/e1f52082-e16a-4f44-9124-975d37654adf.jpg,最美的年纪遇见了侯明昊小哥哥，小猴子，永远支持你，加油，提前祝你生日快乐
683873.0,1501382177.0,0,1,0,0,http://p.upcdn.pengpengla.com/star/p/u/2017/7/30/500576f4-7b2e-4592-ac5b-4fa19d6957ff.jpg,生日快乐
683877.0,1501035797.0,0,1,0,0,http://p.upcdn.pengpengla.com/star/p/u/2017/7/26/8ebe9558-097d-44bd-a1ec-0243d1651bf7.jpg,我猪啊
683889.0,1501062837.0,0,44,0,0,http://p.upcdn.pengpengla.com/star/p/u/2017/7/26/34624ec4-a15c-4896-8844-85067bf9fadf.jpg,余生一个薛之谦❤️
683905.0,1501385229.0,0,6,0,0,http://p.upcdn.pengpengla.com/star/p/u/2017/7/30/3f0bc1df-ff2b-4d99-8c49-f0705be0369b.jpg,昭林天下❤
683910.0,1500903317.0,0,2,0,0,http://p.upcdn.pengpengla.com/star/p/u/2017/7/24/f0b9a1b7-a2d9-433b-8c65-ad8aaa18dc1e.jpg,TFBOYS❤
683925.0,1501038344.0,0,0,0,0,http://p.upcdn.pengpengla.com/star/p/u/2017/7/26/89bc94b3-89aa-4203-bbc8-c6924945eb1c.jpg,给伟晋P的，O(∩_∩)O～
684061.0,1501073810.0,0,2,0,0,http://p.upcdn.pengpengla.com/star/p/u/2017/7/26/974541e2-84ce-4f82-b897-5e89cf8d35fd.jpg,萌萌帅帅的谦谦哥哥❤n舞台上最闪亮的老薛✨
684066.0,1501079363.0,0,2,0,0,http://p.upcdn.pengpengla.com/star/p/u/2017/7/26/5a6baba4-e6b8-42da-ab5e-8b57a5fab899.jpg,易大佬笑起来好可爱啊♥！
684069.0,1501032283.0,0,2,0,0,http://p.upcdn.pengpengla.com/star/p/u/2017/7/26/23c82676-5b9e-465b-8e95-6f26006c11fc.jpg,嗯，我爽
684074.0,1500886861.0,0,0,0,0,http://p.upcdn.pengpengla.com/star/p/u/2017/7/24/7a48254a-192e-472e-bc26-8be5cb1a54de.jpg,帅到炸
684136.0,1500913445.0,0,3,0,0,http://p.upcdn.pengpengla.com/star/p/u/2017/7/25/dff518a7-4410-40ac-a1cb-9b371587bac2.jpg,❤❤❤
684181.0,1501072371.0,0,2,0,0,http://p.upcdn.pengpengla.com/star/p/u/2017/7/26/7ed7f62d-71ba-4463-b200-39a7b39f7b5e.jpg,表白昭林大大💗
684247.0,1500986023.0,0,0,0,0,http://p.upcdn.pengpengla.com/star/p/u/2017/7/25/2072a58f-0a08-4913-aad2-dedcd7cd8e3c.jpg,😘
684323.0,1501030117.0,0,2,0,0,http://p.upcdn.pengpengla.com/star/p/u/2017/7/26/f8baf05b-f429-492d-ac89-b57b7a153a37.jpg,星星眼啊！😳
684370.0,1501048045.0,0,2,0,0,http://p.upcdn.pengpengla.com/star/p/u/2017/7/26/ea74dadd-18ab-4698-b623-6e12661a08af.jpg,表白林更新
684490.0,1501122518.0,0,0,0,0,http://p.upcdn.pengpengla.com/star/p/u/2017/7/27/76fb97aa-84f3-4674-9ba9-39f6b71a2bf9.jpg,镔镔最帅了
684504.0,1501121810.0,0,6,0,0,http://p.upcdn.pengpengla.com/star/p/u/2017/7/27/73dacbc4-8a9d-4d47-993b-c173084180de.jpg,昭林的笑最迷人！
684507.0,1501381673.0,0,0,0,0,http://p.upcdn.pengpengla.com/star/p/u/2017/7/30/a608648c-fec2-4f6e-802c-a6c4f78ddd2e.jpg,日常安利小艺兴，哈哈
684573.0,1501120033.0,0,0,0,0,http://p.upcdn.pengpengla.com/star/p/u/2017/7/27/f95d49fa-c2af-48d3-bd2e-e953380565f5.jpg,盛世美颜呐❤️
684581.0,1501487196.0,0,0,0,0,http://p.upcdn.pengpengla.com/star/p/u/2017/7/31/9b68349b-c11c-4862-8b20-63c8bac8ae53.jpg,舞台上的他俨然一副王者模样
684603.0,1501136318.0,0,2,0,0,http://p.upcdn.pengpengla.com/star/p/u/2017/7/27/1a813090-28ca-4a4f-9a5c-9062f4db1838.jpg,即将18岁的你💙
684670.0,1501418926.0,0,7,0,0,http://p.upcdn.pengpengla.com/star/p/u/2017/7/30/76ac90f2-a671-4bfa-a40e-75ddfca46351.png,好巧    我喜欢的样子，你都有.n鹿晗   迪丽热巴
684682.0,1501227179.0,0,2,0,0,http://p.upcdn.pengpengla.com/star/p/u/2017/7/28/e03325ab-7b43-4195-94c5-1e139fef5c96.jpg,大大属实很帅🔔
684708.0,1501416134.0,0,3,0,0,http://p.upcdn.pengpengla.com/star/p/u/2017/7/30/abda555a-f8f7-4724-8cbf-013a4523bf70.jpg,我昭林最帅♥♥♥支持邢大大♥
684711.0,1501259840.0,0,5,0,0,http://p.upcdn.pengpengla.com/star/p/u/2017/7/29/ad6bc3a8-8b0c-4227-afa3-4cd5a3dfa30d.jpg,谦宝宝在买萌
684734.0,1501337278.0,0,0,0,0,http://p.upcdn.pengpengla.com/star/p/u/2017/7/29/ecac64dd-8f94-454d-bf5c-fd2bdd546482.jpg,小猴子  侯明昊
684752.0,1501282151.0,0,1,0,0,http://p.upcdn.pengpengla.com/star/p/u/2017/7/29/d664200a-8ebc-4506-a36a-f5481c8e03fe.jpg,安悦溪吖n❤❤❤
684797.0,1501306283.0,0,13,0,0,http://p.upcdn.pengpengla.com/star/p/u/2017/7/29/037e0dfc-ac31-436d-938f-1084a4f11fc3.jpg,小陶子笑的时候可爱💞，不笑的时候帅🙈
684842.0,1501341242.0,0,0,0,0,http://p.upcdn.pengpengla.com/star/p/u/2017/7/29/cfb09f69-ac05-4ef2-a243-04225a8d3af1.jpg,并不想说什么
684849.0,1501604707.0,0,0,0,0,http://p.upcdn.pengpengla.com/star/p/u/2017/8/2/c6a92273-99bc-4467-b60a-3d0acad31208.jpg,可爱澍❤
684851.0,1501835801.0,0,1,0,0,http://p.upcdn.pengpengla.com/star/p/u/2017/8/4/e4e701b1-ec1c-44c1-8bd4-15e1fbc65d6d.jpg,还用我说么？？？
684898.0,1501419926.0,0,1,0,0,http://p.upcdn.pengpengla.com/star/p/u/2017/7/30/d70c4219-b1bc-4e41-9885-01765a13132a.jpg,好撩啊！啊啊啊啊啊
684902.0,1501423322.0,0,0,0,0,http://p.upcdn.pengpengla.com/star/p/u/2017/7/30/ce48839e-5906-4e57-86a8-7c6f14bf05f7.jpg,大佬大佬
684953.0,1501818692.0,0,0,0,0,http://p.upcdn.pengpengla.com/star/p/u/2017/8/4/18682931-a918-4310-966e-b8d456e3bf4a.png,神哥帅
685020.0,1502534324.0,0,0,0,0,http://p.upcdn.pengpengla.com/star/p/u/2017/8/12/5800878d-8e9f-45b9-832d-61fb66f50321.jpg,马伯骞 VV
685112.0,1501913399.0,0,0,0,0,http://p.upcdn.pengpengla.com/star/p/u/2017/8/5/ef767b34-66d5-4108-b8ba-1746fae604f1.jpg,帅谦谦
685148.0,1501858615.0,0,5,0,0,http://p.upcdn.pengpengla.com/star/p/u/2017/8/4/27193068-dae5-4e68-b1a1-5383dd28b2e8.jpg,邢昭林小哥哥꒰⑅•ᴗ•⑅꒱
685151.0,1501895392.0,0,2,0,0,http://p.upcdn.pengpengla.com/star/p/u/2017/8/5/ec6fdefa-d712-48d4-9e20-5ec8265f4fc3.jpg,是lhgg呀
685165.0,1501943237.0,0,0,0,0,http://p.upcdn.pengpengla.com/star/p/u/2017/8/5/f71eeaba-a473-4363-9c51-9c5ff7f55ecc.jpg,橙海不会暗，我啵不会散💛
685172.0,1501859452.0,0,0,0,0,http://p.upcdn.pengpengla.com/star/p/u/2017/8/4/27ffd314-4cdb-46a8-8843-916281cf856f.jpg,小包子
685192.0,1501994553.0,0,1,0,0,http://p.upcdn.pengpengla.com/star/p/u/2017/8/6/4afcbcd3-71d3-4210-8449-a0127362f5de.jpg,啊啊大老师!
685198.0,1501919726.0,0,2,0,0,http://p.upcdn.pengpengla.com/star/p/u/2017/8/5/56d599e8-044c-4350-96f5-87792de91b25.jpg,最爱
685215.0,1501943131.0,0,2,0,0,http://p.upcdn.pengpengla.com/star/p/u/2017/8/5/7651e23c-4a77-475d-b3d8-5368c39797a2.jpg,我的猴子哥哥小可爱❤
685241.0,1501941781.0,0,4,0,0,http://p.upcdn.pengpengla.com/star/p/u/2017/8/5/0d325834-c94c-49fc-854c-031b1460292f.jpg,被帅到了，超级帅
685246.0,1501933930.0,0,0,0,0,http://p.upcdn.pengpengla.com/star/p/u/2017/8/5/d92cfdc1-f8f2-4302-9cb1-c6330ea9e706.jpg,来个薛洁洁呀
685251.0,1501937230.0,0,1,0,0,http://p.upcdn.pengpengla.com/star/p/u/2017/8/5/0e246e95-4149-4553-a5cc-4bde7a1c624d.jpg,都是大佬吖。
685266.0,1501985032.0,0,2,0,0,http://p.upcdn.pengpengla.com/star/p/u/2017/8/6/ec68aa37-9e81-4310-b1a5-bf0df23579a7.jpg,😃
685301.0,1502032045.0,0,3,0,0,http://p.upcdn.pengpengla.com/star/p/u/2017/8/6/3eda6d3e-2ec7-4c97-800c-a8904545618c.jpg,我杰最帅  两年之后希望杰哥我在南宁等你n愿我努力两年可以以更好的姿态去面对你❤✨
685306.0,1502073689.0,0,2,0,0,http://p.upcdn.pengpengla.com/star/p/u/2017/8/7/375f1888-6e0f-46dc-8ac9-76aed8777d38.jpg,表白永远活在童话中的张斑斑!♥
685458.0,1502969525.0,0,1,0,0,http://p.upcdn.pengpengla.com/star/p/u/2017/8/17/e4001889-c24c-485d-b975-01bbd5279537.gif,摩擦！！！
685588.0,1504443631.0,0,1,0,0,http://p.upcdn.pengpengla.com/star/p/u/2017/9/3/c79a98ce-abd5-48a5-8bd8-aaac5baf480e.jpg,向万磁王势力低头💓
685611.0,1505618664.0,0,1,0,0,http://p.upcdn.pengpengla.com/star/p/u/2017/9/17/97dc7ef7-a319-4965-9d2d-20f7db6e15cd.jpg,帅到炸
685788.0,1512743760.0,0,2,0,0,https://p.upcdn.pengpengla.com/star/p/u/2017/12/8/05b46f12-8fcf-4f8d-a092-8b2448d1ff8a.jpg,爱薛之谦
685810.0,1512144726.0,0,0,0,0,http://p.upcdn.pengpengla.com/star/p/u/2017/12/1/c626b3d1-fc0a-4733-a97c-2a22187afe4e.jpg,一闭眼唱歌就苏死了
685812.0,1514483063.0,0,2,0,0,https://p.upcdn.pengpengla.com/star/p/u/2017/12/29/c6e3bd9b-21eb-44bf-9fdd-683a9b1b7c78.jpg,❤❤❤❤永远爱你戴戴戴景耀
685834.0,1512973905.0,0,4,0,0,https://p.upcdn.pengpengla.com/star/p/u/2017/12/11/9849ac22-7123-47ec-a7d9-6288dad65766.jpg,哈哈哈哈不逗老胡了后面有惊喜
685835.0,1512814167.0,0,5,0,0,https://p.upcdn.pengpengla.com/star/p/u/2017/12/9/f3c90054-bd3f-4e98-92b9-1cfda2c0a6e2.jpg,帅啊
685847.0,1514083149.0,0,0,0,0,https://p.upcdn.pengpengla.com/star/p/u/2017/12/24/f125c19d-f8ae-46e0-8ffc-31f53ca793ae.jpg,笔芯～
685854.0,1515929975.0,0,8,0,0,https://p.upcdn.pengpengla.com/star/p/u/2018/1/14/483abe3f-615b-493e-b1e5-1341bbfb9add.jpg,酷
685867.0,1515297022.0,0,2,0,0,https://p.upcdn.pengpengla.com/star/p/u/2018/1/7/9479bc34-f7d8-4dbd-8f6e-be7f9612d52b.jpg,太帅了
685878.0,1513817625.0,0,0,0,0,https://p.upcdn.pengpengla.com/star/p/u/2017/12/21/0bee1f40-9177-4feb-9cd3-aa4f82393650.jpg,blingbling闪闪发光
685879.0,1513834886.0,0,0,0,0,https://p.upcdn.pengpengla.com/star/p/u/2017/12/21/15e6b74b-5282-404a-9c94-9dae982baf96.jpg,最炸最美的舞台❤❤❤
685935.0,1500007874.0,0,1,0,0,http://p.upcdn.pengpengla.com/star/p/u/2017/7/14/0d4b3d00-4d69-4c85-b5d3-a9b3c8e1185c.jpg,彩虹白
686021.0,1500315253.0,0,8,0,0,http://p.upcdn.pengpengla.com/star/p/u/2017/7/18/eb161893-267c-4168-b350-4c00b7e3a8d0.jpg,当然是薛之谦啦！我的妈呀太好看了
686046.0,1499939872.0,0,14,0,0,http://p.upcdn.pengpengla.com/star/p/u/2017/7/13/13b38276-6ef9-4037-9d46-ffb7bd0012a2.jpg,这才是樱空释
686149.0,1500809510.0,0,2,0,0,http://p.upcdn.pengpengla.com/star/p/u/2017/7/23/bc9d8e39-4887-4222-8442-51224ee6ce1d.jpg,颜色已集全
686167.0,1500292965.0,0,3,0,0,http://p.upcdn.pengpengla.com/star/p/u/2017/7/17/6f2504bb-0656-40b5-b228-1b7d0ff728fb.png,这哥的发色随便来一个都爆帅的，不行，本宝宝去补点血，日常表白鹿晗哥哥
686238.0,1499954351.0,0,1,0,0,http://p.upcdn.pengpengla.com/star/p/u/2017/7/13/c0072037-8929-48e5-a8e4-688277c071e0.jpg,灌篮峰
686267.0,1500826035.0,0,1,0,0,http://p.upcdn.pengpengla.com/star/p/u/2017/7/24/8830024b-0e96-473c-800d-db55a5f3472c.jpg,假发，金彤～（想起了小金猪，哈哈哈期待极光之恋）
686321.0,1500858022.0,0,2,0,0,http://p.upcdn.pengpengla.com/star/p/u/2017/7/24/acbd3b8d-b4e7-4f44-a3e2-0d3b75209a37.jpg,好想要再回到，遇见你的那天♡
686342.0,1500440179.0,0,5,0,0,http://p.upcdn.pengpengla.com/star/p/u/2017/7/19/521dfa69-1e97-4aa5-b9dd-0acb33a8b032.jpg,美美哒
686361.0,1500085317.0,0,1,0,0,http://p.upcdn.pengpengla.com/star/p/u/2017/7/15/c16f32c7-bbcb-4b40-9b72-84d27ca267f1.jpg,  #晏紫东# 。 #晏紫東天下無詐# 。 #晏紫东梁山伯与祝英台# 。@晏紫东 好喜歡晏紫東，願你被世界溫柔以待  #喵星人和熊孩子[音乐]# 。#演员晏紫东# 。 #歌手晏紫东# 。 #晏紫东大话西游之爱你一万年# 。 #晏紫东独步天下# 。 #电视剧天下无诈# 。@电视剧天下无诈 。
686414.0,1500102141.0,0,3,0,0,http://p.upcdn.pengpengla.com/star/p/u/2017/7/15/dd99d2a9-07c2-4d3b-bbc6-5da6e8a3c22e.jpg,我爱豆说他的头发经常在游泳池里泡褪色了🙄
686443.0,1499984832.0,0,28,0,0,http://p.upcdn.pengpengla.com/star/p/u/2017/7/14/95fba475-82b8-4dee-b6aa-61601f64c488.jpg,我的爱豆小猴子
686460.0,1499871338.0,0,10,0,0,http://p.upcdn.pengpengla.com/star/p/u/2017/7/12/d18496f3-f605-4f10-b653-a7832b54806f.jpg,呐朱戬葛格啊
686473.0,1500806587.0,0,0,0,0,http://p.upcdn.pengpengla.com/star/p/u/2017/7/23/4c8be622-4f00-4efd-a68a-7b12cc76aaf9.jpg,蓝毛薛
686489.0,1500375995.0,0,0,0,0,http://p.upcdn.pengpengla.com/star/p/u/2017/7/18/ddd3c25e-5c5c-46d6-9c66-7c76fc92aa36.jpg,那多帅！
686600.0,1500203726.0,0,4,0,0,http://p.upcdn.pengpengla.com/star/p/u/2017/7/16/89039eef-51bc-4dfa-a326-d57d05df01dc.jpg,😘😘
686711.0,1500704807.0,0,1,0,0,http://p.upcdn.pengpengla.com/star/p/u/2017/7/22/e8074aac-2ed5-483a-b63a-eb4e78c92acb.jpg,这样算吗😜😜不同头型
686735.0,1500296621.0,0,2,0,0,http://p.upcdn.pengpengla.com/star/p/u/2017/7/17/687ce440-092f-4b50-96f9-0d49e85c0774.jpg,권 지 용 权志龙💜💜
686824.0,1500619076.0,0,1,0,0,http://p.upcdn.pengpengla.com/star/p/u/2017/7/21/88087177-8b67-4f9c-9922-f02821ece4cc.jpg,再来一波#金希澈#不仅任何发色，任何造型都ok的😆
686829.0,1499930939.0,0,1,0,0,http://p.upcdn.pengpengla.com/star/p/u/2017/7/13/fb83590b-2f36-4fc3-9b0e-fb14a6a1d769.jpg,磊磊的各种发色～～～～～～
686846.0,1499851983.0,0,0,0,0,http://p.upcdn.pengpengla.com/star/p/u/2017/7/12/f4da7d0b-5a61-41d7-86ca-e5b0004aac3b.jpg,裆儿伟！nP.S.我真不知道为什么没找到染黑之后的。
686859.0,1500080767.0,0,2,0,0,http://p.upcdn.pengpengla.com/star/p/u/2017/7/15/3356bdb9-4e6f-4ca1-acb4-0ee537644098.jpg,太帅了
686914.0,1500169644.0,0,2,0,0,http://p.upcdn.pengpengla.com/star/p/u/2017/7/16/480c92e1-6049-450a-84bc-b075d71b04be.jpg,比个心给我的谦谦❤
686949.0,1500521595.0,0,3,0,0,http://p.upcdn.pengpengla.com/star/p/u/2017/7/20/4bd19e49-62cd-4d89-8837-68aac2a43bef.jpg,表白侯明昊小哥哥，压轴有惊喜🤔
686957.0,1500404516.0,0,2,0,0,http://p.upcdn.pengpengla.com/star/p/u/2017/7/19/2de6e374-87cf-490b-ba8c-740bf6939afe.png,獨一無二的TEDDY🚶🚶
686993.0,1500180623.0,0,1,0,0,http://p.upcdn.pengpengla.com/star/p/u/2017/7/16/9428258c-c515-4567-ac50-d15153b8f38e.jpg,马可眼睛太好看
687039.0,1500640693.0,0,2,0,0,http://p.upcdn.pengpengla.com/star/p/u/2017/7/21/ea252eed-07fb-4c08-8bff-2650c8b8ded0.jpg,鹿哥♡
687044.0,1499870778.0,0,7,0,0,http://p.upcdn.pengpengla.com/star/p/u/2017/7/12/110a95df-8227-4e16-bf0f-0fd09ecfea20.jpg,超帅的么么哒😘😘
687050.0,1500259793.0,0,0,0,0,http://p.upcdn.pengpengla.com/star/p/u/2017/7/17/bc18d594-66ca-4311-8ad5-e20d1767a1fa.jpg,我的爱😘😘😍😍
687083.0,1500473888.0,0,4,0,0,http://p.upcdn.pengpengla.com/star/p/u/2017/7/19/2197c285-a0b8-4219-9fc0-c797c5f83b38.jpg,就喜欢我大佬的纯黑发色😘😍😍😍
687154.0,1500803242.0,0,0,0,0,http://p.upcdn.pengpengla.com/star/p/u/2017/7/23/7edd4157-66b7-4179-a3b2-4c3c25c18510.jpg,宏毅小哥哥
687192.0,1500636140.0,0,2,0,0,http://p.upcdn.pengpengla.com/star/p/u/2017/7/21/e5962844-b04d-439b-b79f-b128d25ad343.jpg,😋😋😋
687243.0,1499830729.0,0,22,0,0,http://p.upcdn.pengpengla.com/star/p/u/2017/7/12/fd038564-3427-424a-baa4-2d3464d14a5e.jpg,不同发色的鹿晗，满屏的cool溢出来😍
687268.0,1499852466.0,0,1,0,0,http://p.upcdn.pengpengla.com/star/p/u/2017/7/12/6cd52951-4d5a-40b8-b957-8f49c07c7654.jpg,杨业明LEO
687324.0,1499943737.0,0,1,0,0,http://p.upcdn.pengpengla.com/star/p/u/2017/7/13/2a49d59c-85de-40ee-926d-8b204b58d539.jpg,咔咔的
687426.0,1500282541.0,0,7,0,0,http://p.upcdn.pengpengla.com/star/p/u/2017/7/17/c2e3535e-512e-4284-87d1-b4bd815f5724.jpg,崔胜澈
687447.0,1500034344.0,0,1,0,0,http://p.upcdn.pengpengla.com/star/p/u/2017/7/14/65e9f272-dcde-40fd-85b9-bd8ce2ba5e8f.jpg,酒红色头发的帅哥姜彭
687449.0,1500101516.0,0,4,0,0,http://p.upcdn.pengpengla.com/star/p/u/2017/7/15/2e576b32-b020-4d1d-b2af-863b699af902.jpg,😘😘😘
687495.0,1500816425.0,0,7,0,0,http://p.upcdn.pengpengla.com/star/p/u/2017/7/23/72319099-49b1-4e8a-a274-a30b7d045660.jpg,正好
687524.0,1500357511.0,0,1,0,0,http://p.upcdn.pengpengla.com/star/p/u/2017/7/18/0134e59d-cc6c-4016-9f95-b3856411fbae.jpg,那个颜色都喜欢啊
687530.0,1500069596.0,0,2,0,0,http://p.upcdn.pengpengla.com/star/p/u/2017/7/15/4b28c750-c4a1-41cb-a8a4-97f90206930a.jpg,一张令人羡慕的初恋脸🙈❤
687603.0,1499828130.0,0,178,0,0,http://p.upcdn.pengpengla.com/star/p/u/2017/7/12/a520c77e-a5e6-4aae-9b1b-4528dc200dae.jpg,我都数不过来他有几种发色😂
687702.0,1499915273.0,0,0,0,0,http://p.upcdn.pengpengla.com/star/p/u/2017/7/13/cb6d846d-cae5-4e2b-9cbf-e6a4434d2dcb.jpg,奶润的小白毛！！
687726.0,1499920971.0,0,18,0,0,http://p.upcdn.pengpengla.com/star/p/u/2017/7/13/866e4186-6b06-4a77-932b-05011b1c90fd.jpg,小猴子侯明昊💓
687728.0,1500862823.0,0,4,0,0,http://p.upcdn.pengpengla.com/star/p/u/2017/7/24/288eb5f5-320b-4b77-a336-7a8dd1aa5b21.jpg,#薛之谦#
687759.0,1499927742.0,0,1,0,0,http://p.upcdn.pengpengla.com/star/p/u/2017/7/13/cfd7e999-9410-463f-a5e8-1e93f883be5a.jpg,笔芯
687801.0,1500727157.0,0,0,0,0,http://p.upcdn.pengpengla.com/star/p/u/2017/7/22/a5a7f1a7-d1c6-4d26-bb01-4c9cb8be5b83.jpg,萌萌酷酷的张先森💙💙
687816.0,1499864665.0,0,0,0,0,http://p.upcdn.pengpengla.com/star/p/u/2017/7/12/9bbc2203-a370-4991-9b04-5e2fb4cd0bd7.jpg,舔屏ing
687840.0,1501468276.0,0,2,0,0,http://p.upcdn.pengpengla.com/star/p/u/2017/7/31/a34f954e-266b-4408-b774-1c86e69f179c.jpg,世勋
687877.0,1500355109.0,0,2,0,0,http://p.upcdn.pengpengla.com/star/p/u/2017/7/18/2eb191ca-12ad-4f78-9860-ba6269ff072e.jpg,可爱的奶包诗心小朋友
687887.0,1500383814.0,0,3,0,0,http://p.upcdn.pengpengla.com/star/p/u/2017/7/18/602271b8-01d7-4b65-9a30-ca985ded2397.jpg,略略略
687971.0,1500826101.0,0,4,0,0,http://p.upcdn.pengpengla.com/star/p/u/2017/7/24/c00a51e2-f4f6-4a19-bb40-f4bc647f4faf.jpg,大大，爱你
687996.0,1500294980.0,0,1,0,0,http://p.upcdn.pengpengla.com/star/p/u/2017/7/17/ecf9d2b9-4ed4-4650-9a46-c24453b44848.jpg,我鹿哥帅的爆灯
688007.0,1499849184.0,0,1,0,0,http://p.upcdn.pengpengla.com/star/p/u/2017/7/12/2f864d8d-2d64-4e4b-b216-48ecb9e7d3e1.jpg,水土不服就服你，我老公的七彩发色💓💓
688054.0,1500411972.0,0,4,0,0,http://p.upcdn.pengpengla.com/star/p/u/2017/7/19/17bb3eb1-e7be-4f30-b7c7-fda9527980ac.jpg,可爱到爆
688059.0,1500470559.0,0,12,0,0,http://p.upcdn.pengpengla.com/star/p/u/2017/7/19/40d22639-56a1-4c19-89ae-ec81bc6fba0a.jpg,美
688117.0,1500012838.0,0,2,0,0,http://p.upcdn.pengpengla.com/star/p/u/2017/7/14/d359d20f-d459-4e15-b96d-8eafcec62ad1.jpg,大勋
688151.0,1499905470.0,0,0,0,0,http://p.upcdn.pengpengla.com/star/p/u/2017/7/13/6accfc1e-2d41-42b7-b0c8-9c5229128439.jpg,SWIN组合
688160.0,1500535619.0,0,3,0,0,http://p.upcdn.pengpengla.com/star/p/u/2017/7/20/2a6fe37c-6231-442e-85cb-aff72b7d30c0.jpg,我猴哥最帅
688202.0,1500830761.0,0,5,0,0,http://p.upcdn.pengpengla.com/star/p/u/2017/7/24/fb714363-91f8-41dd-b8a6-001e6cf969b8.jpg,最美的胖dear
688207.0,1499930129.0,0,3,0,0,http://p.upcdn.pengpengla.com/star/p/u/2017/7/13/14ec85e8-d9fd-479e-9860-07a8b815cb59.jpg,好帅
688232.0,1500095990.0,0,4,0,0,http://p.upcdn.pengpengla.com/star/p/u/2017/7/15/df03ab99-b1b8-4617-94a3-714dc51a7726.jpg,wuli小姐姐的盛世美颜，哈哈
688235.0,1500716844.0,0,1,0,0,http://p.upcdn.pengpengla.com/star/p/u/2017/7/22/0031838e-df0c-4dd4-b1af-22761b8bfe3f.jpg,我春啊
688354.0,1500275577.0,0,3,0,0,http://p.upcdn.pengpengla.com/star/p/u/2017/7/17/a1c4f4b5-e51f-4bc1-97a3-4ef2ebcfa287.jpg,昭林大大💞
688371.0,1500622473.0,0,5,0,0,http://p.upcdn.pengpengla.com/star/p/u/2017/7/21/186ba5cd-c755-46ba-84df-6c7012e545f4.jpg,轻轻松松
688375.0,1499907448.0,0,4,0,0,http://p.upcdn.pengpengla.com/star/p/u/2017/7/13/1a8ce213-553c-4978-a103-56980fac2fcc.jpg,普通依旧帅气的发色，颜色仿佛刚刚好，好看的泪痣🌸
688394.0,1499939188.0,0,1,0,0,http://p.upcdn.pengpengla.com/star/p/u/2017/7/13/68e16df2-6eaa-4145-bdd4-744b47c9a429.jpg,我们叽努ʕ•͡ω•ʔ
688495.0,1500610566.0,0,0,0,0,http://p.upcdn.pengpengla.com/star/p/u/2017/7/21/84b24a87-4c9e-4f63-823b-85157c184775.jpg,我鹿哥最帅
688581.0,1500098939.0,0,0,0,0,http://p.upcdn.pengpengla.com/star/p/u/2017/7/15/8cf9c49b-19f4-444d-817d-b356a2e44379.jpg,璐璐璐璐璐璐璐璐璐璐璐璐璐璐璐LULULULULU!!!
688591.0,1500220206.0,0,0,0,0,http://p.upcdn.pengpengla.com/star/p/u/2017/7/16/d2f28ea2-be28-4004-a4a0-84ecb4600d22.gif,这个绝对出众🤔🤔
688600.0,1500230572.0,0,12,0,0,http://p.upcdn.pengpengla.com/star/p/u/2017/7/17/e74460a9-7ff3-4fdb-80cc-dc22b1f040f3.jpg,同伙啦啦啦啦n小姐姐小姐夫～
688603.0,1500170115.0,0,3,0,0,http://p.upcdn.pengpengla.com/star/p/u/2017/7/16/6535921d-1746-42c8-ae8f-f191548f685b.jpg,啊啊啊好帅
688704.0,1500269331.0,0,4,0,0,http://p.upcdn.pengpengla.com/star/p/u/2017/7/17/b3028f69-05bd-4151-82b4-99f4ee6cd550.jpg,咳咳咳
688707.0,1500356268.0,0,3,0,0,http://p.upcdn.pengpengla.com/star/p/u/2017/7/18/e3321cf9-6615-4a23-9502-8bbf8903e4e6.jpg,请注意发色……
688857.0,1500328958.0,0,3,0,0,http://p.upcdn.pengpengla.com/star/p/u/2017/7/18/6070cf03-b740-42fb-a2bc-22b296243daa.jpg,花花华晨宇完美金木灰！！！
688902.0,1500727322.0,0,7,0,0,http://p.upcdn.pengpengla.com/star/p/u/2017/7/22/aaed6cf7-a99d-442f-8d0f-414a301a9887.jpg,成熟稳重扬帆起航的，MC阿哲！
688910.0,1500742581.0,0,7,0,0,http://p.upcdn.pengpengla.com/star/p/u/2017/7/23/a1a50454-ceeb-4f20-b896-f8bc772bfa26.jpg,问:这帅哥是谁？                                                                 n答:这帅哥是MC阿哲😍😍😍
688921.0,1500349053.0,0,5,0,0,http://p.upcdn.pengpengla.com/star/p/u/2017/7/18/ec9190d4-9938-4606-bec5-ffe72e6f2de0.jpg,喜欢李的第1149天💜
688932.0,1500393568.0,0,2,0,0,http://p.upcdn.pengpengla.com/star/p/u/2017/7/18/8959dd59-1a61-4116-94c4-9e9fc26d5200.jpg,峰峰帅爆啦❤❤❤
688994.0,1500378964.0,0,0,0,0,http://p.upcdn.pengpengla.com/star/p/u/2017/7/18/fc574aac-0de3-4081-b6ce-28b5efade3bd.jpg,最爱的你
689009.0,1500423657.0,0,1,0,0,http://p.upcdn.pengpengla.com/star/p/u/2017/7/19/f8b1e055-230f-4273-98c4-f2b144c17a7e.jpg,捧你❤💜💛💚💙
689046.0,1500652088.0,0,12,0,0,http://p.upcdn.pengpengla.com/star/p/u/2017/7/21/997f6143-7351-4987-8871-108617c30d85.jpg,待你归
689064.0,1500780822.0,0,0,0,0,http://p.upcdn.pengpengla.com/star/p/u/2017/7/23/a5e49e50-ca3f-4191-ac49-9d781a25b5ad.jpg,么么哒💋
689065.0,1500609296.0,0,2,0,0,http://p.upcdn.pengpengla.com/star/p/u/2017/7/21/dc786e5c-5090-4dfc-9cb2-669920b09546.jpg,帅帅的谦谦😘😘
689076.0,1500448694.0,0,2,0,0,http://p.upcdn.pengpengla.com/star/p/u/2017/7/19/f9bc3bc5-24bf-4ed1-8aad-7e8866bccceb.jpg,辣么可耐我宝贝
689077.0,1500775840.0,0,2,0,0,http://p.upcdn.pengpengla.com/star/p/u/2017/7/23/921228c3-6bba-4631-9b69-4629a1d8dd07.jpg,我的白
689298.0,1500623571.0,0,7,0,0,http://p.upcdn.pengpengla.com/star/p/u/2017/7/21/49d630b7-9961-4eab-bbb2-0904ba5222fd.jpg,一
689356.0,1500613097.0,0,2,0,0,http://p.upcdn.pengpengla.com/star/p/u/2017/7/21/91128237-b2ae-4acb-bbc6-faea021f938f.jpg,世界和平老薛
689358.0,1500742244.0,0,3,0,0,http://p.upcdn.pengpengla.com/star/p/u/2017/7/23/eb9d6fcb-a6fa-440b-841c-113e228eefbc.jpg,必须我家大佬呀！！！
689437.0,1510070585.0,0,2,0,0,http://p.upcdn.pengpengla.com/star/p/u/2017/11/8/429f2b86-3931-45c5-be70-8006451b689a.png,红头发
689486.0,1500769536.0,0,3,0,0,http://p.upcdn.pengpengla.com/star/p/u/2017/7/23/d5e46d1d-c037-4b55-8879-e91d3dc93aad.jpg,易烊千玺❤❤❤
689495.0,1500710209.0,0,0,0,0,http://p.upcdn.pengpengla.com/star/p/u/2017/7/22/b1c0f57b-8f1b-4c77-964c-1ad8da80defb.jpg,大新哥一直好看
689516.0,1500730438.0,0,5,0,0,http://p.upcdn.pengpengla.com/star/p/u/2017/7/22/1d9d8cea-7437-43fd-82e8-d91a4b14c81c.jpg,没办法我家城城就是这么好看
689528.0,1500741953.0,0,1,0,0,http://p.upcdn.pengpengla.com/star/p/u/2017/7/23/2c4e24d7-2b68-430d-a27b-11778daa2f05.jpg,哈哈 鬓角王子❤️
689550.0,1500778882.0,0,1,0,0,http://p.upcdn.pengpengla.com/star/p/u/2017/7/23/c7654df5-f209-460d-856f-e1c13c15ded5.jpg,吃花少年tfboys
689582.0,1500865094.0,0,1,0,0,http://p.upcdn.pengpengla.com/star/p/u/2017/7/24/446bb6ac-814a-4db1-986f-a0ca906561ec.jpg,九张不够
689661.0,1502533716.0,0,0,0,0,http://p.upcdn.pengpengla.com/star/p/u/2017/8/12/c6cf7ddd-02d2-4817-842b-68259b8828ca.jpg,马老师
689694.0,1503132444.0,0,0,0,0,http://p.upcdn.pengpengla.com/star/p/u/2017/8/19/9d10b788-0461-43f6-b4da-fa7af6a3ecff.jpg,‎´•ﻌ•`
689701.0,1502096403.0,0,1,0,0,http://p.upcdn.pengpengla.com/star/p/u/2017/8/7/cf0acd9e-40e0-46c8-81fc-b56ee5e2cd77.jpg,说实话，我是黑粉，最看不过这种有后期，滤镜，美颜就自以为举世无双的人
689724.0,1503995067.0,0,4,0,0,http://p.upcdn.pengpengla.com/star/p/u/2017/8/29/ead83862-e512-492d-8616-64c0b2683d30.jpg,我家大佬♡
689874.0,1510991892.0,0,9,0,0,http://p.upcdn.pengpengla.com/star/p/u/2017/11/18/808b36ea-358a-41c5-8c40-a7a7740d7406.jpg,天南地北，我凯巨💞💞，因为你是王俊凯 所以值得全世界珍惜.💙
689878.0,1510314600.0,0,2,0,0,http://p.upcdn.pengpengla.com/star/p/u/2017/11/10/f230c589-840b-4cb1-9531-201cfd2f85e7.jpg,帅
689918.0,1510848495.0,0,3,0,0,http://p.upcdn.pengpengla.com/star/p/u/2017/11/17/64620797-e0e7-42e9-8aba-d1f4fd96cca6.jpg,Mike帅到天际
689956.0,1510671423.0,0,3,0,0,http://p.upcdn.pengpengla.com/star/p/u/2017/11/14/daac3a3f-64f5-479f-817b-84b4ef968526.jpg,各色万
689957.0,1510674540.0,0,9,0,0,http://p.upcdn.pengpengla.com/star/p/u/2017/11/14/c33618d4-d018-47eb-9f07-7cb292a5751b.jpg,❤❤
689974.0,1511538471.0,0,2,0,0,http://p.upcdn.pengpengla.com/star/p/u/2017/11/24/bb7da46f-0bdb-49db-a379-ddd7b5a7cddc.jpg,什么发色都是美美哒
690005.0,1512784467.0,0,4,0,0,https://p.upcdn.pengpengla.com/star/p/u/2017/12/9/46da010e-a70c-4638-9b9e-4b401815214c.jpg,❤️
690008.0,1514885260.0,0,2,1,0,https://p.upcdn.pengpengla.com/star/p/u/2018/1/2/532715e2-096a-4ee4-83f3-f726f96ffee9.jpg,坤坤！坤坤！n坤坤！坤坤！n打call！打call！打call！
690047.0,1498732406.0,0,227,0,0,http://p.upcdn.pengpengla.com/star/p/u/2017/6/29/b95ba479-81d7-411c-b7fa-40cfdfcf178e.jpg,最帅铲屎官啦
690066.0,1498743183.0,0,0,0,0,http://p.upcdn.pengpengla.com/star/p/u/2017/6/29/7d77be5a-d5a7-46d6-bbc1-86dc4f0d850c.jpg, #晏紫东# 。 #晏紫东梁山伯与祝英台# 。@晏紫东 。 #喵星人和熊孩子[音乐]# 。 #晏紫东梁山伯#  。 #演员晏紫东#  。 #歌手晏紫东# 。 #晏紫东大话西游之爱你一万年# 。 #晏紫东独步天下# 。 #梁山伯与祝英台# 。 #大话西游之爱你一万年# 。 #电视剧独步天下#  
690077.0,1498753201.0,0,6,0,0,http://p.upcdn.pengpengla.com/star/p/u/2017/6/30/860c605d-537c-4ca2-9738-f219f2982170.jpg,帅帅哒
690105.0,1498802375.0,0,8,0,0,http://p.upcdn.pengpengla.com/star/p/u/2017/6/30/84d7ce6b-d044-4d18-a255-4434a4a9d3f7.jpg,许魏洲，喵星人😘😘😘
690148.0,1498838198.0,0,29,0,0,http://p.upcdn.pengpengla.com/star/p/u/2017/6/30/034a04f2-4b78-468a-aa8e-167027501375.jpg,最帅铲屎官
690202.0,1498915988.0,0,42,0,0,http://p.upcdn.pengpengla.com/star/p/u/2017/7/1/d005dfb7-ca0b-489d-9241-4964267d096e.jpg,鲸鱼和洲洲♡猫咪和狗狗
690204.0,1498917381.0,0,22,0,0,http://p.upcdn.pengpengla.com/star/p/u/2017/7/1/cf194b5a-7e8b-4c06-a011-a065bdfa6eb3.jpg,💞
690253.0,1498989079.0,0,4,0,0,http://p.upcdn.pengpengla.com/star/p/u/2017/7/2/34bb696c-a200-4a6f-ab20-0e7518d1d2e2.jpg,💜
690258.0,1498995935.0,0,13,0,0,http://p.upcdn.pengpengla.com/star/p/u/2017/7/2/6c7e7357-4e30-4056-89aa-57aaa08d627f.jpg,我家爱豆有两只超可爱的狗狗，名字叫做:Milky、棉花糖！Milky是棉花糖的妈妈，棉花糖很爱粘人，爱偷亲他，棉花糖还是他接生的😂😂😂
690285.0,1499056068.0,0,10,0,0,http://p.upcdn.pengpengla.com/star/p/u/2017/7/3/d259ccc3-1739-4571-83d0-2a660909e4b8.jpg,太可爱了，❤❤❤
690302.0,1499078729.0,0,21,0,0,http://p.upcdn.pengpengla.com/star/p/u/2017/7/3/da8740fd-5cfe-4045-bd98-d9a19a0f19cf.jpg,没错哒，老薛就是可爱(♡´з(´ω`*)♡世界和平
690323.0,1499088753.0,0,4,0,0,http://p.upcdn.pengpengla.com/star/p/u/2017/7/3/cb2ed5ba-1194-41b6-b4b3-48a6895c477c.jpg,@侯明昊Neo
690333.0,1499091337.0,0,0,0,0,http://p.upcdn.pengpengla.com/star/p/u/2017/7/3/798da44b-3cfa-4d46-bfa8-afe6967b3b78.png,乐乐（蒋梓乐）和两只比熊
690360.0,1499142855.0,0,3,0,0,http://p.upcdn.pengpengla.com/star/p/u/2017/7/4/75363156-29ef-457c-89c5-e7cdbc3c12d4.jpg,侯儿哥💓
690367.0,1499145563.0,0,51,0,0,http://p.upcdn.pengpengla.com/star/p/u/2017/7/4/c65c6d64-88db-48c7-8631-af88372f15d1.jpg,汪汪汪～
690384.0,1499150728.0,0,7,0,0,http://p.upcdn.pengpengla.com/star/p/u/2017/7/4/2482def5-8108-45f7-96b1-50cf6e5aae15.jpg,鹿哥！
690393.0,1499152890.0,0,0,0,0,http://p.upcdn.pengpengla.com/star/p/u/2017/7/4/f6dd53af-7945-4e22-8178-a54486c0aec8.jpg,人不如狗系列😳😳😳@SWIN吾木提
690403.0,1499156002.0,0,0,0,0,http://p.upcdn.pengpengla.com/star/p/u/2017/7/4/bfee8fb9-6463-417f-b857-b6ef4d4940c8.jpg,赵品霖
690410.0,1499161824.0,0,71,0,0,http://p.upcdn.pengpengla.com/star/p/u/2017/7/4/63563717-4e4d-4500-8bf3-5d4e332132fd.png,不愿让暴暴受伤害的铲屎官……
690478.0,1499181234.0,0,2,0,0,http://p.upcdn.pengpengla.com/star/p/u/2017/7/4/f4945424-79b8-4e6f-a8c1-27fbf87d1030.jpg,猫系男子姚望lucas
690494.0,1499187727.0,0,0,0,0,http://p.upcdn.pengpengla.com/star/p/u/2017/7/5/df22d61c-8ef4-4bf3-a782-9a90e237af23.png,咱这霸气的合影
690562.0,1499301445.0,0,35,0,0,http://p.upcdn.pengpengla.com/star/p/u/2017/7/6/6ef98aaf-3798-467a-9d34-e5b6cc7875bf.png,吴承璟
690603.0,1499341196.0,0,1,0,0,http://p.upcdn.pengpengla.com/star/p/u/2017/7/6/5b8400d0-4193-42a2-bb03-ee9e21d10779.jpg,小时候就是炒*可爱的铲屎官#周笔畅# #nottypical周笔畅#
690614.0,1499345235.0,0,1,0,0,http://p.upcdn.pengpengla.com/star/p/u/2017/7/6/9dd47a53-83bb-4095-b98b-25699fff93f4.jpg,❤
690635.0,1499392697.0,0,7,0,0,http://p.upcdn.pengpengla.com/star/p/u/2017/7/7/7e91b137-e388-4867-a752-be36383dbd04.jpg,TFBOYS三小只，么么哒！
690686.0,1499436288.0,0,7,0,0,http://p.upcdn.pengpengla.com/star/p/u/2017/7/7/e155883d-a10a-4bee-a3d1-292284d805e2.jpg,#徐海乔醉玲珑#😍😍😍😍😍😍
690843.0,1499652216.0,0,0,0,0,http://p.upcdn.pengpengla.com/star/p/u/2017/7/10/c0858e5e-918f-40c6-aac5-a7ab5d8b0fbf.jpg,❤🌹🌹🌹
690852.0,1499658524.0,0,5,0,0,http://p.upcdn.pengpengla.com/star/p/u/2017/7/10/38e1f5f3-90e3-47b0-92db-568112f3d4ce.jpg,薛之谦……可谓是动物王
690865.0,1499674552.0,0,1,0,0,http://p.upcdn.pengpengla.com/star/p/u/2017/7/10/42b26837-e415-4dd3-94f8-7f6b7cc9f876.jpg,隋柯名棒棒哒，破哥和阿酱少奶奶u0026破哥和闹闹
690866.0,1499674662.0,0,3,0,0,http://p.upcdn.pengpengla.com/star/p/u/2017/7/10/5f9c5a2f-63db-4f42-b7fd-217f10c10a88.jpg,隋柯名的阿酱少奶奶
690870.0,1499677499.0,0,1,0,0,http://p.upcdn.pengpengla.com/star/p/u/2017/7/10/3aa55e05-1a97-4266-a6ec-1e8c8f42ad37.jpg,任嘉伦和可乐
690880.0,1499690270.0,0,5,0,0,http://p.upcdn.pengpengla.com/star/p/u/2017/7/10/429c1e02-1095-4d1b-84bb-30770548ff84.jpg,小白与宙斯😘
690907.0,1499732177.0,0,1,0,0,http://p.upcdn.pengpengla.com/star/p/u/2017/7/11/bc9a3ff8-0af4-4c78-820c-cd1b53153d95.jpg,我的爱豆是个特别温柔帅气的铲屎官哟😄
690922.0,1499750010.0,0,1,0,0,http://p.upcdn.pengpengla.com/star/p/u/2017/7/11/e0af86d1-7fc1-42aa-a665-d9356276eda2.jpg,#张智霖# 大仙家的阿金，大仙称呼它为老友哈哈哈哈
690960.0,1499820695.0,0,0,0,0,http://p.upcdn.pengpengla.com/star/p/u/2017/7/12/382ac366-e75d-4cac-8dea-fa8732d872ee.jpg,  #晏紫东# 。 #晏紫東天下無詐# 。 #晏紫东梁山伯与祝英台# 。@晏紫东 好喜歡晏紫東，願你被世界溫柔以待  #喵星人和熊孩子[音乐]# 。 #晏紫东梁山伯# 。#演员晏紫东# 。 #歌手晏紫东# 。 #晏紫东大话西游之爱你一万年# 。 #晏紫东独步天下# 。 #电视剧天下无诈# 。@电视剧天下无诈 。
690974.0,1499837870.0,0,1,0,0,http://p.upcdn.pengpengla.com/star/p/u/2017/7/12/6ee1a6fd-adcc-42e6-b2d7-420958a9384f.jpg,kkkkkkkkkk
691028.0,1499966471.0,0,2,0,0,http://p.upcdn.pengpengla.com/star/p/u/2017/7/14/9025b65a-a792-421b-93da-387838152bf4.jpg,鹿晗😍😍😍
691044.0,1500023086.0,0,5,0,0,http://p.upcdn.pengpengla.com/star/p/u/2017/7/14/8f6909a1-7ac5-4233-896a-c8db9884b775.jpg,我们月七 邢昭林💕是标准的铲屎官🤠
691046.0,1500024514.0,0,10,0,0,http://p.upcdn.pengpengla.com/star/p/u/2017/7/14/95d0bcb4-efd2-45cd-a80f-b607916ddc6c.jpg,鹿哥(｡･ω･｡)ﾉ♡
691068.0,1500127284.0,0,4,0,0,http://p.upcdn.pengpengla.com/star/p/u/2017/7/15/9d688270-5740-4a78-8416-0a910fddd0cd.jpg,你薛💓
691095.0,1500190729.0,0,0,0,0,http://p.upcdn.pengpengla.com/star/p/u/2017/7/16/71abbac7-383e-43f7-8b88-40b8255855fc.jpg,就不给你吃
691138.0,1500357023.0,0,2,0,0,http://p.upcdn.pengpengla.com/star/p/u/2017/7/18/dd34a81e-0379-41bc-9f00-026b1bbe1b18.jpg,一个爱猫，一个爱狗，真他妈配😏😏😏
691164.0,1500426828.0,0,3,0,0,http://p.upcdn.pengpengla.com/star/p/u/2017/7/19/aa829f0a-de3a-44e6-ad65-9556ee163abc.jpg,钓鱼！！
691168.0,1500433029.0,0,1,0,0,http://p.upcdn.pengpengla.com/star/p/u/2017/7/19/5d7486af-09ea-4616-9c1b-ddb6d2aa70bd.jpg,🐵
691178.0,1500452194.0,0,4,0,0,http://p.upcdn.pengpengla.com/star/p/u/2017/7/19/62cc3026-b48b-4136-85b4-6ed692b91d04.jpg,帅帅哒
691199.0,1500507979.0,0,6,0,0,http://p.upcdn.pengpengla.com/star/p/u/2017/7/20/58906bb5-56dd-49fc-b323-1adbadfdcac8.jpg,这个是真正的在铲屎
691219.0,1500555761.0,0,0,0,0,http://p.upcdn.pengpengla.com/star/p/u/2017/7/20/cb6f4c51-be11-4e18-8995-de9897747479.jpg,  #晏紫东# 。 #晏紫东天下无诈# 。 #晏紫东梁山伯与祝英台# 。@晏紫东 好喜歡晏紫東，願你被世界溫柔以待  #喵星人和熊孩子[音乐]# 。 #晏紫东梁山伯# 。#演员晏紫东# 。 #歌手晏紫东#  。 #电视剧天下无诈# 。@电视剧天下无诈 。
691225.0,1500563190.0,0,10,0,0,http://p.upcdn.pengpengla.com/star/p/u/2017/7/20/20dd7312-0524-47e9-82e2-b4479eb9e122.jpg,破洞裤之最帅的铲屎官非你莫属咯！n点个赞吧✊
691273.0,1500649375.0,0,0,0,0,http://p.upcdn.pengpengla.com/star/p/u/2017/7/21/8b25ccc2-31ab-4f10-bfc3-0310ca977514.jpg,李汶翰
691275.0,1500649447.0,0,0,0,0,http://p.upcdn.pengpengla.com/star/p/u/2017/7/21/dfe98bb7-f89c-492b-b18a-caa067ab697c.jpg,李汶翰
691299.0,1500715770.0,0,4,0,0,http://p.upcdn.pengpengla.com/star/p/u/2017/7/22/e35f670e-aa16-4aaa-a70b-85874ec2c4e6.jpg,😊yo yo
691313.0,1500735059.0,0,0,0,0,http://p.upcdn.pengpengla.com/star/p/u/2017/7/22/2f19a9b2-d984-4258-8f0a-f784bb27000e.jpg,男友力爆棚的我慈
691396.0,1501830081.0,0,3,0,0,http://p.upcdn.pengpengla.com/star/p/u/2017/8/4/26762be9-a05f-4b2c-8dd6-f90e27a3d53c.jpg,凡帅
691457.0,1502336528.0,0,0,0,0,http://p.upcdn.pengpengla.com/star/p/u/2017/8/10/7d112991-be7c-4ef1-9cd1-ea50d30377b7.jpg,王凯
691476.0,1502550836.0,0,6,0,0,http://p.upcdn.pengpengla.com/star/p/u/2017/8/12/31598ef9-9c3e-4dc4-b584-2e8ee701a093.jpg,一白二白谁帅？❤❤
691572.0,1508688562.0,0,5,0,1,http://p.upcdn.pengpengla.com/star/p/u/2017/10/23/e5ee30ba-e275-4463-861f-6ba87f538e80.jpg,我爱豆家的狗…n可能是捡到的n吴世勋你为什么要把吴哔哔搞成贵宾的样子n最近丑哔可能整容了……nvivi啊，羡慕
691689.0,1515729476.0,0,0,0,0,https://p.upcdn.pengpengla.com/star/p/u/2018/1/12/048c7a51-4c48-43d7-82f3-f1372ffdf70e.jpg,哈哈哈夫君和duang
691731.0,1498115944.0,0,48,0,0,http://p.upcdn.pengpengla.com/star/p/u/2017/6/22/e9fe16b2-7ecf-4885-986f-48a4c1192f8c.jpg,@-查杰-
691801.0,1498140546.0,0,38,0,0,http://p.upcdn.pengpengla.com/star/p/u/2017/6/22/84b9a2fd-cb15-4c93-a8a0-8b9d2d529723.jpg,我宇宝，释殿！～
691841.0,1498187372.0,0,10,0,0,http://p.upcdn.pengpengla.com/star/p/u/2017/6/23/e61239c7-a218-4e4f-9e72-d63e21720f3a.jpg,还是这组更美吧#林更新##宇文玥#
691895.0,1498219169.0,0,8,0,0,http://p.upcdn.pengpengla.com/star/p/u/2017/6/23/6aede7c2-d019-41ea-b56d-befc2d9d591a.jpg,陈晓陈晓
691954.0,1498284745.0,0,51,0,0,http://p.upcdn.pengpengla.com/star/p/u/2017/6/24/6cf6eae3-7f54-4243-82ec-b21781edf216.jpg,他是瑶光国主慕容黎，扮演者是我们的查杰查宝查大哥（ づ ωど）
691968.0,1498291655.0,0,19,0,0,http://p.upcdn.pengpengla.com/star/p/u/2017/6/24/32e201ae-b6c8-4d3d-8f4b-503136fab5bd.jpg,黎主
691980.0,1498294142.0,0,18,0,0,http://p.upcdn.pengpengla.com/star/p/u/2017/6/24/1a3dbf82-4b1b-4e0a-aef5-85bc93c34166.jpg,慕容离❤
691991.0,1498297262.0,0,34,0,0,http://p.upcdn.pengpengla.com/star/p/u/2017/6/24/cb0960a4-3327-4955-8765-728d0787aebe.jpg,查杰，刺客列传，慕容离
691995.0,1498297543.0,0,32,0,0,http://p.upcdn.pengpengla.com/star/p/u/2017/6/24/6f320bc0-d42f-46a3-b9db-03c5e136182a.jpg,马天宇  樱空释
692041.0,1498346221.0,0,13,0,0,http://p.upcdn.pengpengla.com/star/p/u/2017/6/25/c97bbe31-5faa-415d-83a5-d3b7242989b7.jpg,马天宇马天宇马天宇！
692051.0,1498353659.0,0,9,0,0,http://p.upcdn.pengpengla.com/star/p/u/2017/6/25/57f229b6-8a70-45dd-8191-1f122ebc6834.jpg,＃李易峰＃诛仙青云志张小凡u0026鬼厉n一人一棍一江湖…~
692056.0,1498358535.0,0,8,0,0,http://p.upcdn.pengpengla.com/star/p/u/2017/6/25/1584c4ec-5fd7-4e3f-9812-7615438dc365.jpg,坚果果
692082.0,1498390024.0,0,8,0,0,http://p.upcdn.pengpengla.com/star/p/u/2017/6/25/c4efe71a-89e0-4d91-9590-8e17fa74edff.jpg,超级好看的任嘉伦小哥哥！
692109.0,1498407071.0,0,6,0,0,http://p.upcdn.pengpengla.com/star/p/u/2017/6/26/3399fe49-c50d-483d-b594-f74c29f10816.jpg,平之😍
692138.0,1498442675.0,0,13,0,0,http://p.upcdn.pengpengla.com/star/p/u/2017/6/26/698a6a91-958b-4530-a5f6-4a9a2e215bb0.jpg,美幂
692147.0,1498448911.0,0,16,0,0,http://p.upcdn.pengpengla.com/star/p/u/2017/6/26/d325fc2e-b57d-42a9-a872-46cfc75d3870.jpg,执离大旗扛起来～～
692158.0,1498470617.0,0,1,0,0,http://p.upcdn.pengpengla.com/star/p/u/2017/6/26/bb62b12c-1924-4c34-ae11-e38f311850e3.png,晏紫东棒棒哒！
692183.0,1498532252.0,0,0,0,0,http://p.upcdn.pengpengla.com/star/p/u/2017/6/27/ec61006f-5e4f-48f8-9f03-61a91f4e080b.jpg, #给晏紫东最强应援# [酷]  #晏紫东# [酷] #晏紫东梁山伯与祝英台#  最愛晏紫東@晏紫东 願你被世界溫柔以待 #喵星人和熊孩子[音乐]# [酷] #晏紫东梁山伯#  [酷] #演员晏紫东#  [酷] #歌手晏紫东# [酷] #最强应援争夺战# 
692228.0,1498614649.0,0,1,0,0,http://p.upcdn.pengpengla.com/star/p/u/2017/6/28/e0696fad-c5d1-407c-9598-7ca3bf0fb6b1.jpg,朱一龙小龙包
692240.0,1498634698.0,0,1,0,0,http://p.upcdn.pengpengla.com/star/p/u/2017/6/28/37456f89-b4fb-4388-9a6d-635d72c86dbe.jpg,可可
692244.0,1498637529.0,0,2,0,0,http://p.upcdn.pengpengla.com/star/p/u/2017/6/28/aa47ad47-8a15-4fd7-a071-2e9bbc53867e.jpg,我宇最帅
692274.0,1498648397.0,0,40,0,0,http://p.upcdn.pengpengla.com/star/p/u/2017/6/28/6edab8c0-bbe3-4e57-bc27-d75a5cc5c671.jpg,黑兰兰
692277.0,1498651697.0,0,47,0,0,http://p.upcdn.pengpengla.com/star/p/u/2017/6/28/5e8d5e55-3601-4c6a-8742-c9d2d03d964a.jpg,一见倾心老恭
692299.0,1498658628.0,0,35,0,0,http://p.upcdn.pengpengla.com/star/p/u/2017/6/28/a1ef8b74-dcf7-4bba-a308-9310d5e1a98e.jpg,心疼了！
692351.0,1498701898.0,0,0,0,0,http://p.upcdn.pengpengla.com/star/p/u/2017/6/29/acb37e3c-65b1-409f-9a01-83f087e257fd.jpg,😘😘😘😘😘😘
692358.0,1498709375.0,0,0,0,0,http://p.upcdn.pengpengla.com/star/p/u/2017/6/29/d486e8c5-0ced-4bef-b59d-1fe7111674ec.png,陈翔 王莽大人的帅气是无法抵挡的
692366.0,1498721633.0,0,0,0,0,http://p.upcdn.pengpengla.com/star/p/u/2017/6/29/4375772b-bc60-47a8-8b9a-d7e711ae7b55.jpg,爱豆，爱豆，爱豆
692389.0,1499516170.0,0,8,0,0,http://p.upcdn.pengpengla.com/star/p/u/2017/7/8/99b64e17-4d4b-4321-9d5b-8fa4aaeb965e.jpg,中古世紀也是古裝❤️巨帥的了❤️
692400.0,1500084896.0,0,0,0,0,http://p.upcdn.pengpengla.com/star/p/u/2017/7/15/25c21ef1-e47e-452f-a029-787bfb9b3e0e.jpg,  #晏紫东# 。 #晏紫東天下無詐# 。 #晏紫东梁山伯与祝英台# 。@晏紫东 好喜歡晏紫東，願你被世界溫柔以待  #喵星人和熊孩子[音乐]# 。#演员晏紫东# 。 #歌手晏紫东# 。 #晏紫东大话西游之爱你一万年# 。 #晏紫东独步天下# 。 #識汝不識丁# 
692416.0,1500558932.0,0,1,0,0,http://p.upcdn.pengpengla.com/star/p/u/2017/7/20/57139188-5241-4783-acc4-1eedd1b39939.jpg,肖战棒棒哒，帅帅哒❤❤❤
692465.0,1501038835.0,0,0,0,0,http://p.upcdn.pengpengla.com/star/p/u/2017/7/26/627ec426-b8a0-47c9-80b8-2254e7cd16af.jpg,  #晏紫东# 。 #晏紫东天下无诈# 。 #晏紫东梁山伯与祝英台# 。@晏紫东 好喜歡晏紫東，願你被世界溫柔以待  #喵星人和熊孩子[音乐]# 。 #晏紫东梁山伯# 。#演员晏紫东# 。 #歌手晏紫东# 。#晏紫东独步天下#  。@梁山伯与祝英台影视剧 。#晏紫东田禾# 。#晏紫东大话西游之爱你一万年# 。
692513.0,1502002592.0,0,0,0,0,http://p.upcdn.pengpengla.com/star/p/u/2017/8/6/25933b58-206a-4700-9eb9-2c6941baee50.jpg,  #晏紫东# 。 #晏紫东天下无诈# 。 #晏紫东梁山伯与祝英台# 。@晏紫东 好喜歡晏紫東，願你被世界溫柔以待  #喵星人和熊孩子[音乐]# 。 #晏紫东梁山伯# 。#演员晏紫东# 。 #歌手晏紫东# 。#晏紫东独步天下#  。@梁山伯与祝英台影视剧 。#晏紫东田禾# 。#晏紫东大话西游之爱你一万年# 。
692551.0,1502264430.0,0,3,0,0,http://p.upcdn.pengpengla.com/star/p/u/2017/8/9/7ed20e04-db02-4f16-96d8-35711a316df9.png,邢大大古装照
692568.0,1502384760.0,0,3,0,0,http://p.upcdn.pengpengla.com/star/p/u/2017/8/11/7cecf580-6c24-4c7a-a4cd-0825f84cd684.jpg,啊啊啊啊啊
692646.0,1504253419.0,0,1,0,0,http://p.upcdn.pengpengla.com/star/p/u/2017/9/1/9f79045b-6e92-4c84-98d7-8e0edace9192.jpg,余枫
692665.0,1505361257.0,0,2,0,0,http://p.upcdn.pengpengla.com/star/p/u/2017/9/14/15721aa8-424a-4a8f-be0d-2b750902ea79.jpg,  #晏紫东# 。 #晏紫东天下无诈# 。 #晏紫东梁山伯与祝英台# 。@晏紫东 好喜歡晏紫東，願你被世界溫柔以待  #喵星人和熊孩子[音乐]# 。 #晏紫东梁山伯# 。#演员晏紫东# 。 #歌手晏紫东# 。#晏紫东独步天下#  。@梁山伯与祝英台影视剧 。#晏紫东田禾# 。#晏紫东大话西游之爱你一万年# 。
692746.0,1511504791.0,0,3,0,0,http://p.upcdn.pengpengla.com/star/p/u/2017/11/24/011f86a1-9c4a-49b9-97b7-5d1cd744101a.jpg,大师兄
692850.0,1497408844.0,0,7,0,0,http://p.upcdn.pengpengla.com/star/p/u/2017/6/14/f3289771-5f08-4ffd-afd1-071c97598706.jpg,李沁小姐姐超美
692884.0,1497409967.0,0,0,0,0,http://p.upcdn.pengpengla.com/star/p/u/2017/6/14/fb5347a4-8644-486e-be40-7c1584109bb4.jpg,好的公子
692979.0,1497613497.0,0,1,0,0,http://p.upcdn.pengpengla.com/star/p/u/2017/6/16/597d331d-d019-439e-9140-1a8c9501cdc6.jpg,美美的元淳，真的觉的元淳超级可爱
692986.0,1497680863.0,0,0,0,0,http://p.upcdn.pengpengla.com/star/p/u/2017/6/17/dc8e7156-df3d-49c6-a397-25e754344d58.jpg,就收了星儿吧😆
693051.0,1497964617.0,0,1,0,0,http://p.upcdn.pengpengla.com/star/p/u/2017/6/20/77799cee-8d9a-4111-901c-feb4dd22d8d0.gif,今晚还能一起愉快的玩耍吗？
693060.0,1498021401.0,0,5,0,0,http://p.upcdn.pengpengla.com/star/p/u/2017/6/21/f7466529-53bc-4263-8f35-0c556a0011d7.gif,"爱死林狗啦,hhhhh"
693462.0,1507472820.0,0,14,0,0,http://p.upcdn.pengpengla.com/star/p/u/2017/10/8/4c800f93-12a3-4eaa-af1a-0f9826851357.jpg,丽颖
693483.0,1497287030.0,0,1,0,0,http://p.upcdn.pengpengla.com/star/p/u/2017/6/13/5063427a-bed1-4162-ac94-0b1a6065522f.jpg,蔡依林，怎样都美！
693493.0,1497164516.0,0,0,0,0,http://p.upcdn.pengpengla.com/star/p/u/2017/6/11/c9481b8a-eb62-48d2-ab3e-9fb760fe1ca6.jpg,怎麼可以這麼好看😘😘
693511.0,1503110660.0,0,7,0,0,http://p.upcdn.pengpengla.com/star/p/u/2017/8/19/0a8b1cc6-7adc-40a5-b683-257c440abc03.jpg,我坦坦荡荡地爱你 既没有复杂也没有骄傲
693557.0,1497420276.0,0,1,0,0,http://p.upcdn.pengpengla.com/star/p/u/2017/6/14/f442b6d9-c08b-4a98-b00a-2209497137a8.jpg,睫毛 锁骨 手 胸 腰 腿n我的爱豆每一个部分都好看☺
693592.0,1496983529.0,0,1,0,0,http://p.upcdn.pengpengla.com/star/p/u/2017/6/9/1b0f6c3f-e42f-47f0-9282-d9f55502bd25.jpg,我家幸运哪里都好看
693612.0,1497405222.0,0,0,0,0,http://p.upcdn.pengpengla.com/star/p/u/2017/6/14/246bee9c-9337-461e-8a8d-f96ec178cab2.png,力宏当然是哪都好看啊！！
693613.0,1496924409.0,0,672,0,0,http://p.upcdn.pengpengla.com/star/p/u/2017/6/8/0b452d4a-4862-4a9f-b11c-66f05c7ffb13.jpg,#鹿晗#不管哪儿，只要是他💘
693651.0,1497001211.0,0,40,0,0,http://p.upcdn.pengpengla.com/star/p/u/2017/6/9/5b516ada-a895-4459-ac36-5b6121dc5995.png,我爱豆（马天宇）五官精致怎么都好看！
693664.0,1497680436.0,0,1,0,0,http://p.upcdn.pengpengla.com/star/p/u/2017/6/17/d987a4a4-10c5-41b3-a27a-96898887d6cb.jpg,都好看😜
693671.0,1503121586.0,0,2,0,0,http://p.upcdn.pengpengla.com/star/p/u/2017/8/19/1f846e14-da4d-4178-9e91-845b3d54c9e0.jpg,哪里都好看，桃妹眼里最美
693700.0,1505219821.0,0,1,0,0,http://p.upcdn.pengpengla.com/star/p/u/2017/9/12/fab9940f-8f1f-404b-a39d-be249f3981f4.jpg,一个99年小戏骨，从懵懂到成熟，那么多年，一路陪你，真好
693735.0,1503118485.0,0,2,0,0,http://p.upcdn.pengpengla.com/star/p/u/2017/8/19/6e972b6b-1505-4a9e-93f8-84aefcf4ba0b.jpg,#大张伟#  嚯，这个人怎么这么好看啊！！！*罒▽罒*
693741.0,1503586000.0,0,0,0,0,http://p.upcdn.pengpengla.com/star/p/u/2017/8/24/b01223f7-51d9-4491-a448-6b1cb154ed24.jpg,我猴紫的哪里都好看
693750.0,1496992144.0,0,0,0,0,http://p.upcdn.pengpengla.com/star/p/u/2017/6/9/ff13e81f-8280-42d6-9368-81b821e5f3cb.jpg,哪都好看
693795.0,1503150248.0,0,4,0,0,http://p.upcdn.pengpengla.com/star/p/u/2017/8/19/22fa58d0-14a3-49cc-9c72-260fd246d288.jpg,小鹿的眼睛
693805.0,1497279681.0,0,0,0,0,http://p.upcdn.pengpengla.com/star/p/u/2017/6/12/2abd4980-8b39-40a3-8397-2b6efcd8eb36.jpg,自拍
693825.0,1497540497.0,0,2,0,0,http://p.upcdn.pengpengla.com/star/p/u/2017/6/15/7f9c4227-d301-465b-96bd-22e715da07c7.jpg,王凯的大长腿
693847.0,1497603538.0,0,4,0,0,http://p.upcdn.pengpengla.com/star/p/u/2017/6/16/1080d33b-8a2c-4a14-8c8b-5df6414e75f4.jpg,我的爱豆我的鹿晗哥哥哪里都好看，帅极了，可驾驭任何造型
693848.0,1505142457.0,0,1,0,0,http://p.upcdn.pengpengla.com/star/p/u/2017/9/11/d7a2a12b-4969-47be-a7c4-accdc71a9c6a.jpg,淳淳的宇宙无敌大眼睛啊😆
693873.0,1497001270.0,0,0,0,0,http://p.upcdn.pengpengla.com/star/p/u/2017/6/9/f6935b11-6ed7-417a-bb97-2ebbf6c11067.jpg,赵品霖
693909.0,1497410056.0,0,0,0,0,http://p.upcdn.pengpengla.com/star/p/u/2017/6/14/3edf63be-5ea6-4b26-b590-5028718556bb.jpg,嗷嗷嗷，哪里都好看的蒋欣啊
693996.0,1497225815.0,0,6,0,0,http://p.upcdn.pengpengla.com/star/p/u/2017/6/12/d2d096cf-6a05-4ef5-be56-5abd4cf39ccc.png,是仙子
693997.0,1497226048.0,0,5,0,0,http://p.upcdn.pengpengla.com/star/p/u/2017/6/12/44f16365-a0cf-4aeb-bff2-cc6d1d6ab88c.png,是仙子
694030.0,1497771969.0,0,2,0,0,http://p.upcdn.pengpengla.com/star/p/u/2017/6/18/f82831f3-0499-42ab-9aa7-edf8402517e8.png,越看越好看😘
694056.0,1496989016.0,0,3,0,0,http://p.upcdn.pengpengla.com/star/p/u/2017/6/9/538412c8-7f9a-4ebb-84c2-703e7dfbd4d2.jpg,我家爱豆…王博文小白❤️
694080.0,1497602735.0,0,2,0,0,http://p.upcdn.pengpengla.com/star/p/u/2017/6/16/841a6f58-5364-44c3-8c6e-7d30bf18e85e.jpg,我宇美如画
694175.0,1496964712.0,0,2,0,0,http://p.upcdn.pengpengla.com/star/p/u/2017/6/9/50bc53b4-2435-4b33-970d-4e5cae9c880e.jpg,我家爱豆哪都好看😘
694180.0,1497014049.0,0,0,0,0,http://p.upcdn.pengpengla.com/star/p/u/2017/6/9/2524ce57-cda8-499e-92bf-08085ed0da84.jpg,王嘉尔哪里都好看
694229.0,1503199261.0,0,0,0,0,http://p.upcdn.pengpengla.com/star/p/u/2017/8/20/5f84b91c-268c-4a48-86d8-98ebc98924bb.jpg,这样的她最好看！
694240.0,1497108858.0,0,0,0,0,http://p.upcdn.pengpengla.com/star/p/u/2017/6/10/f13767a7-dffa-4303-afd0-fea7ee263043.jpg,每个地方都很精致啊！要怎么选！
694358.0,1497018093.0,0,3,0,0,http://p.upcdn.pengpengla.com/star/p/u/2017/6/9/a1e43856-265b-4bf3-811d-0dad00880553.jpg,我谦哥哪都好看！无可挑剔！看这柔顺的秀发！这大眼睛！这手！这嘴！哈哈哈哈我就是来搞笑的😂😂😂
694477.0,1497112141.0,0,1,0,0,http://p.upcdn.pengpengla.com/star/p/u/2017/6/11/ff50bc35-0d9f-4987-9ef9-2f4b242e26b1.jpg,哪里都好看
694494.0,1497193186.0,0,0,0,0,http://p.upcdn.pengpengla.com/star/p/u/2017/6/11/201a2c6d-b45f-436e-81de-daf9e231ad3e.jpg,哪儿哪儿都好看！
694510.0,1497011495.0,0,29,0,0,http://p.upcdn.pengpengla.com/star/p/u/2017/6/9/cb664c70-eace-406e-8308-b66844e95903.jpg,马天宇的琉璃目和猫唇(●—●)
694515.0,1496995520.0,0,0,0,0,http://p.upcdn.pengpengla.com/star/p/u/2017/6/9/f2741b02-da2c-4f0f-8c76-0bb7e9a633fa.jpg,都好看
694595.0,1496949265.0,0,29,0,0,http://p.upcdn.pengpengla.com/star/p/u/2017/6/9/86194581-5461-4888-b659-3391af209471.jpg,认真拍照的鹿（捂脸害羞）  帅
694633.0,1503576401.0,0,0,0,0,http://p.upcdn.pengpengla.com/star/p/u/2017/8/24/4af9e5e7-5836-42a0-97ab-8ec8549bcbd8.jpg,撩撩撩
694640.0,1503576849.0,0,0,0,0,http://p.upcdn.pengpengla.com/star/p/u/2017/8/24/e978b4e3-2617-4935-ba74-5c45bca59a1a.jpg,我们的少年时代 里的冯程程是我家丁程鑫哟
694692.0,1496927289.0,0,0,0,0,http://p.upcdn.pengpengla.com/star/p/u/2017/6/8/f2a1d1f5-4491-4c68-bce8-cb69ec9d611e.jpg, #晏紫东# [酷] #晏紫东梁山伯与祝英台#  [酷] #喵星人和熊孩子[音乐]# 最愛晏紫東@晏紫东 好喜歡晏紫東，願你被世界溫柔以待 #晏紫东梁山伯#  [酷] #演员晏紫东# [酷] #歌手晏紫东# [酷] ​​​
694710.0,1497084727.0,0,0,0,0,http://p.upcdn.pengpengla.com/star/p/u/2017/6/10/a501f5bd-e0a8-478f-a5c9-6f3f022280c0.jpg, #晏紫东# [酷] #晏紫东梁山伯与祝英台#  最愛晏紫東@晏紫东 好喜歡晏紫東，願你被世界溫柔以待[酷] #喵星人和熊孩子[音乐]# [酷] #晏紫东梁山伯#  [酷] #演员晏紫东#  [酷] #歌手晏紫东# [酷]
694712.0,1497084894.0,0,0,0,0,http://p.upcdn.pengpengla.com/star/p/u/2017/6/10/8fcb482b-aa5d-4b9e-90c9-1a4e3d8a9819.jpg, #晏紫东# [酷] #晏紫东梁山伯与祝英台#  最愛晏紫東@晏紫东 好喜歡晏紫東，願你被世界溫柔以待[酷] #喵星人和熊孩子[音乐]# [酷] #晏紫东梁山伯#  [酷] #演员晏紫东#  [酷] #歌手晏紫东# [酷]
694715.0,1497164168.0,0,0,0,0,http://p.upcdn.pengpengla.com/star/p/u/2017/6/11/ee938125-3bce-4061-91d2-6e39d34767ff.jpg, #晏紫东# [酷] #晏紫东梁山伯与祝英台#  最愛晏紫東@晏紫东 好喜歡晏紫東，願你被世界溫柔以待[酷] #喵星人和熊孩子[音乐]# [酷] #晏紫东梁山伯#  [酷] #演员晏紫东#  [酷] #歌手晏紫东# [酷]
694742.0,1497425394.0,0,0,0,0,http://p.upcdn.pengpengla.com/star/p/u/2017/6/14/09624bde-f847-4176-8e9e-ad1b65ed88b0.jpg, #晏紫东# [酷] #晏紫东梁山伯与祝英台#  最愛晏紫東@晏紫东 好喜歡晏紫東，願你被世界溫柔以待[酷] #喵星人和熊孩子[音乐]# [酷] #晏紫东梁山伯#  [酷] #演员晏紫东#  [酷] #歌手晏紫东# [酷]
694774.0,1497580831.0,0,0,0,0,http://p.upcdn.pengpengla.com/star/p/u/2017/6/16/2e7cfc13-fc90-48a1-93f4-6adc5973da7a.jpg, #晏紫东# [酷] #晏紫东梁山伯与祝英台#  最愛晏紫東@晏紫东 好喜歡晏紫東，願你被世界溫柔以待[酷] #喵星人和熊孩子[音乐]# [酷] #晏紫东梁山伯#  [酷] #演员晏紫东#  [酷] #歌手晏紫东# [酷]
694789.0,1497712148.0,0,0,0,0,http://p.upcdn.pengpengla.com/star/p/u/2017/6/17/928cade8-7764-4954-84db-556921f44413.jpg, #给晏紫东最强应援# [酷] #喵星人和熊孩子[音乐]# [酷] #最强应援争夺战# [酷]  #晏紫东# [酷] #晏紫东梁山伯与祝英台#  最愛晏紫東@晏紫东 願你被世界溫柔以待 #晏紫东梁山伯#  [酷] #演员晏紫东#  [酷] #歌手晏紫东# 
694795.0,1497795535.0,0,0,0,0,http://p.upcdn.pengpengla.com/star/p/u/2017/6/18/6dc697f4-aac3-4bed-ab28-bffc4468bdaa.jpg, #给晏紫东最强应援# [酷] #喵星人和熊孩子[音乐]# [酷] #最强应援争夺战# [酷]  #晏紫东# [酷] #晏紫东梁山伯与祝英台#  最愛晏紫東@晏紫东 願你被世界溫柔以待 #晏紫东梁山伯#  [酷] #演员晏紫东#  [酷] #歌手晏紫东# 
694851.0,1500857574.0,0,0,0,0,http://p.upcdn.pengpengla.com/star/p/u/2017/7/24/61816aba-02a5-49ce-81bf-6678807f61d9.jpg,  #晏紫东# 。 #晏紫东天下无诈# 。 #晏紫东梁山伯与祝英台# 。@晏紫东 好喜歡晏紫東，願你被世界溫柔以待  #喵星人和熊孩子[音乐]# 。 #晏紫东梁山伯# 。#演员晏紫东# 。 #歌手晏紫东# 。 #晏紫东大话西游之爱你一万年# 。 #晏紫东独步天下# 。@梁山伯与祝英台影视剧 。@愉此一生电视剧 。@电视剧天下无诈 
694899.0,1497325566.0,0,8,0,0,http://p.upcdn.pengpengla.com/star/p/u/2017/6/13/ff353d4b-f218-4f3e-8c31-da7ccaa4f34f.jpg,小甜
694908.0,1497311044.0,0,4,0,0,http://p.upcdn.pengpengla.com/star/p/u/2017/6/13/67ea284d-07f7-49f3-869e-7a2962863f3e.png,曲式嘟嘴👇👇👇
694937.0,1497135663.0,0,0,0,0,http://p.upcdn.pengpengla.com/star/p/u/2017/6/11/e62d5f68-cf44-4e07-9b74-d0fddea5dfe8.jpg,相思成戬 唯愿杰安
694977.0,1497484238.0,0,2,0,0,http://p.upcdn.pengpengla.com/star/p/u/2017/6/15/47e555b4-804a-4215-8b32-a1b34b8313cc.png,@陳奕ChenI  他的眼睛会说话
694981.0,1497144587.0,0,4,0,0,http://p.upcdn.pengpengla.com/star/p/u/2017/6/11/e1bdeb70-00db-4a53-9772-aded74f4ca53.png,对我们老大的手毫无抵抗力
695015.0,1497051487.0,0,5,0,0,http://p.upcdn.pengpengla.com/star/p/u/2017/6/10/d888aa3c-ee9b-47ce-b443-1cd45d181444.png,千玺古装
695024.0,1503132092.0,0,0,0,0,http://p.upcdn.pengpengla.com/star/p/u/2017/8/19/219962d6-fa3d-4c00-9691-2a9cd6708b22.jpg,我家爱豆哪都好看
695044.0,1503159878.0,0,1,0,0,http://p.upcdn.pengpengla.com/star/p/u/2017/8/20/5edf9766-f567-4a51-8083-e4ebb063cefa.jpg,从头到脚૧(●´৺`●)૭૧(●´৺`●)૭
695060.0,1503118403.0,0,0,0,0,http://p.upcdn.pengpengla.com/star/p/u/2017/8/19/f0123748-e0f6-4971-83b3-6f8970737712.jpg,汪东城  超级网剧镇魂街
695094.0,1503132162.0,0,0,0,0,http://p.upcdn.pengpengla.com/star/p/u/2017/8/19/19630b42-37e5-4af5-a04f-b9a30f448a00.jpg,汪东城
695183.0,1496910498.0,0,1,0,0,http://p.upcdn.pengpengla.com/star/p/u/2017/6/8/e4c6a6b8-a3cb-43b8-9221-630569e0c266.png,我的爱豆哪里都好看！
695205.0,1497086389.0,0,1,0,0,http://p.upcdn.pengpengla.com/star/p/u/2017/6/10/b6610304-d122-4801-9eb1-d6425eebccef.jpg,可以的 我儿子没丢我的脸n帅炸
695314.0,1497075553.0,0,2,0,0,http://p.upcdn.pengpengla.com/star/p/u/2017/6/10/bc8f08c6-4c8f-4b91-8ee1-6f8b51290db5.jpg,就这么帅
695319.0,1497610418.0,0,10,0,0,http://p.upcdn.pengpengla.com/star/p/u/2017/6/16/31668263-3a67-4656-80a3-5db8948fc709.jpg,🌹✨😍😘😍😘😍😘😍😘😍✨🌹
695336.0,1496961676.0,0,0,0,0,http://p.upcdn.pengpengla.com/star/p/u/2017/6/9/01b3f5ca-e0f6-4415-8076-d98f161b652d.jpg,坤霖
695363.0,1497269148.0,0,10,0,0,http://p.upcdn.pengpengla.com/star/p/u/2017/6/12/b7e32520-ec1f-4f27-b172-445c5034eccd.jpg,我鹿哥最帅
695389.0,1497349713.0,0,1,0,0,http://p.upcdn.pengpengla.com/star/p/u/2017/6/13/b6008c94-e806-434a-8d4b-c51a21a5dec7.jpg,表白杨蓉小姐姐！
695424.0,1503071376.0,0,2,0,0,http://p.upcdn.pengpengla.com/star/p/u/2017/8/18/e7f0d609-40af-4086-8585-f7182bd6bbff.jpg,我哥哥最美的地方肉眼看不到👌是他的双商嘻嘻
695434.0,1503219209.0,0,4,0,0,http://p.upcdn.pengpengla.com/star/p/u/2017/8/20/351ca8fb-3476-4e04-9436-89ea6cc7277f.jpg,哪里都好看
695454.0,1497508508.0,0,1,0,0,http://p.upcdn.pengpengla.com/star/p/u/2017/6/15/ab31292a-19d9-4f50-801d-a9da37773239.jpg,金秀贤，闪耀夺目的外貌，太阳的男人！
695508.0,1497099251.0,0,1,0,0,http://p.upcdn.pengpengla.com/star/p/u/2017/6/10/5632abeb-062e-4611-8f90-93eb0911d364.jpg,哪都好看
695549.0,1497339254.0,0,2,0,0,http://p.upcdn.pengpengla.com/star/p/u/2017/6/13/914ee9bf-0d44-4e4b-9707-9269521ae42f.jpg,眼睛嘴巴鼻子
695628.0,1497188556.0,0,2,0,0,http://p.upcdn.pengpengla.com/star/p/u/2017/6/11/c15fee42-09f4-4217-b635-25f6de09832d.jpg,我墨就是帅！
695644.0,1497460210.0,0,0,0,0,http://p.upcdn.pengpengla.com/star/p/u/2017/6/15/feb551c5-6dbe-4db5-8d55-da5225f6e153.jpg,我家凯凯，当然是举世闻名的手，最好看啦，出道n次了
695733.0,1497445765.0,0,1,0,0,http://p.upcdn.pengpengla.com/star/p/u/2017/6/14/e9a91d7b-1a9f-4043-91e9-d78d86fb99be.jpg,青哥哪儿都好看！
695761.0,1503142354.0,0,0,0,0,http://p.upcdn.pengpengla.com/star/p/u/2017/8/19/4626da37-90fe-4e01-a666-2f4632717a9e.jpg,东哥的大白腿
695805.0,1497442122.0,0,1,0,0,http://p.upcdn.pengpengla.com/star/p/u/2017/6/14/517a665f-342b-41c7-8fc0-7c09e5e2201e.jpg,没有好好发图片是我的错……😍
695840.0,1499587608.0,0,1,0,0,http://p.upcdn.pengpengla.com/star/p/u/2017/7/9/17db3ef6-0280-44d8-b40e-4464a74676fa.jpg,薛之谦的手
695891.0,1497084979.0,0,3,0,0,http://p.upcdn.pengpengla.com/star/p/u/2017/6/10/42d4d802-a900-4baf-bdcf-82ec9c5216e4.jpg,大佬的脸
695908.0,1497440773.0,0,4,0,0,http://p.upcdn.pengpengla.com/star/p/u/2017/6/14/6b66076b-eb02-4b9d-8b14-f1cff62bbb68.jpg,我爱豆哪里都好看😘😘😘@TFBOYS-易烊千玺么么哒#易烊千玺#
695992.0,1496966490.0,0,1,0,0,http://p.upcdn.pengpengla.com/star/p/u/2017/6/9/dc5996bf-a665-4685-a70d-c8a01b551696.jpg,眼睛，嘴，鼻，都好看
696009.0,1496927662.0,0,1,0,0,http://p.upcdn.pengpengla.com/star/p/u/2017/6/8/dffbc39b-8169-4ea2-aa97-3b3d28937359.jpg,哪里都好看啊哈哈哈哈
696014.0,1497014862.0,0,2,0,0,http://p.upcdn.pengpengla.com/star/p/u/2017/6/9/120694ec-59e7-48f7-b8fb-a763409a0169.jpg,帅气的兴宝
696022.0,1497079276.0,0,1,0,0,http://p.upcdn.pengpengla.com/star/p/u/2017/6/10/9d3c6454-d447-487a-936e-cb7548c531ab.jpg,艺兴
696038.0,1497080154.0,0,2,0,0,http://p.upcdn.pengpengla.com/star/p/u/2017/6/10/7a6d8f18-fec4-4688-9221-5c68aebb55c4.jpg,艺兴
696224.0,1503220538.0,0,0,0,0,http://p.upcdn.pengpengla.com/star/p/u/2017/8/20/1e848595-8ac5-4d13-a4a9-91a8d1521861.jpg,就是这么帅。那都喜欢
696285.0,1503215751.0,0,0,0,0,http://p.upcdn.pengpengla.com/star/p/u/2017/8/20/bc9010b1-1650-42bb-bd5b-12bb116d7dd4.jpg,朱戬啊
696301.0,1496975040.0,0,2,0,0,http://p.upcdn.pengpengla.com/star/p/u/2017/6/9/d7dc2f7e-7886-43b0-a04a-c04d1d8133e5.jpg,哪都好看
696343.0,1496924598.0,0,202,0,0,http://p.upcdn.pengpengla.com/star/p/u/2017/6/8/ed5fd81b-be47-499e-a812-314dc85e64d9.jpg,给你我的小心心❤❤
696349.0,1496985520.0,0,41,0,0,http://p.upcdn.pengpengla.com/star/p/u/2017/6/9/cef8d477-63d1-483e-a592-1eba164c3fe7.jpg,笑起来也好好看
696384.0,1497844499.0,0,8,0,0,http://p.upcdn.pengpengla.com/star/p/u/2017/6/19/6b0ee1e6-261a-4bfa-8746-7148be27206f.jpg,投足之间，秒杀我心…n马天宇！
696390.0,1503596979.0,0,2,0,0,http://p.upcdn.pengpengla.com/star/p/u/2017/8/25/bed14f71-5981-477f-9bfe-fc298fff4662.jpg,我家易撩撩的手
696421.0,1497529257.0,0,2,0,0,http://p.upcdn.pengpengla.com/star/p/u/2017/6/15/8d423623-c5ef-4952-b39e-ba8225955121.png,全都好看💪💪美男子💪💪
696432.0,1497097167.0,0,2,0,0,http://p.upcdn.pengpengla.com/star/p/u/2017/6/10/319f3501-0165-483f-8d29-b334c9959c45.jpg,手！
696436.0,1497876566.0,0,1,0,0,http://p.upcdn.pengpengla.com/star/p/u/2017/6/19/b9e8d3cf-6725-45c0-b685-4196a3f9dd33.jpg,帅爆了💗
696452.0,1497015220.0,0,3,0,0,http://p.upcdn.pengpengla.com/star/p/u/2017/6/9/2f442a78-9466-419b-8e1f-44a4e38ad1a7.jpg,谦谦穿什么都好好看……世界和平……
696453.0,1496922074.0,0,2,0,0,http://p.upcdn.pengpengla.com/star/p/u/2017/6/8/94c93e05-ca64-4417-8f7e-6bafff12dcc9.jpg,我是郭子凡颜饭睫毛饭手饭腹肌饭（不给你看😉）外加音饭，他哪都好看
696483.0,1503497674.0,0,0,0,0,http://p.upcdn.pengpengla.com/star/p/u/2017/8/23/498eef65-1e87-407b-a4b7-e3554b6f855d.jpg,卡姿兰大眼睛！！
696515.0,1497179219.0,0,4,0,0,http://p.upcdn.pengpengla.com/star/p/u/2017/6/11/2e6043c2-6a3b-40c3-bd85-d4bd9832b628.jpg,甜党艺兴
696554.0,1497247619.0,0,1,0,0,http://p.upcdn.pengpengla.com/star/p/u/2017/6/12/4d80ef62-9f85-4a54-a542-4a36ac2f51e3.jpg,他帅的我受不了😘😘
696560.0,1497022749.0,0,5,0,0,http://p.upcdn.pengpengla.com/star/p/u/2017/6/9/d7149a29-da62-47ae-9b36-73582f847f83.jpg,普普通通，平平凡凡，无忧无虑的时候。
696601.0,1505174103.0,0,0,0,0,http://p.upcdn.pengpengla.com/star/p/u/2017/9/12/287c1e6f-fc1b-4bdf-811c-d70e30c5af17.jpg,哪里都好看
696615.0,1496991678.0,0,4,0,0,http://p.upcdn.pengpengla.com/star/p/u/2017/6/9/17381897-2bc1-435d-abd1-7c7738a5f780.jpg,我潮帅的不要不要的😘
696751.0,1503072884.0,0,1,0,0,http://p.upcdn.pengpengla.com/star/p/u/2017/8/19/32965828-991b-4229-b83c-433989fd965f.jpg,朱一龙睫毛逆天，不服来战
696754.0,1503074146.0,0,1,0,0,http://p.upcdn.pengpengla.com/star/p/u/2017/8/19/80139c04-eb9b-4a98-9fc5-0f2d1b7cd502.jpg,眉眼如画朱一龙
696798.0,1496982578.0,0,1,0,0,http://p.upcdn.pengpengla.com/star/p/u/2017/6/9/ec32f4aa-6d1c-4d8a-9251-5cb9550204a9.jpg,哪里都好看
696827.0,1497159271.0,0,1,0,0,http://p.upcdn.pengpengla.com/star/p/u/2017/6/11/f6ef39df-1556-4480-88f1-d081abda6593.jpg,我爱豆哪里都好看❤最喜欢宏毅鼻子上的小驼峰
696828.0,1497226281.0,0,2,0,0,http://p.upcdn.pengpengla.com/star/p/u/2017/6/12/6fc1ba7c-2c51-42fa-b5e4-98a04aaedd33.jpg,最喜欢你的卡姿兰大眼睛哈哈
697008.0,1505213495.0,0,1,0,0,http://p.upcdn.pengpengla.com/star/p/u/2017/9/12/cfa3ad94-ed75-42ea-bedd-a84be8acc449.jpg,完美😍
697014.0,1505268840.0,0,1,0,0,http://p.upcdn.pengpengla.com/star/p/u/2017/9/13/a1b3bac6-5061-486a-8ac7-cf97c3df1bdd.jpg,桃花眼，水汪汪的迷人
697064.0,1496986802.0,0,7,0,0,http://p.upcdn.pengpengla.com/star/p/u/2017/6/9/b8ddb8ca-418c-4b17-9f43-0359a58d95ad.jpg,我爱豆做自己最帅
697083.0,1510481386.0,0,1,0,0,http://p.upcdn.pengpengla.com/star/p/u/2017/11/12/b1384a9d-57b5-4262-a954-b10c8d597769.jpg,眼睛眼睛，陈哲远眼睛里有星星
697116.0,1497200924.0,0,3,0,0,http://p.upcdn.pengpengla.com/star/p/u/2017/6/12/e4b617ae-639c-4241-a191-8ba01fc09f1c.jpg,他都好看❤
697135.0,1497450542.0,0,5,0,0,http://p.upcdn.pengpengla.com/star/p/u/2017/6/14/86e49e55-be4e-4309-ae2c-87c204db7467.jpg,鹿哥哪里都好看❤️
697168.0,1496933885.0,0,1,0,0,http://p.upcdn.pengpengla.com/star/p/u/2017/6/8/eccb732e-b8d4-402b-94af-f0a9f8e776dc.jpg,我们里头白的肌肉💪嘿咻嘿咻
697169.0,1496933968.0,0,1,0,0,http://p.upcdn.pengpengla.com/star/p/u/2017/6/8/73a37aa8-3969-407d-8836-ad4915e1954e.jpg,小白哪儿都好看
697203.0,1498365498.0,0,2,0,0,http://p.upcdn.pengpengla.com/star/p/u/2017/6/25/2d945a2c-4738-4bc3-b0a6-afda8c306770.jpg,哈哈哈唇珠
697227.0,1497221400.0,0,1,0,0,http://p.upcdn.pengpengla.com/star/p/u/2017/6/12/30b98e87-e2ab-40f0-93ad-df3872942dc7.jpg,哪儿哪儿都好看😊
697260.0,1497691151.0,0,1,0,0,http://p.upcdn.pengpengla.com/star/p/u/2017/6/17/1cb69bf5-6616-4856-b930-ba9be254e5c4.jpg,❤❤
697293.0,1497003882.0,0,1,0,0,http://p.upcdn.pengpengla.com/star/p/u/2017/6/9/760cd4f5-e64c-4a34-bba8-bead1c53beeb.jpg,#我的爱豆哪里最好看# #赵品霖# #努力的少年踏歌而行#   赵品霖有一天会发光发亮。
697294.0,1497003956.0,0,0,0,0,http://p.upcdn.pengpengla.com/star/p/u/2017/6/9/4bd49662-bbff-41be-82d7-08e4512c55d9.jpg,#我的爱豆哪里最好看# #郑爽# #最好的郑爽最好的青春#   你就是我的光
697333.0,1497202100.0,0,5,0,0,http://p.upcdn.pengpengla.com/star/p/u/2017/6/12/66941617-d155-4eec-a85b-48d796534860.jpg,💎❤️༺鹿͈̎晗͈̎༻❤️💎五࿐官࿐是࿐最࿐好࿐看࿐的࿐。 🔮全ཻ身ཻ上ཻ下ཻ都ཻ是ཻ帅ཻ帅ཻ的ཻ！！！
697354.0,1497414965.0,0,1,0,0,http://p.upcdn.pengpengla.com/star/p/u/2017/6/14/5ca05843-c194-4568-b768-1b844516ffed.jpg,可爱*^o^*乔欣🌹🌹🌹🌹🌹
697480.0,1497013528.0,0,3,0,0,http://p.upcdn.pengpengla.com/star/p/u/2017/6/9/b0584574-4e67-4902-ae5a-703e41654bdf.jpg,我爱豆李沁，眼睛👀最美，纯天然❤
697498.0,1497541104.0,0,1,0,0,http://p.upcdn.pengpengla.com/star/p/u/2017/6/15/7af4f79e-2ecd-4a38-b5e7-b062d47066c5.jpg,下巴最好看
697503.0,1496910125.0,0,0,0,0,http://p.upcdn.pengpengla.com/star/p/u/2017/6/8/4fdea730-8593-490a-998b-1ff2972fd1c6.png,哪都好看
697550.0,1503116417.0,0,0,0,0,http://p.upcdn.pengpengla.com/star/p/u/2017/8/19/7a0a85b1-614d-470a-8b78-ad0aec286bb7.jpg,姚望
697567.0,1503191930.0,0,0,0,0,http://p.upcdn.pengpengla.com/star/p/u/2017/8/20/d7d92b39-438d-41e1-b8bf-4e40f9a33636.jpg,明望组合   杨业明
697568.0,1503191962.0,0,0,0,0,http://p.upcdn.pengpengla.com/star/p/u/2017/8/20/f15d708b-83c9-43a9-b2ae-17fa4db46275.jpg,明望组合   杨业明   笑容酒窝
697570.0,1503192016.0,0,0,0,0,http://p.upcdn.pengpengla.com/star/p/u/2017/8/20/4d12cc0c-80dc-448c-88ad-460843d1fbcc.jpg,明望组合   杨业明   酒窝   舌头
697664.0,1503206187.0,0,0,0,0,http://p.upcdn.pengpengla.com/star/p/u/2017/8/20/f50e556b-5a9d-49d7-a061-717287e60558.jpg,#明望#   明望组合   姚望    手
697678.0,1503206617.0,0,0,0,0,http://p.upcdn.pengpengla.com/star/p/u/2017/8/20/f0353c6c-1adb-45cf-a61b-a73830255164.gif,#明望#   明望组合   姚望     手
697736.0,1497163217.0,0,2,0,0,http://p.upcdn.pengpengla.com/star/p/u/2017/6/11/9aae2eaa-0bea-4584-a9f9-962996216ab0.jpg,我杰
697775.0,1497061270.0,0,2,0,0,http://p.upcdn.pengpengla.com/star/p/u/2017/6/10/3a529b9a-32e5-4298-81e3-9293ae1a98a6.jpg,帅得没天理  就是这么帅!😍
697819.0,1497073391.0,0,1,0,0,http://p.upcdn.pengpengla.com/star/p/u/2017/6/10/34c010fb-9ccd-4619-9ae8-e63957987b7d.jpg,哪都好看!
697855.0,1496982438.0,0,0,0,0,http://p.upcdn.pengpengla.com/star/p/u/2017/6/9/4589c00d-474c-45fb-821d-9c6cd357e867.jpg,李宏毅哪都帅
697913.0,1497097298.0,0,1,0,0,http://p.upcdn.pengpengla.com/star/p/u/2017/6/10/10ca1eb2-870f-45dd-a6a9-118634953434.jpg,最爱王嘉尔的 眼睛 和 微笑 暖暖的像阳光❤
697914.0,1496947607.0,0,1,0,0,http://p.upcdn.pengpengla.com/star/p/u/2017/6/9/d23e8660-380f-4122-8ee9-48b5b1862e89.jpg,我恩哪里都好看
697927.0,1497265269.0,0,10,0,0,http://p.upcdn.pengpengla.com/star/p/u/2017/6/12/beb1fa80-4115-4e3a-b708-52dce2788088.jpg,无可挑剔😚
697991.0,1503073726.0,0,2,0,0,http://p.upcdn.pengpengla.com/star/p/u/2017/8/19/207b3da3-8a56-4891-bab6-a711f90486db.jpg,#每一个部位都好看🙈🙈
697997.0,1497058210.0,0,5,0,0,http://p.upcdn.pengpengla.com/star/p/u/2017/6/10/d0a832fe-0147-4650-a8af-72932627268c.jpg,陆地夫妇
698102.0,1503121540.0,0,8,0,0,http://p.upcdn.pengpengla.com/star/p/u/2017/8/19/663d2c99-ea2e-45f2-bbf2-109d4281eb18.jpg,我迪浑身上下都好看😍
698183.0,1497333667.0,0,2,0,0,http://p.upcdn.pengpengla.com/star/p/u/2017/6/13/b2102476-2003-44ce-95e1-fa2ffa9c6b98.jpg,哪里都帅
698214.0,1497392977.0,0,0,0,0,http://p.upcdn.pengpengla.com/star/p/u/2017/6/14/691a4441-a099-4389-9fe2-a1bf92f35a3a.jpg,😘😘😘
698233.0,1497704725.0,0,4,0,0,http://p.upcdn.pengpengla.com/star/p/u/2017/6/17/a4c28ddf-c79d-4520-b60e-0f2e82928d56.jpg,我家爱豆哪都好看，由内而外都好看
698253.0,1497440910.0,0,2,0,0,http://p.upcdn.pengpengla.com/star/p/u/2017/6/14/85ff5dbb-3f91-4747-b294-622e22ea54ab.jpg,哪里都好看
698273.0,1497457986.0,0,1,0,0,http://p.upcdn.pengpengla.com/star/p/u/2017/6/15/3b579440-d872-432d-bbed-1eccdab07b30.jpg,很喜欢这个帅帅的大哥哥
698277.0,1497477796.0,0,3,0,0,http://p.upcdn.pengpengla.com/star/p/u/2017/6/15/ad1a1c74-43d9-472c-aa9b-14aab0c674b4.jpg,绝壁是阿鹿的眼睛啦哈哈
698285.0,1497532559.0,0,2,0,0,http://p.upcdn.pengpengla.com/star/p/u/2017/6/15/78eca203-cc84-4c7b-9090-99ce70e1bc90.jpg,我爱豆吴世勋哪里都好看
698296.0,1497501409.0,0,2,0,0,http://p.upcdn.pengpengla.com/star/p/u/2017/6/15/7b53fbb8-124d-462c-b552-a78b5fa28563.jpg,各自安好
698309.0,1497591218.0,0,0,0,0,http://p.upcdn.pengpengla.com/star/p/u/2017/6/16/e2214af2-ee7b-4d7e-ba7c-8d38e64e1e94.jpg,哪都好看
698383.0,1497698243.0,0,4,0,0,http://p.upcdn.pengpengla.com/star/p/u/2017/6/17/465e4640-22a5-4e29-a910-ba64ffd8eb2d.jpg,王俊凯全身上下都好看，最美不过桃花眼
698530.0,1498103669.0,0,2,0,0,http://p.upcdn.pengpengla.com/star/p/u/2017/6/22/eecfa53c-e196-43d4-bd0f-2792b9faf56b.jpg,侯明昊小哥哥
698533.0,1498103739.0,0,3,0,0,http://p.upcdn.pengpengla.com/star/p/u/2017/6/22/e60eaf3a-82f5-4efd-ab9a-ce2d250d3bbe.jpg,侯明昊小哥哥
698557.0,1498292508.0,0,2,0,0,http://p.upcdn.pengpengla.com/star/p/u/2017/6/24/fd58aac9-3b3a-42a5-aba8-941d4579ed67.jpg,泪痣啊！！！！
698564.0,1503122952.0,0,1,0,0,http://p.upcdn.pengpengla.com/star/p/u/2017/8/19/62de1f52-cf4f-439a-90c9-2401adf222ae.jpg,evan马振桓❤️🐎
698579.0,1503069941.0,0,2,0,0,http://p.upcdn.pengpengla.com/star/p/u/2017/8/18/35956762-2cc5-4f2c-9014-c8f0c3571cc9.jpg,全部！
698615.0,1503650016.0,0,1,0,0,http://p.upcdn.pengpengla.com/star/p/u/2017/8/25/a085668b-8fa5-47a2-9b87-06286a45552f.jpg,2017快乐男生黄榕生💕
698657.0,1503105193.0,0,0,0,0,http://p.upcdn.pengpengla.com/star/p/u/2017/8/19/f4622b28-0a11-44c2-8835-212c6bc477bf.jpg,怎么办我老大全身都好看
698675.0,1502565349.0,0,0,0,0,http://p.upcdn.pengpengla.com/star/p/u/2017/8/13/1fbc55e9-be76-498b-a30c-b71958547725.jpg,TF家族爱你们哦⊙∀⊙！
698696.0,1499149359.0,0,1,0,0,http://p.upcdn.pengpengla.com/star/p/u/2017/7/4/599d73ed-129a-4ebb-a1c7-4b8e4be33f7e.jpg,朴灿烈
698697.0,1499149392.0,0,1,0,0,http://p.upcdn.pengpengla.com/star/p/u/2017/7/4/cab88d91-b502-4deb-a0be-daa0026b279b.jpg,啊啊啊啊啊灿烈宝宝哪都好看
698745.0,1503072533.0,0,0,0,0,http://p.upcdn.pengpengla.com/star/p/u/2017/8/19/860afc73-1698-4f61-b0ed-4790b47e6101.jpg,我爱豆哪里都好看
698765.0,1503144359.0,0,1,0,0,http://p.upcdn.pengpengla.com/star/p/u/2017/8/19/ba742ee0-0780-467d-b899-7a5617012ea8.jpg,根本没有部位之说！他全身上下我都爱！
698795.0,1503120490.0,0,5,0,0,http://p.upcdn.pengpengla.com/star/p/u/2017/8/19/877ff9b6-d778-4770-b0ab-f19bea7aae65.jpg,人美心善的小姐姐，谁见了都爱的一塌糊涂，只是你们不够了解她
698807.0,1503072915.0,0,1,0,0,http://p.upcdn.pengpengla.com/star/p/u/2017/8/19/e500e416-eeaa-4bd6-9814-abcd10579559.jpg,❤️❤️❤️❤️❤️❤️❤️
698819.0,1503154038.0,0,1,0,0,http://p.upcdn.pengpengla.com/star/p/u/2017/8/19/21a2de9d-9073-4edf-9b68-41249fa70e8b.gif,我爱豆那都好看❤
698981.0,1503107352.0,0,0,0,0,http://p.upcdn.pengpengla.com/star/p/u/2017/8/19/50c321b8-a53c-47c4-b0c8-1bfab3389f3c.jpg,长安最明亮的少年
699012.0,1503194876.0,0,4,0,0,http://p.upcdn.pengpengla.com/star/p/u/2017/8/20/1256d495-d21c-4a01-b4dd-df65eae31b9f.jpg,啊啊啊当然是阿鹿啊
699038.0,1503130504.0,0,0,0,0,http://p.upcdn.pengpengla.com/star/p/u/2017/8/19/244148ac-36a6-4b8d-9052-8eb3f5fe7fc1.jpg,我能说什么，我的爱豆哪里都好看。
699098.0,1503070058.0,0,6,0,0,http://p.upcdn.pengpengla.com/star/p/u/2017/8/18/e9c3a878-8baf-4897-97c5-4557d398b88f.jpg,我家白bra怎么都好看
699109.0,1505232762.0,0,0,0,0,http://p.upcdn.pengpengla.com/star/p/u/2017/9/13/ed9404df-288e-4c11-bd15-25a6a7883537.jpg,哪里都好看
699173.0,1503468886.0,0,2,0,0,http://p.upcdn.pengpengla.com/star/p/u/2017/8/23/f6accdec-ca42-44f9-92f9-af98e9e466ec.jpg,怎么看都帅！
699179.0,1503109877.0,0,1,0,0,http://p.upcdn.pengpengla.com/star/p/u/2017/8/19/fff34e08-8ed1-4389-b21b-e2ada47b4548.jpg,不要污，要幽婭。
699181.0,1503110760.0,0,1,0,0,http://p.upcdn.pengpengla.com/star/p/u/2017/8/19/f72e1926-9736-4831-a929-aa588cbf31ce.jpg,郭采潔太美了，有靈氣！
699189.0,1503141834.0,0,4,0,0,http://p.upcdn.pengpengla.com/star/p/u/2017/8/19/a3de93aa-9b23-49de-8039-5b9cf63785a1.jpg,我熊哪哪都好看
699213.0,1502331892.0,0,0,0,0,http://p.upcdn.pengpengla.com/star/p/u/2017/8/10/ad5e9bc8-fe3b-4db7-ac51-169bf82d04e4.png,最甜的猫嘴👏
699228.0,1503397727.0,0,0,0,0,http://p.upcdn.pengpengla.com/star/p/u/2017/8/22/ef2e066c-4f18-4052-836c-e91a2076c429.jpg,我王凯哥手
699232.0,1505223191.0,0,0,0,0,http://p.upcdn.pengpengla.com/star/p/u/2017/9/12/377ec1a0-c823-44ed-9a58-0dbdc8034748.jpg,当然是脸，张铭恩！！！
699250.0,1503184312.0,0,0,0,0,http://p.upcdn.pengpengla.com/star/p/u/2017/8/20/ad44da96-0037-4fa1-b6c6-628d32c405c9.jpg,侯明昊小哥哥的笑容
699285.0,1503071195.0,0,0,0,0,http://p.upcdn.pengpengla.com/star/p/u/2017/8/18/d02d67c2-a960-4bd2-8f06-d7419129e310.jpg,彭彭哪哪都好看
699320.0,1503124311.0,0,0,0,0,http://p.upcdn.pengpengla.com/star/p/u/2017/8/19/81e68498-605a-4a21-9bb5-4e7656d15abb.jpg,熊老师两米长的大长腿❤
699325.0,1503130929.0,0,2,0,0,http://p.upcdn.pengpengla.com/star/p/u/2017/8/19/063af240-907d-4db4-af15-3d35dcb2e8b7.jpg,熊宝宝哪里都好看💚💚💚💚💚
699370.0,1502267852.0,0,2,0,0,http://p.upcdn.pengpengla.com/star/p/u/2017/8/9/7e6e09fd-2a0f-4df8-b546-a9dce9845ab6.jpg,任何地方
699373.0,1503335079.0,0,5,0,0,http://p.upcdn.pengpengla.com/star/p/u/2017/8/22/2f4bfcac-931f-460d-be1e-252a55cbab38.jpg,都超好看，超喜欢
699374.0,1503744039.0,0,4,0,0,http://p.upcdn.pengpengla.com/star/p/u/2017/8/26/7b25d64a-59c2-497a-8827-4d1e4d5d4dc8.jpg,老邢怎么看都帅啊
699417.0,1505222508.0,0,2,0,0,http://p.upcdn.pengpengla.com/star/p/u/2017/9/12/5235ac0f-c4a5-4d61-80bc-76e618bce787.jpg,我鹿
699440.0,1501328141.0,0,0,0,0,http://p.upcdn.pengpengla.com/star/p/u/2017/7/29/96f9d252-91d1-4874-b5f4-be8c67ce5753.jpg,嘉伦的花瓣嘴
699493.0,1505216153.0,0,4,0,0,http://p.upcdn.pengpengla.com/star/p/u/2017/9/12/8a939dc1-2db4-4c3b-ad3b-7df8ece52b9b.jpg,我的脑公和男朋友们最帅了
699511.0,1501567964.0,0,2,0,0,http://p.upcdn.pengpengla.com/star/p/u/2017/8/1/11b8e33f-bca2-41c7-a959-d3460a893664.jpg,全部都好看我的嘎😊😊😊
699527.0,1503144411.0,0,2,0,0,http://p.upcdn.pengpengla.com/star/p/u/2017/8/19/8c775809-2e01-47b3-bd34-afb6e532d16a.jpg,大大每一个部分都好看啊啊啊
699539.0,1503239885.0,0,1,0,0,http://p.upcdn.pengpengla.com/star/p/u/2017/8/20/de6fb294-d1dd-411c-8538-d1882e7350ed.jpg,服吗
699562.0,1503200684.0,0,1,0,0,http://p.upcdn.pengpengla.com/star/p/u/2017/8/20/bac55b18-99db-40ea-b120-0fc92cd485c7.jpg,林更新的手😘
699566.0,1503200901.0,0,2,0,0,http://p.upcdn.pengpengla.com/star/p/u/2017/8/20/83e2f8fd-dff8-4a06-af2c-4db20ac82e2b.png,我新新的小手手
699593.0,1503188434.0,0,4,0,0,http://p.upcdn.pengpengla.com/star/p/u/2017/8/20/9259148f-7d6a-44be-8c54-d96bb29d7efc.jpg,最好。
699611.0,1501815994.0,0,0,0,0,http://p.upcdn.pengpengla.com/star/p/u/2017/8/4/981dea1b-4a2c-40d8-8ec9-068d175510b8.jpg,手和眼睛都好看，其实饱饱哪里都好看😁
699636.0,1503561200.0,0,0,0,0,http://p.upcdn.pengpengla.com/star/p/u/2017/8/24/1d0253ee-2c5d-4788-bb2a-f3309a2f14f9.jpg,表白郭子凡长睫毛不安分的小舌头和盛世美颜💓💓💓
699669.0,1501942451.0,0,1,0,0,http://p.upcdn.pengpengla.com/star/p/u/2017/8/5/5cefb628-3c27-42e7-a6b0-72acd91cec46.jpg,眼睛，星星眼❤❤❤
699695.0,1503112018.0,0,1,0,0,http://p.upcdn.pengpengla.com/star/p/u/2017/8/19/f1401255-9791-4a23-bee5-e17368b977cd.jpg,我川从头帅到脚，大长腿
699715.0,1503117547.0,0,0,0,0,http://p.upcdn.pengpengla.com/star/p/u/2017/8/19/918c1be3-73fa-4eb0-906b-6edf77d13127.jpg,哪哪都好看
699735.0,1503490670.0,0,2,0,0,http://p.upcdn.pengpengla.com/star/p/u/2017/8/23/9a9cc53e-980f-4a00-ad3d-37d43cf58d4a.jpg,烊烊er哪里都好看
699824.0,1503106205.0,0,4,0,0,http://p.upcdn.pengpengla.com/star/p/u/2017/8/19/444b8f17-2b5d-4d99-8ea1-933084f3499e.jpg,那个为了廖俊涛会哭的人n那个被雪藏十年的薛之谦n我们最爱的薛之谦♡.n他努力了这么多年n只为了他的音乐n永远快乐薛之谦n我心终有谦谦结
699845.0,1503112257.0,0,6,0,0,http://p.upcdn.pengpengla.com/star/p/u/2017/8/19/b8551582-5f8d-4fd7-ad3b-a269116868cf.jpg,眼睛！鼻子！嘴巴！眉毛！每一个毛孔都好看！邢大大超帅的😍
699862.0,1503139868.0,0,0,0,0,http://p.upcdn.pengpengla.com/star/p/u/2017/8/19/5c386898-242f-4a99-aa80-0a914d7904b1.jpg,凯凯的眼睛！
699906.0,1503202493.0,0,2,0,0,http://p.upcdn.pengpengla.com/star/p/u/2017/8/20/69d1ac71-1f2f-496b-b232-f0b386b60793.jpg,我的偶像
699939.0,1503218699.0,0,1,0,0,http://p.upcdn.pengpengla.com/star/p/u/2017/8/20/6913201a-04b1-4945-9d6a-26412949f301.jpg,手特别好看，汗毛特别好看，哪里都好看，因为是我喜欢的!
699952.0,1505173417.0,0,1,0,0,http://p.upcdn.pengpengla.com/star/p/u/2017/9/12/816db48b-a41a-46a5-ba02-552251ccfbb6.jpg,没错，看我新哥无处安放的大长腿😍😍😍
699960.0,1503552048.0,0,5,0,0,http://p.upcdn.pengpengla.com/star/p/u/2017/8/24/7ada2c56-0ff8-4751-a9e7-066ffa75b6e4.jpg,身高啊眼睛啊鼻子啊嘴巴啊哪都好看啊
699970.0,1503163628.0,0,1,0,0,http://p.upcdn.pengpengla.com/star/p/u/2017/8/20/344408ff-595e-4c2f-b941-1417af00ea3e.jpg,这鼻子这嘴这眼睛这眉毛这脸这五官要多好看有多好看还有泪痣！！！
699983.0,1502637136.0,0,2,0,0,http://p.upcdn.pengpengla.com/star/p/u/2017/8/13/414861e3-320c-4ffd-87ba-2c6b469e623a.jpg,爱心
699986.0,1503126077.0,0,0,0,0,http://p.upcdn.pengpengla.com/star/p/u/2017/8/19/10afdf76-4d7d-45c8-af80-9fd153c2323e.jpg,我爱豆哪里都好看！😍😍😍
700029.0,1503161020.0,0,2,0,0,http://p.upcdn.pengpengla.com/star/p/u/2017/8/20/2d9a52ca-f466-4189-bbf1-106664c867e2.jpg,笑容 让我沉陷❤
700050.0,1503078297.0,0,3,0,0,http://p.upcdn.pengpengla.com/star/p/u/2017/8/19/35ecb8a2-22c9-4aeb-adea-3ee2971e267d.jpg,熊宝宝这么可爱，当然是哪里都好看啦😘#熊梓淇#
700086.0,1503148986.0,0,2,0,0,http://p.upcdn.pengpengla.com/star/p/u/2017/8/19/78e9e85c-31c0-4cba-ac8e-edf152210d3d.jpg,那都帅
700108.0,1503140594.0,0,3,0,0,http://p.upcdn.pengpengla.com/star/p/u/2017/8/19/6f9c8e6b-d121-4a88-81e2-2110ed6d7bf9.jpg,哪都好看
700141.0,1503283534.0,0,0,0,0,http://p.upcdn.pengpengla.com/star/p/u/2017/8/21/6440fbae-9e69-4990-9e22-8770a811fe45.jpg,TF家族新生-宋亚轩！完美！
700155.0,1503125623.0,0,0,0,0,http://p.upcdn.pengpengla.com/star/p/u/2017/8/19/7b9836df-fb8e-4b08-ac93-1f2ba53680ee.jpg,眼睛鼻子嘴巴手笑容身高性格
700192.0,1503212496.0,0,0,0,0,http://p.upcdn.pengpengla.com/star/p/u/2017/8/20/7de44d6d-8a04-4338-84aa-95ef96b10b9b.jpg,眼睛最好看
700201.0,1503071776.0,0,1,0,0,http://p.upcdn.pengpengla.com/star/p/u/2017/8/18/5ad56ac9-b05f-4879-a541-5bf4631ef5ea.jpg,完美的熊宝宝，来自于假酒少年的勾魂眼神💜💛💚💙
700206.0,1505179409.0,0,4,0,0,http://p.upcdn.pengpengla.com/star/p/u/2017/9/12/1b6ad3a4-5a0c-4c99-94cb-bb01aa777354.jpg,大佬的梨涡呀，手呀，腹肌呀，……哪哪都好看💗💗
700238.0,1502704496.0,0,0,0,0,http://p.upcdn.pengpengla.com/star/p/u/2017/8/14/07b42741-fdbf-4bb3-9367-4fe6fb527556.jpg,我家爱豆，哪儿都好看
700247.0,1503116735.0,0,0,0,0,http://p.upcdn.pengpengla.com/star/p/u/2017/8/19/f270fe7a-7d78-4480-9716-d555e219dab7.jpg,凡凡眼睛里有星星💝
700314.0,1503105530.0,0,0,0,0,http://p.upcdn.pengpengla.com/star/p/u/2017/8/19/f63a0538-6ccf-4047-abe6-41bd0047a3fe.jpg,相伴丽颖~如颖随行
700327.0,1503232330.0,0,3,0,0,http://p.upcdn.pengpengla.com/star/p/u/2017/8/20/092588fd-ed5c-4cef-878a-647aa0f14abb.jpg,哪儿都好看🌝
700378.0,1503217633.0,0,0,0,0,http://p.upcdn.pengpengla.com/star/p/u/2017/8/20/f4d72371-40a7-44e7-95db-77026d85f19c.jpg,哪里都好看
700395.0,1503070236.0,0,1,0,0,http://p.upcdn.pengpengla.com/star/p/u/2017/8/18/a2d00677-aeff-4d22-99d1-63d05b3929df.jpg,哪里都好看
700440.0,1503623340.0,0,2,0,0,http://p.upcdn.pengpengla.com/star/p/u/2017/8/25/de675eb2-23ad-4f82-bc55-b9ee1c09a346.jpg,哪哪都好看
700461.0,1503206618.0,0,2,0,0,http://p.upcdn.pengpengla.com/star/p/u/2017/8/20/a1de58f7-9da8-4f2e-99b4-ddc037d10dd0.jpg,我大佬哪哪都好看
700475.0,1503212353.0,0,2,0,0,http://p.upcdn.pengpengla.com/star/p/u/2017/8/20/441441fa-7352-41ce-a173-753c670d89f0.jpg,赵英博😘😘😘
700476.0,1505191936.0,0,1,0,0,http://p.upcdn.pengpengla.com/star/p/u/2017/9/12/6c118825-ad07-451e-bd75-e9fd4957d3ac.jpg,都超级好看的赵英博
700571.0,1503629252.0,0,0,0,0,http://p.upcdn.pengpengla.com/star/p/u/2017/8/25/1c459a56-b431-481f-b441-8343683025bc.gif,眼睛👀n谦谦的眼睛有星星
700617.0,1503120624.0,0,1,0,0,http://p.upcdn.pengpengla.com/star/p/u/2017/8/19/4cf583af-b687-4b2e-8337-bd9cda62b148.jpg,表白昭林小哥哥❤
700649.0,1503231580.0,0,4,0,0,http://p.upcdn.pengpengla.com/star/p/u/2017/8/20/a701bb44-a55f-40e6-8d96-c4abcfada47f.jpg,温婉如玉
700661.0,1503241001.0,0,0,0,0,http://p.upcdn.pengpengla.com/star/p/u/2017/8/20/3e8d5713-ef30-464d-8443-a6664cf71ab8.jpg,手控
700662.0,1503071246.0,0,4,0,0,http://p.upcdn.pengpengla.com/star/p/u/2017/8/18/eb0d7172-d635-45f6-a601-309978773b4a.jpg,是的如你所见，我爱豆哪里都好看。
700738.0,1503197025.0,0,2,0,0,http://p.upcdn.pengpengla.com/star/p/u/2017/8/20/20d6f39c-d827-4890-bda7-18427b511ca3.jpg,我宝有颜就是任性！
700747.0,1503197642.0,0,2,0,0,http://p.upcdn.pengpengla.com/star/p/u/2017/8/20/9af383fe-c750-4225-9189-218fa2596c27.png,卖萌技术哪家强，世界中国找我宝
700777.0,1503114192.0,0,11,0,0,http://p.upcdn.pengpengla.com/star/p/u/2017/8/19/ea0c73a7-b25e-4711-a65f-1d972ae3c317.jpg,wuli迪哪里都好看❤️
700789.0,1503275123.0,0,0,0,0,http://p.upcdn.pengpengla.com/star/p/u/2017/8/21/68bc84c0-9ba9-4023-82c9-6fb1b5372290.jpg,怎么样都帅
700795.0,1503124041.0,0,2,0,0,http://p.upcdn.pengpengla.com/star/p/u/2017/8/19/4754ec7f-f864-4840-b91e-52c0a32cfce5.jpg,眼，oh不，哪里都好看，超级好看，还有他的腹肌，还有锁骨，哈哈，千玺小小年纪就有腹肌，看来平时跳舞跳的很努力吧。对千玺笔芯❤️
700808.0,1503130095.0,0,2,0,0,http://p.upcdn.pengpengla.com/star/p/u/2017/8/19/1bb7de41-1d29-4826-bf2c-2c80f9268a40.jpg,玮柏当然是笑起来最可爱啦~❤❤
700823.0,1503200886.0,0,2,0,0,http://p.upcdn.pengpengla.com/star/p/u/2017/8/20/76ca639b-2e50-4d09-96e7-f0f4e992fb0a.jpg,帅大佬
700848.0,1503204456.0,0,1,0,0,http://p.upcdn.pengpengla.com/star/p/u/2017/8/20/f047279f-f653-4c93-a524-e104d38972a8.jpg,王昌昌表情包
700890.0,1503279571.0,0,2,0,0,http://p.upcdn.pengpengla.com/star/p/u/2017/8/21/70b29914-3b3c-421c-9076-41bf9c117470.jpg,霸气的热巴(°ㅂ° ╬)
700898.0,1503201398.0,0,9,0,0,http://p.upcdn.pengpengla.com/star/p/u/2017/8/20/f976e53d-4695-4a54-9031-e0272e7d92df.jpg,爱笑 眼睛 鼻子 手 大长腿
700922.0,1503214996.0,0,5,0,0,http://p.upcdn.pengpengla.com/star/p/u/2017/8/20/68c00782-6227-4876-a7e5-5406447c3d11.jpg,三百六十度，哪里都好看
700945.0,1503392627.0,0,0,0,0,http://p.upcdn.pengpengla.com/star/p/u/2017/8/22/09dabad8-82a7-4c08-96dc-6bb4df3dea5d.jpg,都好看啊！
700947.0,1503234327.0,0,0,0,0,http://p.upcdn.pengpengla.com/star/p/u/2017/8/20/204be90a-77f7-48e0-ba59-243e3f44c0ee.jpg,大哥的侧颜和每个小细节都好暖心好帅
701028.0,1503464561.0,0,3,0,0,http://p.upcdn.pengpengla.com/star/p/u/2017/8/23/8cda3013-b9b1-4c5c-ada8-f72723f1e0d2.jpg,泪痣啊啊啊啊啊啊啊啊啊啊啊啊wuli白白~
701093.0,1503654759.0,0,1,0,0,http://p.upcdn.pengpengla.com/star/p/u/2017/8/25/4cae85be-ff64-4570-a015-915b558f1276.jpg,都好看^_^只要是他熊梓淇就行了🐻🐻🐻
701110.0,1505276561.0,0,1,0,0,http://p.upcdn.pengpengla.com/star/p/u/2017/9/13/266e4386-fd22-4b38-83eb-3c7462b71bea.jpg,哪都好看
701129.0,1503552527.0,0,1,0,0,http://p.upcdn.pengpengla.com/star/p/u/2017/8/24/a0b6e56e-650e-449b-ae92-4c810f0ea1be.jpg,best of u😘
701164.0,1503652495.0,0,3,0,0,http://p.upcdn.pengpengla.com/star/p/u/2017/8/25/56c1928e-8918-44d2-ade5-948fc5ebf3ae.jpg,眉毛眼睛👀
701247.0,1505230105.0,0,1,0,0,http://p.upcdn.pengpengla.com/star/p/u/2017/9/12/71aead9d-9117-4cb3-9f82-78826ab68bf7.jpg,查杰的嘴
701249.0,1505143436.0,0,2,0,0,http://p.upcdn.pengpengla.com/star/p/u/2017/9/11/cb6ed8b3-b38c-4d25-8ced-794ac0a34573.jpg,王俊凯的大长腿。
701288.0,1505280401.0,0,1,0,0,http://p.upcdn.pengpengla.com/star/p/u/2017/9/13/fc669323-5c5b-4f18-b13c-d21dced6abf0.jpg,二爷的M唇
701309.0,1510664529.0,0,2,0,0,http://p.upcdn.pengpengla.com/star/p/u/2017/11/14/36f96a56-fc8d-4a0b-b0b7-6c5444763302.jpg,我万的大眼睛
701408.0,1505202379.0,0,0,0,0,http://p.upcdn.pengpengla.com/star/p/u/2017/9/12/5bc5b52f-f488-49d7-8012-b7fed5f5e49d.jpg,我巡哪都好看，柔柔的脸，霸气的臂
701419.0,1505203562.0,0,2,0,0,http://p.upcdn.pengpengla.com/star/p/u/2017/9/12/e06a9924-0277-41be-a592-f166f4a66032.jpg,魏巡巡宝宝
701445.0,1505196475.0,0,0,0,0,http://p.upcdn.pengpengla.com/star/p/u/2017/9/12/d1301114-d0c8-4987-8457-0082e6b28d0a.png,爱豆那里都好看
701447.0,1505212592.0,0,2,0,0,http://p.upcdn.pengpengla.com/star/p/u/2017/9/12/a58bbc14-5e6d-41ad-acc1-5657e0c79b0d.jpg,熊宝宝当然是哪里都好看啦！！！！~(≧▽≦)/~~(≧▽≦)/~
701470.0,1505144530.0,0,3,0,0,http://p.upcdn.pengpengla.com/star/p/u/2017/9/11/eefcec78-b5c7-445e-9ca2-9fa01b76b437.jpg,哪里都好看！
701474.0,1505216120.0,0,2,0,0,http://p.upcdn.pengpengla.com/star/p/u/2017/9/12/99ca71d9-2312-45f8-b2a9-62ce9d3e87ec.jpg,把自己打包成礼物送给你们 宠粉狂魔 你这样爱我们不让我们知道你的委屈 可我们都知道啊傻瓜 幸好现在的你再也不用委屈自己了 开开心心做回原来的你 孟子坤你说你做艺人到三十岁 那从现在开始我陪你十三年 我们中间说好的
701493.0,1505212440.0,0,2,0,0,http://p.upcdn.pengpengla.com/star/p/u/2017/9/12/52bbbf1d-99cf-4ad4-9dcb-35ca4d70e912.jpg,一家三口和杰哥最帅啦，真的是哪里都好看😘
701494.0,1505220796.0,0,1,0,0,http://p.upcdn.pengpengla.com/star/p/u/2017/9/12/e1d1b24e-080b-462b-80a3-88d72a3e68e8.jpg,还是我杰最帅
701499.0,1505182955.0,0,4,0,0,http://p.upcdn.pengpengla.com/star/p/u/2017/9/12/35903879-18a9-4576-930b-3272b6e69cd4.jpg,哪里都好看，可爱到想把他藏进自己怀里
701516.0,1505150910.0,0,1,0,0,http://p.upcdn.pengpengla.com/star/p/u/2017/9/12/e5b77ca4-60f0-4701-801d-d9c3dcb140d9.jpg,侧脸迷死人
701532.0,1505190166.0,0,2,0,0,http://p.upcdn.pengpengla.com/star/p/u/2017/9/12/84f242e7-bbf0-4d09-8323-b56db0ecab7e.jpg,从头到脚哪里都帅  我的男孩Tizzy T
701560.0,1509504790.0,0,1,0,0,http://p.upcdn.pengpengla.com/star/p/u/2017/11/1/8fd677a2-eca0-4d07-a444-94d094f98ef0.jpg,有星星的眼睛
701636.0,1510917509.0,0,0,0,0,http://p.upcdn.pengpengla.com/star/p/u/2017/11/17/363c6632-eb16-49b8-ad39-eeb609dcc4b3.jpg,哪里都好看
701685.0,1508776042.0,0,0,0,0,http://p.upcdn.pengpengla.com/star/p/u/2017/10/24/0be2c7ad-29e0-47d6-9ffc-68c1a0d06c20.jpg,我们的鲸鱼哪都好看
701689.0,1508656838.0,0,0,0,0,http://p.upcdn.pengpengla.com/star/p/u/2017/10/22/4bd46ead-077f-4a8d-ba9e-28408ff933da.jpg,眼睛鼻子，腿啊💙💙💙
701837.0,1511523950.0,0,0,0,0,http://p.upcdn.pengpengla.com/star/p/u/2017/11/24/5dd09c0c-ec88-4a7d-bdd3-0dee402d1b06.jpg,没毛病，哪里都好看。
701839.0,1511533786.0,0,2,0,0,http://p.upcdn.pengpengla.com/star/p/u/2017/11/24/b1ee6293-7210-45b1-bc25-554fd71d727c.jpg,哪里都好看
701875.0,1512798358.0,0,2,0,0,https://p.upcdn.pengpengla.com/star/p/u/2017/12/9/80d8d6d5-5365-4a0f-86e8-82a33900db62.png,谦谦玉手呐❤
701955.0,1514134655.0,0,1,0,0,https://p.upcdn.pengpengla.com/star/p/u/2017/12/25/60498651-31e5-4dd6-bf58-9a469a4f74ac.jpg,特别喜欢你，很久很久了，想想真的是与众不同
701974.0,1515308610.0,0,7,0,0,https://p.upcdn.pengpengla.com/star/p/u/2018/1/7/550ddfa1-3a79-4082-a969-bd049f111dde.jpg,我千哪里都好看
701984.0,1515592038.0,0,2,0,0,https://p.upcdn.pengpengla.com/star/p/u/2018/1/10/9f320d0f-f4a0-4879-acd4-13278a61a620.jpg,马伯骞小朋友的香肩
702010.0,1516066580.0,0,6,0,0,https://p.upcdn.pengpengla.com/star/p/u/2018/1/16/090053c7-d15d-4df9-8318-0b9f1dff8b1a.jpg,从开始到未来只为王俊凯！
702080.0,1496290721.0,0,3,0,0,http://p.upcdn.pengpengla.com/star/p/u/2017/6/1/41c7600e-325b-4e7b-96ba-493be21284fc.png,期待湖南卫视6.11夏至未至！郑爽颜值暴击！
702091.0,1496291157.0,0,2,0,0,http://p.upcdn.pengpengla.com/star/p/u/2017/6/1/feab3f9f-8a14-4b61-9028-65b00b3e7596.png,😜😜😜😜☺☺
702150.0,1496296832.0,0,1,0,0,http://p.upcdn.pengpengla.com/star/p/u/2017/6/1/7f601960-7364-45ef-88d2-a0f7db8af98b.png,易安音乐社展逸文😘
702234.0,1496377848.0,0,0,0,0,http://p.upcdn.pengpengla.com/star/p/u/2017/6/2/69ad810e-715b-4b74-bbe5-1afafe710dd5.jpg, #晏紫东# [酷] #晏紫东梁山伯与祝英台# [酷]最愛晏紫東@晏紫东 好喜歡晏紫東，願你被世界溫柔以待#喵星人和熊孩子[音乐]# [酷] #晏紫东梁山伯#  [酷] #演员晏紫东#  [酷] #歌手晏紫东# [酷] 
702239.0,1496378702.0,0,9,0,0,http://p.upcdn.pengpengla.com/star/p/u/2017/6/2/84b368fb-9dd8-43dc-8c92-9e0f6284b38d.png,最美好的青春记忆🎈
702265.0,1496397212.0,0,6,0,0,http://p.upcdn.pengpengla.com/star/p/u/2017/6/2/443982f1-fe05-4c78-981a-da75e6f35923.png,许魏洲
702338.0,1496480690.0,0,8,0,0,http://p.upcdn.pengpengla.com/star/p/u/2017/6/3/a4c3f33a-8d3b-400b-b020-30cd268d437d.png,我家大佬
702396.0,1496570890.0,0,0,0,0,http://p.upcdn.pengpengla.com/star/p/u/2017/6/4/2bf05a3e-e0c7-4ac7-aa9c-a9e94e5e7155.jpg,陈瑶 北京电影学院13级 17届表演系本科班毕业
702436.0,1496630891.0,0,6,0,0,http://p.upcdn.pengpengla.com/star/p/u/2017/6/5/5aa19aaf-a5e9-4724-9e01-2d71862b2eac.jpg,国民弟弟我家昊然
702463.0,1496657888.0,0,0,0,0,http://p.upcdn.pengpengla.com/star/p/u/2017/6/5/e730512c-7151-4eef-8f8d-b3cf7737ce1d.png,糖糖
702536.0,1496787182.0,0,5,0,0,http://p.upcdn.pengpengla.com/star/p/u/2017/6/7/049d3a98-57af-465f-b9fc-8340bf9ceb54.png,大佬💕
702617.0,1496939252.0,0,4,0,0,http://p.upcdn.pengpengla.com/star/p/u/2017/6/9/397c7215-3b76-4060-9082-f5b5aea96e45.jpg,最好的陈学冬
702669.0,1497164947.0,0,1,0,0,http://p.upcdn.pengpengla.com/star/p/u/2017/6/11/23f3f067-610d-41db-bc36-7f66c81d2b39.jpg, #晏紫东# [酷] #晏紫东梁山伯与祝英台#  最愛晏紫東@晏紫东 好喜歡晏紫東，願你被世界溫柔以待[酷] #喵星人和熊孩子[音乐]# [酷] #晏紫东梁山伯#  [酷] #演员晏紫东#  [酷] #歌手晏紫东# [酷]
702676.0,1497281005.0,0,5,0,0,http://p.upcdn.pengpengla.com/star/p/u/2017/6/12/73d19ff9-1ea6-4cca-82e5-fb1720eddc8d.jpg,暖心的虎牙小弟弟❤️
702679.0,1497281415.0,0,5,0,0,http://p.upcdn.pengpengla.com/star/p/u/2017/6/12/5dbb2fe0-7f63-44d6-9fcc-f419fc5731a5.jpg,我的弟弟们啊（竟然几个人都是弟弟，好看的校服趴，重庆八中的是真的超好看，韩国里面翰林艺高和首尔艺高的都挺好看的）
702724.0,1500252396.0,0,0,0,0,http://p.upcdn.pengpengla.com/star/p/u/2017/7/17/4fbe01ca-8cee-41a8-9b61-a2dbff939104.jpg,  #晏紫东# [愛你] #晏紫東天下無詐# 。 #晏紫东梁山伯与祝英台# 。@晏紫东 好喜歡晏紫東，願你被世界溫柔以待  #喵星人和熊孩子[音乐]# 。 #晏紫东梁山伯# 。#演员晏紫东# 。 #歌手晏紫东# 。 #晏紫东大话西游之爱你一万年# 。 #晏紫东独步天下# 。@梁山伯与祝英台影视剧 。@愉此一生电视剧 
702732.0,1500773536.0,0,2,0,0,http://p.upcdn.pengpengla.com/star/p/u/2017/7/23/09dcb141-0ad3-4092-b789-c35e82e1f618.jpg,这是拍戏的时候，然后寸头那张是洲洲以前的时候。
702745.0,1501780004.0,0,1,0,0,http://p.upcdn.pengpengla.com/star/p/u/2017/8/4/2bae6534-e847-464a-a303-ab5640bc39d3.jpg,段宜恩
702800.0,1503102278.0,0,5,0,0,http://p.upcdn.pengpengla.com/star/p/u/2017/8/19/7749add8-bafd-4cdb-a264-d0e56aaefb4c.jpg,(｡･ˇ_ˇ･｡)
702891.0,1512395414.0,0,9,0,0,http://p.upcdn.pengpengla.com/star/p/u/2017/12/4/11c73abf-9778-4f3b-8fbf-de60ff4517e1.jpg,烊🍃
702896.0,1512742151.0,0,6,0,0,https://p.upcdn.pengpengla.com/star/p/u/2017/12/8/ac38f77a-1973-4eb2-a18f-d4798a9ab0af.jpg,再见，江辰。n你好，胡一天。
702901.0,1512974320.0,0,4,0,0,https://p.upcdn.pengpengla.com/star/p/u/2017/12/11/d6779ad9-764b-41f6-bb99-99e3f94f2238.jpg,爱豆的学生时代
703013.0,1496978789.0,0,12,0,0,http://p.upcdn.pengpengla.com/star/p/u/2017/6/9/3f346aa8-d944-4470-aa9f-639218ca8cc3.png,喜翻
703140.0,1496468630.0,0,14,0,0,http://p.upcdn.pengpengla.com/star/p/u/2017/6/3/d2ef6d5e-8861-499a-92b7-4cf630cdf16b.png,一个自带霸道总裁气场的马天宇！😘
703244.0,1495799367.0,0,0,0,0,http://p.upcdn.pengpengla.com/star/p/u/2017/5/26/a9c32f57-04ba-442c-9ecb-7d0a758a5dc0.png,陈翔
703251.0,1497103803.0,0,0,0,0,http://p.upcdn.pengpengla.com/star/p/u/2017/6/10/6fba89eb-fd95-4897-8c53-f9115c48c7ab.jpg,喜欢特别与众不同的你#朱雨辰#
703274.0,1497162589.0,0,0,0,0,http://p.upcdn.pengpengla.com/star/p/u/2017/6/11/7a38d45f-f26f-41c6-8e0a-f4a783fdbcac.jpg,我卿～
703324.0,1496880571.0,0,1,0,0,http://p.upcdn.pengpengla.com/star/p/u/2017/6/8/1283980f-9796-4caf-a729-8e9919dd6977.jpg,刘雨昕
703376.0,1495905730.0,0,8,0,0,http://p.upcdn.pengpengla.com/star/p/u/2017/5/28/54f0971a-ea42-45cf-a53d-79842588ba2a.jpg,❤️❤️
703386.0,1497194086.0,0,0,0,0,http://p.upcdn.pengpengla.com/star/p/u/2017/6/11/dd10010b-f2dd-4dbc-9c49-cf016a5487ee.jpg,磊哥
703458.0,1497451100.0,0,2,0,0,http://p.upcdn.pengpengla.com/star/p/u/2017/6/14/cfda77f0-317f-43bd-ba31-ae916ac111c2.jpg,你帅的闪闪发光！👄
703465.0,1497263341.0,0,0,0,0,http://p.upcdn.pengpengla.com/star/p/u/2017/6/12/3134c0aa-8d6b-4ae8-8160-40f3f2982082.jpg,最帅的S
703509.0,1495736825.0,0,1,0,0,http://p.upcdn.pengpengla.com/star/p/u/2017/5/26/8d76f487-3b62-429b-a344-ef88f8094c1b.png,王嘉尔－魅力四射
703561.0,1496793304.0,0,2,0,0,http://p.upcdn.pengpengla.com/star/p/u/2017/6/7/894b4e6a-2045-444b-9dd2-324f5f14c384.jpg,马天宇
703565.0,1496882412.0,0,4,0,0,http://p.upcdn.pengpengla.com/star/p/u/2017/6/8/88bcc9d1-0a5c-4b37-bca8-596db4fec520.jpg,马天宇
703567.0,1496388840.0,0,3,0,0,http://p.upcdn.pengpengla.com/star/p/u/2017/6/2/aa05f128-e777-4a69-a95e-24e48782a3b3.png,焦俊艳小姐姐
703568.0,1496388903.0,0,3,0,0,http://p.upcdn.pengpengla.com/star/p/u/2017/6/2/f19ed219-cd5d-4186-b45e-dd4b40226238.png,焦俊艳小姐姐😘
703591.0,1495886161.0,0,5,0,0,http://p.upcdn.pengpengla.com/star/p/u/2017/5/27/9d5b85b4-bdab-4d4e-a376-5e36956f7fdd.png,哥哥最帅
703643.0,1495731781.0,0,1,0,0,http://p.upcdn.pengpengla.com/star/p/u/2017/5/26/8bc12b1b-553e-4fb8-9ec6-662becfb4a24.jpg,宫政
703665.0,1496237831.0,0,0,0,0,http://p.upcdn.pengpengla.com/star/p/u/2017/5/31/5205f62e-3935-47e7-bac8-6255faca618b.png,大美妞端午安康
703671.0,1495882813.0,0,1,0,0,http://p.upcdn.pengpengla.com/star/p/u/2017/5/27/d8abbc8f-8ba5-4d00-9c67-4c2a7b98047f.jpg,#晏紫东# [酷] #晏紫东梁山伯与祝英台#  最愛晏紫東@晏紫东 好喜歡晏紫東，願你被世界溫柔以待  #愉此一生（超级网剧《愉此一生》主题曲）[音乐]# [酷] #晏紫东梁山伯#  [酷] #演员晏紫东# [酷]  ​​ #晏紫东梁祝# [酷] #歌手晏紫东# [酷] ​​​
703682.0,1496112062.0,0,0,0,0,http://p.upcdn.pengpengla.com/star/p/u/2017/5/30/ee312a2b-a017-44e0-8e36-8114435e2624.jpg,#晏紫东# [酷] #晏紫东梁山伯与祝英台#  最愛晏紫東@晏紫东 好喜歡晏紫東，願你被世界溫柔以待  #愉此一生（超级网剧《愉此一生》主题曲）[音乐]# [酷] #晏紫东梁山伯#  [酷] #演员晏紫东# [酷]  ​​ #晏紫东梁祝# [酷] #歌手晏紫东# [酷] ​​​
703688.0,1496158774.0,0,1,0,0,http://p.upcdn.pengpengla.com/star/p/u/2017/5/30/e58c258d-76b6-4026-ab24-110b33702cea.jpg,#晏紫东# [酷] #晏紫东梁山伯与祝英台#  最愛晏紫東@晏紫东 好喜歡晏紫東，願你被世界溫柔以待  #愉此一生（超级网剧《愉此一生》主题曲）[音乐]# [酷] #晏紫东梁山伯#  [酷] #演员晏紫东# [酷]  ​​ #晏紫东梁祝# [酷] #歌手晏紫东# [酷] ​​​
703696.0,1496451481.0,0,0,0,0,http://p.upcdn.pengpengla.com/star/p/u/2017/6/3/676788ec-e4dc-47cb-adff-d153abeef772.jpg, #晏紫东# [酷] #晏紫东梁山伯与祝英台#  最愛晏紫東@晏紫东 好喜歡晏紫東，願你被世界溫柔以待#喵星人和熊孩子[音乐]# [酷] #晏紫东梁山伯#  [酷] #演员晏紫东#  [酷] #歌手晏紫东# [酷]
703707.0,1496717209.0,0,0,0,0,http://p.upcdn.pengpengla.com/star/p/u/2017/6/6/852afdf1-a63a-4c86-929c-5089548a607f.jpg,@晏紫东 我永远支持你！我们一起拿下 #明星势力榜#新星榜 第一名！  #晏紫东# [酷] #晏紫东梁山伯与祝英台#  最愛晏紫東，好喜歡晏紫東，願你被世界溫柔以待  #喵星人和熊孩子[音乐]#  [酷] #晏紫东梁山伯#  [酷] #演员晏紫东# [酷]  ​​ #晏紫东梁祝# [酷] #歌手晏紫东# [酷] #亚洲新歌榜# [酷]
703725.0,1496984690.0,0,1,0,0,http://p.upcdn.pengpengla.com/star/p/u/2017/6/9/505d0a6d-2990-4d83-8d3f-8684b07e81dd.jpg, #晏紫东# [酷] #晏紫东梁山伯与祝英台#  最愛晏紫東@晏紫东 好喜歡晏紫東，願你被世界溫柔以待[酷] #喵星人和熊孩子[音乐]# [酷] #晏紫东梁山伯#  [酷] #演员晏紫东#  [酷] #歌手晏紫东# [酷]
703758.0,1497433049.0,0,0,0,0,http://p.upcdn.pengpengla.com/star/p/u/2017/6/14/44b55aca-1f94-4819-baf2-2801e84d8a50.jpg, #晏紫东# [酷] #晏紫东梁山伯与祝英台# [酷]@晏紫东 好喜歡晏紫東，願你被世界溫柔以待[酷] #喵星人和熊孩子[音乐]# [酷] #晏紫东梁山伯#  [酷] #演员晏紫东#  [酷] #歌手晏紫东# [酷] #明星势力榜# [酷] #亚洲新歌榜# [酷] #高考中考勵志神曲#  #网易阴阳师手游#  #王者荣耀#  #DOTA2# 
703790.0,1499081704.0,0,0,0,0,http://p.upcdn.pengpengla.com/star/p/u/2017/7/3/8f685a8e-2bfd-4b44-b688-203fad90771f.jpg, #晏紫东# [耶] #晏紫东梁山伯与祝英台# [耶]@晏紫东 好喜歡晏紫東，願你被世界溫柔以待[耶] #喵星人和熊孩子[音乐]# [耶] #晏紫东梁山伯#  [耶] #演员晏紫东#  [耶] #歌手晏紫东# [耶] #晏紫东大话西游之爱你一万年#  #晏紫东独步天下#[耶] #梁山伯与祝英台# [耶] #大话西游之爱你一万年# [耶] #电视剧独步天下#  
703814.0,1501730783.0,0,0,0,0,http://p.upcdn.pengpengla.com/star/p/u/2017/8/3/a787bb25-978a-491f-9d83-72868045cbf9.jpg,  #晏紫东# [愛你] #晏紫东天下无诈# 。 #晏紫东梁山伯与祝英台# 。@晏紫东 好喜歡晏紫東，願你被世界溫柔以待  #喵星人和熊孩子[音乐]# 。 #晏紫东梁山伯# 。#演员晏紫东# 。 #歌手晏紫东# 。 #晏紫东大话西游之爱你一万年# 。 #晏紫东独步天下# 。 #电视剧天下无诈# 。@电视剧天下无诈 。@梁山伯与祝英台影视剧 。@愉此一生电视剧 。@电视剧天下无诈 。
703857.0,1496922835.0,0,1,0,0,http://p.upcdn.pengpengla.com/star/p/u/2017/6/8/da57f0da-de95-4b32-9e4b-67d88f08a24f.jpg,张铭恩张铭恩
703870.0,1496020849.0,0,1,0,0,http://p.upcdn.pengpengla.com/star/p/u/2017/5/29/a1ba6376-1223-439c-b91c-4c61db4d5731.jpg,#孟瑞##我只想一个人住在你心里#
703877.0,1496070224.0,0,0,0,0,http://p.upcdn.pengpengla.com/star/p/u/2017/5/29/246edf94-c110-4459-aa99-729bdd876c21.png,永远守护你
704126.0,1495759405.0,0,0,0,0,http://p.upcdn.pengpengla.com/star/p/u/2017/5/26/77df2836-b2ba-46c3-82dd-b29737601409.png,愿李出走半生，归来仍是少年😘
704134.0,1497196346.0,0,1,0,0,http://p.upcdn.pengpengla.com/star/p/u/2017/6/11/54c5009e-57bc-4c15-843f-7675ec45181e.jpg,我十年的偶像
704231.0,1495941933.0,0,3,0,0,http://p.upcdn.pengpengla.com/star/p/u/2017/5/28/ce6b6ebe-0f9e-488c-beab-3296925a6c3d.png,郭子凡呐
704235.0,1496446085.0,0,0,0,0,http://p.upcdn.pengpengla.com/star/p/u/2017/6/3/af113ae2-2792-4268-a96f-2733db888bdc.png,男神罗晋
704274.0,1496917414.0,0,2,0,0,http://p.upcdn.pengpengla.com/star/p/u/2017/6/8/187ca36d-fd47-4787-85ed-3a6b8daca4c5.jpg,高中生王俊凯，再见n毕业快乐
704372.0,1496732126.0,0,1,0,0,http://p.upcdn.pengpengla.com/star/p/u/2017/6/6/77f3bdaa-17b2-4fb7-bd93-7e5ecdcc0803.jpg,四连拍哈哈
704375.0,1497269381.0,0,3,0,0,http://p.upcdn.pengpengla.com/star/p/u/2017/6/12/1511e3bf-7e9b-428e-9c23-85613641980c.jpg,看我可爱吗哈哈@姚望lucas
704426.0,1495725701.0,0,0,0,0,http://p.upcdn.pengpengla.com/star/p/u/2017/5/25/f360aed0-e89d-4bfc-adbd-bb86a5802db1.jpg,令心空的王嘉尔
704435.0,1495811063.0,0,3,0,0,http://p.upcdn.pengpengla.com/star/p/u/2017/5/26/315e828b-3537-4401-a315-1fc3757acdd5.png,任嘉伦
704553.0,1495725464.0,0,3,0,0,http://p.upcdn.pengpengla.com/star/p/u/2017/5/25/c06e1c33-d024-4ecc-9612-104abc8610ea.png,我千好帅😍😍😍
704602.0,1495803224.0,0,3,0,0,http://p.upcdn.pengpengla.com/star/p/u/2017/5/26/b3f1b7e7-51be-4cea-a096-435137df275d.png,侧脸杀
704644.0,1495755886.0,0,0,0,0,http://p.upcdn.pengpengla.com/star/p/u/2017/5/26/41634fd6-f278-4b47-ab72-535a5f9d661b.png,吴昊泽
704771.0,1495725275.0,0,0,0,0,http://p.upcdn.pengpengla.com/star/p/u/2017/5/25/6faf9c84-56ca-448f-9686-e386390f3a96.jpg,吴承轩轩😍
704886.0,1496066563.0,0,1,0,0,http://p.upcdn.pengpengla.com/star/p/u/2017/5/29/5aefac1a-2755-4846-bae2-21678ef44657.png,眼镜兴
704896.0,1495902604.0,0,12,0,0,http://p.upcdn.pengpengla.com/star/p/u/2017/5/28/5c39b504-44e9-4b4c-8b63-43e59eef3a54.png,素颜的甜蜜蜜MV录制，帅！
705022.0,1496843700.0,0,0,0,0,http://p.upcdn.pengpengla.com/star/p/u/2017/6/7/53393937-54e5-495c-8633-7fbc8166c719.gif,EXO
705027.0,1497185216.0,0,0,0,0,http://p.upcdn.pengpengla.com/star/p/u/2017/6/11/77e76f03-5992-473a-aa6e-2334b0b79237.jpg,老张
705084.0,1495934592.0,0,0,0,0,http://p.upcdn.pengpengla.com/star/p/u/2017/5/28/c5ab0110-1c99-438d-bcc8-35cd054f417d.png,朱一龙
705136.0,1496540473.0,0,5,0,0,http://p.upcdn.pengpengla.com/star/p/u/2017/6/4/53eaa449-318e-401d-b8ce-0b790724cbdb.png,眼睛里有星星吖⭐️千玺子🔅
705181.0,1495726453.0,0,65,0,0,http://p.upcdn.pengpengla.com/star/p/u/2017/5/25/cf066f30-6d8c-4177-af87-6f2305c7e725.jpg,我们少爷！
705216.0,1496837727.0,0,3,0,0,http://p.upcdn.pengpengla.com/star/p/u/2017/6/7/eae0b77b-cb85-4f58-84b0-5dee19c88e4f.png,丽颖女神
705255.0,1497279779.0,0,3,0,0,http://p.upcdn.pengpengla.com/star/p/u/2017/6/12/186de197-a0a9-4221-a09e-f35475d83b5d.jpg,随随便便一张图都能感受到非凡的气质
705259.0,1495719446.0,0,1,0,0,http://p.upcdn.pengpengla.com/star/p/u/2017/5/25/f43bd89d-492f-4d18-b57d-8427f67b08f0.png,宋茜专属照片
705263.0,1496415109.0,0,1,0,0,http://p.upcdn.pengpengla.com/star/p/u/2017/6/2/d06e16b7-49ef-464a-89c4-ddb11c200028.png,Fashion icon
705359.0,1495748966.0,0,2,0,0,http://p.upcdn.pengpengla.com/star/p/u/2017/5/26/72a900d2-c61a-4327-821a-2229e52d19d0.png,热巴小姐姐
705411.0,1497139113.0,0,1,0,0,http://p.upcdn.pengpengla.com/star/p/u/2017/6/11/c95cf0e7-aae4-4ffa-9162-062078d89d6c.jpg,#吴承璟#不笑的时候像个霸道总裁。。。😑😑😑
705416.0,1497139636.0,0,1,0,0,http://p.upcdn.pengpengla.com/star/p/u/2017/6/11/19831304-635e-48f6-b1d3-fe01596bd9df.jpg,#吴承璟#我爱豆每一个毛孔都是完美的～～😑😑😑
705509.0,1496235649.0,0,1,0,0,http://p.upcdn.pengpengla.com/star/p/u/2017/5/31/5344b950-2d26-4519-a77f-4b2e359599aa.png,白敬亭
705528.0,1496236116.0,0,1,0,0,http://p.upcdn.pengpengla.com/star/p/u/2017/5/31/a707c011-335f-4f6d-82bf-3a0e65203bb4.png,热巴
705599.0,1496237600.0,0,2,0,0,http://p.upcdn.pengpengla.com/star/p/u/2017/5/31/6f795110-c511-4107-b868-9bce5d82e400.png,湿发鹿！
705667.0,1496233210.0,0,0,0,0,http://p.upcdn.pengpengla.com/star/p/u/2017/5/31/bfb9c194-5826-4811-83f0-657f56607f29.jpg,一枚鹿迪饭报道
705724.0,1496336771.0,0,0,0,0,http://p.upcdn.pengpengla.com/star/p/u/2017/6/2/0b6019da-5355-4876-952f-272fb0b88aed.png,mua，我192的大男神❤
705739.0,1496825726.0,0,3,0,0,http://p.upcdn.pengpengla.com/star/p/u/2017/6/7/ff064012-3370-44e1-be50-77565a254948.jpg,😘😘😘乖乖🦌鹿晗😁😁😁
705760.0,1496827975.0,0,5,0,0,http://p.upcdn.pengpengla.com/star/p/u/2017/6/7/10dbac31-882d-41d8-a579-fefaa4226f9b.jpg,鹿晗
705761.0,1496828060.0,0,3,0,0,http://p.upcdn.pengpengla.com/star/p/u/2017/6/7/150fc441-b125-4a01-b5b7-41349166848a.jpg,可爱 鹿 💕
705771.0,1496842320.0,0,3,0,0,http://p.upcdn.pengpengla.com/star/p/u/2017/6/7/a06bb18b-c518-42ff-ae31-e288531ce494.jpg,✊️🦌✊️
705782.0,1496848266.0,0,2,0,0,http://p.upcdn.pengpengla.com/star/p/u/2017/6/7/764164ea-cf78-4542-aa74-4cf514f0ca46.jpg,💗鹿晗——好好吃饭吧！💗🍚🥔🧀🥖🌮🍕🥙🍔🍖🍟🍅🥒🍞🍯🍉🥜🍑🌶🍅🥜🌽🥝🍰🍪😋
705806.0,1496859313.0,0,1,0,0,http://p.upcdn.pengpengla.com/star/p/u/2017/6/8/4f352365-1f2a-4513-a26b-4c70d905f88f.jpg,❤️💗❤️
705846.0,1497353019.0,0,3,0,0,http://p.upcdn.pengpengla.com/star/p/u/2017/6/13/804c4ceb-fe19-434c-9e16-8f65af57f485.jpg,乔欣❤️
705978.0,1496585118.0,0,7,0,0,http://p.upcdn.pengpengla.com/star/p/u/2017/6/4/7d607d5d-edfc-42ad-b734-c7de52f75b7e.png,吹泡泡小菇凉嘿嘿♡
706021.0,1496742197.0,0,1,0,0,http://p.upcdn.pengpengla.com/star/p/u/2017/6/6/f00d77bf-d4c8-4410-a766-b512a498099e.png,小白
706083.0,1497437619.0,0,1,0,0,http://p.upcdn.pengpengla.com/star/p/u/2017/6/14/1a85cee7-998d-465d-b607-4fcaf429c8f7.jpg,mark 段宜恩 可爱呀
706085.0,1497145460.0,0,2,0,0,http://p.upcdn.pengpengla.com/star/p/u/2017/6/11/62bc17bf-1cd9-4912-8d93-8323fcb1a66b.jpg,帅
706131.0,1497447615.0,0,2,0,0,http://p.upcdn.pengpengla.com/star/p/u/2017/6/14/a0253042-9469-47b7-9250-2654042c3dcf.jpg,你住进我心里，告诉我什么是想念
706156.0,1497444718.0,0,2,0,0,http://p.upcdn.pengpengla.com/star/p/u/2017/6/14/54985482-7b93-49cb-8f77-0cc8d9d2e886.jpg,全世界最好的张艺兴❤️
706171.0,1497444692.0,0,1,0,0,http://p.upcdn.pengpengla.com/star/p/u/2017/6/14/4b91e769-7bab-441e-9226-298e5091e208.jpg,凡凡！
706221.0,1500708323.0,0,2,0,0,http://p.upcdn.pengpengla.com/star/p/u/2017/7/22/4f2eeb7a-c449-4737-8d0f-6cfe550e1265.jpg,甜豆薛💗
706240.0,1513308101.0,0,3,1,0,https://p.upcdn.pengpengla.com/star/p/u/2017/12/15/02851a12-a550-40c1-bd43-8708b66af941.jpg,我的爱豆
706270.0,1500978694.0,0,0,0,0,http://p.upcdn.pengpengla.com/star/p/u/2017/7/25/3b6152d5-ebd1-4471-9887-ad02750afbef.jpg,硬汉风采
706300.0,1507864596.0,0,1,0,0,http://p.upcdn.pengpengla.com/star/p/u/2017/10/13/57c32399-0ae6-47f4-9dc5-997b5ca1c346.jpg,白敬亭❤
706320.0,1501866210.0,0,8,0,0,http://p.upcdn.pengpengla.com/star/p/u/2017/8/5/02a17c14-6002-49bf-90d5-f04869742ef8.jpg,不管怎么看，就是很时尚，很帅，很棒😘
706355.0,1502077783.0,0,0,0,0,http://p.upcdn.pengpengla.com/star/p/u/2017/8/7/d7c4cc9d-1f2a-4823-b98a-ca5e5e52c157.jpg,我家cc的脚踝🙈
706381.0,1502385229.0,0,2,0,0,http://p.upcdn.pengpengla.com/star/p/u/2017/8/11/72080204-3fe7-4ef0-9962-d48b41732385.jpg, 
706467.0,1503996515.0,0,0,0,0,http://p.upcdn.pengpengla.com/star/p/u/2017/8/29/a1037b2f-b951-4940-9bb2-d8206c87a5a1.jpg,表白热巴😘😘
706485.0,1504259956.0,0,0,0,0,http://p.upcdn.pengpengla.com/star/p/u/2017/9/1/90c0bace-a13c-4fa5-808b-bfc7f4833b53.jpg,要时尚？帅？酷？萌？……(๑• . •๑)n简单，只要一个韩东君(⊙v⊙)就够了！！！！！！
706554.0,1509724009.0,0,2,0,0,http://p.upcdn.pengpengla.com/star/p/u/2017/11/3/07173d80-4622-4a2f-a8e9-a6f30efcdb05.jpg,大长腿孟子坤💜
706676.0,1511095516.0,0,0,0,0,http://p.upcdn.pengpengla.com/star/p/u/2017/11/19/fff25cbd-e219-4031-9297-0f6974b559d3.png,可以说是很硬了
706737.0,1514267792.0,0,0,0,0,https://p.upcdn.pengpengla.com/star/p/u/2017/12/26/02bcc37c-2c63-4e05-9a44-ffc692421b38.jpg,洋气的男神，高至霆呐，爱你(ɔˆ ³(ˆ⌣ˆc)么么哒
707037.0,1495205818.0,0,0,0,0,http://p.upcdn.pengpengla.com/star/p/u/2017/5/19/51214648-8714-444f-aa4b-80cc89cca793.png,就是这么帅
707089.0,1495218946.0,0,0,0,0,http://p.upcdn.pengpengla.com/star/p/u/2017/5/20/7f3852b5-e5a5-4a88-bc9d-0bbe3c98bbb0.gif,曾舜晞❤
707225.0,1495305651.0,0,0,0,0,http://p.upcdn.pengpengla.com/star/p/u/2017/5/21/5bb1d1b3-a813-4b99-92f0-75d7c846e680.png,王源
707373.0,1495419062.0,0,0,0,0,http://p.upcdn.pengpengla.com/star/p/u/2017/5/22/8f466e3e-f23a-4ecb-9657-519b04dbfc50.png,暖男的微笑
707417.0,1495457177.0,0,0,0,0,http://p.upcdn.pengpengla.com/star/p/u/2017/5/22/fccf8b91-0d06-419d-86fd-734ad347f197.png,辣眼睛
707483.0,1495568739.0,0,4,0,0,http://p.upcdn.pengpengla.com/star/p/u/2017/5/24/e56083f7-e9ca-4528-aa72-71397bc4c950.png,虎砸怎么那么可爱n图源微博
707583.0,1495770438.0,0,3,0,0,http://p.upcdn.pengpengla.com/star/p/u/2017/5/26/c7c477e3-81e0-47b8-9504-c953f7610d7e.png,许魏洲
707683.0,1495937379.0,0,0,0,0,http://p.upcdn.pengpengla.com/star/p/u/2017/5/28/9fff80fc-df30-45bc-83df-09e346408bd9.png,🌚🌝
707704.0,1495967311.0,0,1,0,0,http://p.upcdn.pengpengla.com/star/p/u/2017/5/28/90aa017f-9a3b-4db5-9619-b64d150500d2.png,哈哈，应景
707822.0,1496092703.0,0,4,0,0,http://p.upcdn.pengpengla.com/star/p/u/2017/5/30/71a2b7e5-0302-4449-8e88-ac10f283656e.png,就是干
707824.0,1496100313.0,0,0,0,0,http://p.upcdn.pengpengla.com/star/p/u/2017/5/30/dffe5a0f-f188-4cd4-b88f-a802fe8ee9e2.jpg,我们popo就是行走的表情包哈哈哈
707871.0,1496136935.0,0,2,0,0,http://p.upcdn.pengpengla.com/star/p/u/2017/5/30/dfef430e-dcd7-44c4-ab30-08d1a6a64281.gif,猴子哥哥
707877.0,1496152120.0,0,2,0,0,http://p.upcdn.pengpengla.com/star/p/u/2017/5/30/576eb3cf-abdc-475d-b03f-f0bfa626a1ae.png,呃……
707990.0,1498306943.0,0,4,0,0,http://p.upcdn.pengpengla.com/star/p/u/2017/6/24/dd486db5-86c9-4bb1-89bb-bc3874ee8f1d.jpg,我鹿哥啊啊啊啊啊啊
708055.0,1500252498.0,0,0,0,0,http://p.upcdn.pengpengla.com/star/p/u/2017/7/17/0276756c-3c3e-4c65-87ad-f08c62dc4447.jpg,  #晏紫东# [愛你] #晏紫東天下無詐# 。 #晏紫东梁山伯与祝英台# 。@晏紫东 好喜歡晏紫東，願你被世界溫柔以待  #喵星人和熊孩子[音乐]# 。 #晏紫东梁山伯# 。#演员晏紫东# 。 #歌手晏紫东# 。 #晏紫东大话西游之爱你一万年# 。 #晏紫东独步天下# 。@梁山伯与祝英台影视剧 。@愉此一生电视剧 
708089.0,1500771903.0,0,1,0,0,http://p.upcdn.pengpengla.com/star/p/u/2017/7/23/c52af9d1-b24d-4af6-8184-e32ae762c16e.jpg,嗯！说好的男神呢？那么多表情包怎么回事，啾啾你怎么了？老天爷还我那个可爱又帅气的洲洲吧！
708093.0,1500772134.0,0,0,0,0,http://p.upcdn.pengpengla.com/star/p/u/2017/7/23/c9b23c3b-15d3-4a7f-964d-16babfa87422.jpg,  #晏紫东# 。 #晏紫东天下无诈# 。 #晏紫东梁山伯与祝英台# 。@晏紫东 好喜歡晏紫東，願你被世界溫柔以待  #喵星人和熊孩子[音乐]# 。 #晏紫东梁山伯# 。#演员晏紫东# 。 #歌手晏紫东#  。 #晏紫东田禾# 。 #电视剧天下无诈# 。@电视剧天下无诈 。
708111.0,1500893413.0,0,0,0,0,http://p.upcdn.pengpengla.com/star/p/u/2017/7/24/b30b5d40-7212-4efa-926d-530214799c3d.jpg,  #晏紫东# 。 #晏紫东天下无诈# 。 #晏紫东梁山伯与祝英台# 。@晏紫东 好喜歡晏紫東，願你被世界溫柔以待  #喵星人和熊孩子[音乐]# 。 #晏紫东梁山伯# 。#演员晏紫东# 。 #歌手晏紫东# 。 #晏紫东大话西游之爱你一万年# 。 #晏紫东独步天下# 。@梁山伯与祝英台影视剧 。@愉此一生电视剧 。@电视剧天下无诈 
708147.0,1501779644.0,0,1,0,0,http://p.upcdn.pengpengla.com/star/p/u/2017/8/4/0b4de8df-2b69-46a8-8af1-5cf4377f13bc.gif,甜噶
708159.0,1501833527.0,0,2,0,0,http://p.upcdn.pengpengla.com/star/p/u/2017/8/4/ff266b83-f74b-4fb8-aacc-4818d28ae4d1.gif,万总
708176.0,1502002289.0,0,1,0,0,http://p.upcdn.pengpengla.com/star/p/u/2017/8/6/7945aea3-55f7-4b8c-9a84-bfe93a991c52.jpg,我服哈哈
708320.0,1503900282.0,0,2,0,0,http://p.upcdn.pengpengla.com/star/p/u/2017/8/28/46188267-a9d2-4a3f-ac8d-e333f50baf36.jpg, 
708332.0,1504427361.0,0,0,0,0,http://p.upcdn.pengpengla.com/star/p/u/2017/9/3/7e28e6e9-1bb8-4bc0-821f-c0502785ea41.jpg,薛之谦♥
708460.0,1509709725.0,0,1,0,0,http://p.upcdn.pengpengla.com/star/p/u/2017/11/3/94afc559-632a-425c-89bb-a8c9e5cbf1bf.jpg,我会告诉你我手机里有超过三千张我爱豆的表情包吗😏
708481.0,1509856588.0,0,3,0,0,http://p.upcdn.pengpengla.com/star/p/u/2017/11/5/234efdda-2d0a-4da1-9f0f-581766ca47fd.gif,嘿嘿嘿❤
708482.0,1509858814.0,0,3,0,0,http://p.upcdn.pengpengla.com/star/p/u/2017/11/5/5ea97cb7-23fc-446f-b9cb-ec0a372c423d.jpg,表情包是伐，多的嘞～
708497.0,1509893904.0,0,0,0,0,http://p.upcdn.pengpengla.com/star/p/u/2017/11/5/6d5736ca-7914-4961-bd85-e71457937805.jpg,海铃为你点赞😎😎😎
708533.0,1510243524.0,0,0,0,0,http://p.upcdn.pengpengla.com/star/p/u/2017/11/10/aaf1a431-bd4f-4cf4-ab3a-c01db3b7d58f.jpg,随手一个
708580.0,1510549294.0,0,1,0,0,http://p.upcdn.pengpengla.com/star/p/u/2017/11/13/6f5a4fde-cab9-414b-b527-5cb3e9833c21.jpg,哈哈哈哈哈
708628.0,1511033149.0,0,2,3,2,http://p.upcdn.pengpengla.com/star/p/u/2017/11/19/59ae978d-a4ce-4bc3-a22d-bfb75bb2a51d.jpg,可爱的峰峰徐天大律师
708640.0,1511105410.0,0,6,0,0,http://p.upcdn.pengpengla.com/star/p/u/2017/11/19/77760e55-ade4-4039-b09f-275cb2ac9de7.jpg,超级喜欢我七的这个表情包哈哈哈哈哈哈哈哈哈
708692.0,1511963006.0,0,7,0,0,http://p.upcdn.pengpengla.com/star/p/u/2017/11/29/0c877c1d-5764-4ddb-a1cc-f07735dfc2da.jpg,哈哈哈
708709.0,1512471962.0,0,10,0,0,http://p.upcdn.pengpengla.com/star/p/u/2017/12/5/8a3a7538-e3f6-42d0-8873-9f1b2e064778.jpg,不用说了，我应该就是个黑粉
708749.0,1513440945.0,0,0,1,0,https://p.upcdn.pengpengla.com/star/p/u/2017/12/17/f211e31e-e2dc-4f33-8d6b-fae147b5eeab.jpg,皱眉
708831.0,1515863312.0,0,1,1,0,https://p.upcdn.pengpengla.com/star/p/u/2018/1/14/f4bc4b43-cd9c-44b8-b48f-23ebed5f12b9.jpg,心动
708848.0,1494737374.0,0,4,0,0,http://p.upcdn.pengpengla.com/star/p/u/2017/5/14/ac14f0f4-0c9b-4610-b957-37ab35d3c082.png,爱你😍
708861.0,1494769294.0,0,3,0,0,http://p.upcdn.pengpengla.com/star/p/u/2017/5/14/ed475124-eadd-491c-a3b5-a1bbd41b247b.png,喜欢你😘😘😘
708923.0,1494841517.0,0,18,0,0,http://p.upcdn.pengpengla.com/star/p/u/2017/5/15/b3b6d8e9-3748-48e6-a1d6-fd437f317d2c.png,帅啊啊啊啊啊啊啊啊！
708928.0,1494844079.0,0,6,0,0,http://p.upcdn.pengpengla.com/star/p/u/2017/5/15/683e9c48-56f8-41d0-bd0d-d1ae3b077b54.png,图源水印
709000.0,1494943634.0,0,1,0,0,http://p.upcdn.pengpengla.com/star/p/u/2017/5/16/ebdd27a7-2fb4-4862-8e98-0d4b39c38580.png,大哥都包的认不出来了😂
709047.0,1494950557.0,0,4,0,0,http://p.upcdn.pengpengla.com/star/p/u/2017/5/17/0174eec1-07f9-4fe0-a77d-2d0acaa83b4f.png,马天宇马天宇马天宇马天宇马天宇马天宇
709049.0,1494950597.0,0,133,0,0,http://p.upcdn.pengpengla.com/star/p/u/2017/5/17/aa89387d-ef15-4244-a43f-cf3b910547fd.jpg,孟瑞
709062.0,1494951901.0,0,108,0,0,http://p.upcdn.pengpengla.com/star/p/u/2017/5/17/fb28e473-579c-4edd-aaf5-5b6184923328.png,帅白
709084.0,1494979515.0,0,8,0,0,http://p.upcdn.pengpengla.com/star/p/u/2017/5/17/c5be65da-3769-4897-bc18-cb8ff8e6373d.png,机场帅气暖心男孩😘@魏大勋
709141.0,1494986892.0,0,5,0,0,http://p.upcdn.pengpengla.com/star/p/u/2017/5/17/8b7f064f-f5d1-4f05-98e1-222d6a43e0fa.jpg,伍嘉成~~
709153.0,1494987593.0,0,12,0,0,http://p.upcdn.pengpengla.com/star/p/u/2017/5/17/b30cb784-4fcb-4938-aad9-1ef936026b45.png,萌萌哒
709159.0,1494988297.0,0,5,0,0,http://p.upcdn.pengpengla.com/star/p/u/2017/5/17/a1301df8-7712-4fcd-bb69-591ea278f8bb.png,#嘉成兄弟# 谷嘉诚（左）伍嘉成（右）
709177.0,1494991822.0,0,3,0,0,http://p.upcdn.pengpengla.com/star/p/u/2017/5/17/cc98d7b8-ed4b-4d27-b652-cc742e397e4a.jpg,好可爱*^_^*
709191.0,1495005979.0,0,74,0,0,http://p.upcdn.pengpengla.com/star/p/u/2017/5/17/537ba541-07f0-4b40-9e50-9eed63073c95.png,超超帅的孟瑞孟蜀黍😘
709262.0,1495086238.0,0,49,0,0,http://p.upcdn.pengpengla.com/star/p/u/2017/5/18/1c25e30b-89e9-4805-8261-263d04d8accd.png,最帅的少爷
709263.0,1495086275.0,0,65,0,0,http://p.upcdn.pengpengla.com/star/p/u/2017/5/18/15528fb7-3e9e-46e1-8119-36c8d16f89dc.png,最爱的小白王博文生日快乐
709337.0,1495191279.0,0,15,0,0,http://p.upcdn.pengpengla.com/star/p/u/2017/5/19/8ab182ee-834b-4706-8569-7657f86b91f8.jpg,我的甜宇哥哥啊！
709350.0,1495198348.0,0,3,0,0,http://p.upcdn.pengpengla.com/star/p/u/2017/5/19/ccd04b78-9ffc-4a0e-a955-ce82e4bbcaac.jpg,这么帅的嘉伦哥哥🙈🙈
709360.0,1495206808.0,0,2,0,0,http://p.upcdn.pengpengla.com/star/p/u/2017/5/19/dbce75e1-fd1f-4756-951d-53277a36bd10.png,美彤❤❤❤
709372.0,1495208210.0,0,5,0,0,http://p.upcdn.pengpengla.com/star/p/u/2017/5/19/4ca798d5-4850-40a2-85ac-e5c349d768fa.jpg,茅子俊，帅帅的小哥哥❤️
709393.0,1495240945.0,0,19,0,0,http://p.upcdn.pengpengla.com/star/p/u/2017/5/20/408f45b2-4b15-47ad-9418-54d6c1d4ccbe.jpg,马天宇好帅
709442.0,1495275934.0,0,9,0,0,http://p.upcdn.pengpengla.com/star/p/u/2017/5/20/cab3c1d1-df0c-4e1f-b027-9ad41dc20ee0.png,洲洲你zen好看
709470.0,1495342276.0,0,13,0,0,http://p.upcdn.pengpengla.com/star/p/u/2017/5/21/80037e9e-3417-4ac9-b160-77e202a5e404.jpg,马天宇
709504.0,1495420706.0,0,0,0,0,http://p.upcdn.pengpengla.com/star/p/u/2017/5/22/302496a9-5aa2-4872-a73b-3f01a66f4421.png,业明哥哥这满屏都要溢出来的荷尔蒙😍
709532.0,1495505028.0,0,1,0,0,http://p.upcdn.pengpengla.com/star/p/u/2017/5/23/84ff633d-b716-4abc-902c-b65531d2dec2.jpg,  #晏紫东# [酷] #晏紫东梁山伯与祝英台#  白衣好襯你～最愛晏紫東@晏紫东 好喜歡晏紫東，願你被世界溫柔以待  #愉此一生（超级网剧《愉此一生》主题曲）[音乐]# [酷] #晏紫东梁山伯#  [酷] #演员晏紫东# [酷]  ​​ #晏紫东梁祝# [酷] #歌手晏紫东# [酷]
