10000236,蜀山护刀族--阿琦好爱舅舅,vivo-vivo X6L,android,"210783,54,4264",0,0,0,0,0,1511022945.0
10000376,超级星饭团,vivo-V1809A,android,"218960,187579,210958,219148,3116",1618,92,4,47,108,1553329476.0
10000437,污里闹闹_zxq_,Apple-iPhone X,ios,"743,41285,9,56390",0,0,1,0,0,1553442233.0
10002445,队宠家的段芸-Young,OPPO-OPPO R7,android,"37,74,305",0,0,0,0,0,1485177706.0
10003117,Dummmer💓,HUAWEI-INE-AL00,android,"86,113,27,176,138",0,7,1,0,0,1552990201.0
10003466,嘿嘿小卞说孙艺洲你不许动,OPPO-PAAM00,android,"179,1",2,1,0,0,0,1546420742.0
10012508,上等峰霜,Xiaomi-Redmi Note 4,android,"3,11",0,0,0,0,0,1488898775.0
10012825,的的有阳光有远方,Apple-iPhone 7 Plus,ios,"90,84",0,2,1,0,0,1553139814.0
10013590,世界虽美只因有你1,samsung-SM-N7508V,android,"101495,267",0,0,0,0,0,1500289254.0
10013636,菜鱼卷YU,Apple-iPhone 7 Plus,ios,2,0,0,0,0,0,1533319880.0
10015410,榴莲味的戚佳宝,OPPO-OPPO A53m,android,"2749,83,644",0,0,0,0,0,1497022845.0
10017047,奶东的乖琦仔,Apple-iPhone 6,ios,"99,862,2677,18639,1331",0,0,0,0,0,1542809373.0
10019928,517那束阳光,vivo-vivo Y66L,android,"1354,338,2348",0,0,0,0,0,1528781022.0
10031875,蜡笔BWJ-,samsung-SM-G9009D,android,827,0,0,0,0,0,1485419352.0
10032273,Happy_hoon,Apple-iPhone 8 Plus,ios,"180760,218774",0,0,0,0,0,1526374665.0
10032625,趁早的tumaDTX,Apple-iPhone X,ios,39925,0,0,0,0,0,1521354461.0
10032923,无所畏惧的doctor,Apple-iPhone 6,ios,"76,70510,131078",0,0,0,0,0,1483543240.0
10033736,可爱小喵喵keke,vivo-vivo X21i A,android,"2060,136505",0,0,0,0,0,1540089705.0
10036757,吃豆花的喵君,Apple-iPhone X,ios,"2060,218960,222172",0,0,0,0,0,1553393407.0
10040774,甜瓜瓜,Apple-iPhone 8,ios,268,0,0,0,0,0,1553406936.0
10042339,NANKING1992,vivo-vivo Xplay6,android,"3579,4170,4171,4264,84,380",0,5,0,0,0,1534142711.0
10042940,许愿林在哪里,Apple-iPhone 6S Plus,ios,61,0,5,0,0,0,1547533008.0
10043357,-jesl-,Apple-iPhone 7,ios,61,0,0,0,0,0,1500943577.0
10044437,蜜汁炖YOU鱼,vivo-vivo X6S A,android,"228049,44",0,0,0,0,0,1537025412.0
10045096,心情快乐出发,Apple-iPhone 6 Plus,ios,"348,2677,123,399",0,4,0,0,0,1544725057.0
10047238,我飞来了,Apple-iPhone 6 Plus,ios,"3,166",0,0,0,0,0,1500789915.0
10047452,十月Carol,OPPO-OPPO R11t,android,"44,3268,3556",0,0,0,0,0,1553252715.0
10052492,载载载载tt,OPPO-OPPO R7s,android,"26,30,48",0,0,0,0,0,1538301839.0
10058279,别抓娃娃了抓我吧,Apple-iPhone 8,ios,84,0,0,1,0,0,1540889433.0
10059607,_Owwwww,Apple-iPhone 8,ios,"84,380",0,0,0,0,0,1542859002.0
10060743,？207,Xiaomi-MI 4LTE,android,328,0,5,0,0,0,1550125965.0
10061410,Anstruther7,Apple-iPhone 7,ios,"4,24",0,0,0,0,0,1523188926.0
10061959,Linda_Star-_-,Apple-iPhone 7 Plus,ios,"5,138,539,218960,31137,380",0,0,0,0,0,1533611492.0
10062425,蹲在角落里的一朵蘑菇,HUAWEI-ALP-AL00,android,"122,70740,98792,70730",0,1,0,0,0,1548825776.0
10064293,栗子放,vivo-vivo Y51A,android,"1,6,5",0,0,0,0,0,1501094695.0
10064501,东隅已逝-桑榆,Apple-iPhone 8 Plus,ios,2060,1,41,14,1,0,1551233531.0
10064985,爱吃辣的人儿,HONOR-JMM-AL10,android,"84,380",0,3,0,0,0,1543161030.0
10068457,李丁丁_Jing,Apple-iPhone SE,ios,"10,89069",0,0,0,0,0,1514783022.0
10068539,钟情云淡风轻,Apple-iPhone 7 Plus,ios,"29,3097,4385",0,0,0,0,0,1513499470.0
10069011,昀桐_冷门体质没得救,Xiaomi-MI 8 SE,android,"22,1144,219148",0,0,0,0,0,1539677932.0
10071949,ruoyiv5,Letv-Letv X500,android,"2677,205,135381",0,0,0,0,0,1508638645.0
10072091,吴庚霖阿1,OPPO-OPPO R9s,android,43,0,0,0,0,0,1508496573.0
10074559,秦淮河玥,Apple-iPhone 6 Plus,ios,"29,3097,4385",0,0,0,0,0,1532391331.0
10076400,白牡丹家的风流鬼,vivo-vivo Xplay3S,android,3136,0,0,0,0,0,1531916505.0
10076405,千云南木,SMARTISAN-OD105,android,"90765,138,588,101666",0,28,4,2,0,1538470085.0
10077305,晟宸熙,Apple-iPhone X,ios,"58,5265,151188,208979",0,1,0,0,0,1536949754.0
10080294,等你九日,Apple-Unknown Device,ios,"26300,199641,1626,3,11,84",0,0,4,0,0,1552432422.0
10083646,给我个泡泡糖,samsung-SM-G9350,android,92,0,0,0,0,0,1548231890.0
10084461,happyXX618,Apple-iPhone 7 Plus,ios,126,0,0,0,0,0,1536388736.0
10088269,Cherry20111118,Apple-iPhone 6,ios,"554,39069",0,0,0,0,0,1553232096.0
10088838,0琢丫0,vivo-vivo X21UD A,android,"217341,138,2060,71",0,0,1,0,0,1551842706.0
10089971,Wuu金,Apple-iPhone 7,ios,"3,27,42",0,0,0,0,0,1502725085.0
10090752,有钱吃虾饺,HUAWEI-TRT-AL00,android,221729,0,0,0,0,0,1522333175.0
10090903,suyishow,Apple-iPhone 6S,ios,61,0,0,0,0,0,1493685450.0
10091879,Magic_思,Apple-iPhone 7,ios,"20,157,19",0,0,0,0,0,1542166251.0
10092356,琅琅1,Apple-iPad 5,ios,5,0,0,0,0,0,1550911578.0
10092816,米花WORLD,OnePlus-ONEPLUS A5010,android,"84,3559,380",0,0,0,0,0,1534454682.0
10093689,苏苏的L,Meizu-m1 metal,android,"15913,212561,184006,100638",0,0,1,0,0,1520153861.0
10094522,小闵七其,Honor-Che2-TL00M,android,"4,132284,4241",0,0,0,0,0,1494321214.0
10095110,苏SJY,Apple-iPhone 7,ios,"107,135425",0,0,0,0,0,1520766069.0
10096557,名字长也不好,OnePlus-ONEPLUS A5010,android,"214243,473",0,0,2,0,0,1529905939.0
10098199,甜粥粥,vivo-vivo Y51,android,491,0,0,0,0,0,1505138349.0
10099181,有颜好任性呢,Apple-iPhone 6S Plus,ios,59,0,10,2,1,0,1553403346.0
10100578,鹿来啦鹿来啦,Apple-iPhone 7,ios,"346,4,9672",0,0,0,0,0,1510822809.0
10100765,嗯哼5240,vivo-vivo X7,android,"8,208044",0,0,0,0,0,1516664073.0
10103728,誓言AlieZ,HUAWEI-HWI-AL00,android,"380,84",0,0,0,0,0,1546102861.0
10104303,一颗西兰花C,OPPO-OPPO R9 Plusm A,android,8,0,0,0,0,0,1509072630.0
10106256,FFFFrank-,Apple-iPhone 6S,ios,"5,380,84,31564",0,0,0,0,0,1535020385.0
10106618,WJKYYY,Apple-iPhone 8 Plus,ios,"1,3430,79809,201652",0,1,0,1,0,1546341187.0
10106771,豌豆荚里的糖,vivo-vivo Y67,android,"89069,5",0,1,2,0,0,1518870430.0
10107504,蜜果淇,OPPO-OPPO R9s,android,3,0,0,0,0,0,1509168005.0
10107551,彼岸花伴_sui,Apple-iPhone 6,ios,"4,46,2",0,0,0,0,0,1540011300.0
10108859,溫蒂魚兒,Apple-iPhone X,ios,"195,1196,166",0,0,0,0,0,1545304071.0
10109590,rong_QY,vivo-vivo X9,android,"3579,4264,41118",0,0,0,0,0,1488899145.0
10111364,Simpson89,Apple-iPhone 5S,ios,50,0,0,0,0,0,1484666009.0
10112955,-杰克杰克-,Apple-iPhone 6S,ios,154808,0,0,0,0,0,1516547659.0
10113616,早早-早知道,Apple-iPhone 6S,ios,"380,4170,4171",0,0,0,0,0,1537936261.0
10114721,半柠半檬萌梦,OPPO-OPPO R11,android,"206,39",0,0,0,0,0,1548263591.0
10116220,Abqrstie,Apple-iPhone 8 Plus,ios,44,0,0,0,0,0,1549372456.0
10118003,椰丝勋Zz,Apple-iPhone 6,ios,"22,24,4",0,0,0,0,0,1490580511.0
10119015,这儿有条鱼-,Apple-iPhone 6S,ios,"44,27,138",0,0,0,0,0,1532058328.0
10120550,_常小溪,Apple-iPhone 6 Plus,ios,"39,4194,13709",0,0,0,0,0,1500252017.0
10122423,朱一龙家的豆沙包,HUAWEI-HUAWEI CRR-UL00,android,84,0,0,0,0,0,1532526633.0
10122603,兽兽Ssssss,Apple-iPhone 7 Plus,ios,"3559,3579,4264,84,380",0,0,0,0,0,1536116502.0
10122613,龐同學,vivo-vivo X9s,android,83,0,1,1,0,0,1540908455.0
10123408,源瑜执离,Xiaomi-Redmi Note 3,android,"491,6",0,0,0,0,0,1500009759.0
10128374,Wjkkai,OPPO-OPPO R9s,android,1,0,8,3,1,0,1544327047.0
10129096,阳光下的一抹微笑99,Apple-iPhone 6S Plus,ios,"65,12,16",0,0,0,0,0,1510864529.0
10129401,柚子还没熟,HUAWEI-EML-AL00,android,"217341,6,218555,212290,212418",0,4,2,1,0,1540212687.0
10131312,慕橙喃丶,Apple-iPhone 6 Plus,ios,"17,4170,14889",0,0,0,0,0,1526567210.0
10132147,勋与鹿-,Apple-iPhone 6,ios,"24,185159,174873",0,0,0,0,0,1507529368.0
10138641,鑫鑫馬3,Apple-iPhone 6 Plus,ios,"862,3220,21014",0,0,0,0,0,1535806762.0
10139386,Dreamer_icon,OPPO-OPPO A59s,android,"44,84,380",0,0,0,0,0,1536471522.0
10140124,韦小宝_靉金锺雲永远不变,Apple-iPhone 7 Plus,ios,"223,4264",0,0,0,0,0,1505090932.0
10152219,大眼的泪痣,Apple-iPad Mini 2,ios,"3579,4264",0,0,0,0,0,1485130661.0
10156735,钦唯爱洋,Xiaomi-2014501,android,44,0,0,0,0,0,1491029932.0
10158067,跳過秋天的冬季,Apple-iPhone 6S Plus,ios,"33,303",0,0,0,0,0,1526478425.0
10158807,潇潇兔儿爱二熊,Apple-iPhone 6 Plus,ios,"5583,9340,166",2,0,0,0,0,1531228344.0
10163407,我最爱的薄荷少年,OPPO-OPPO R9m,android,6,0,19,3,0,0,1547983834.0
10163716,豆花假戏_允在真做,Xiaomi-MI 6,android,"84,369,3860",0,0,0,0,0,1549332408.0
10166978,是楠瓜不是南瓜-2,Apple-iPad 4,ios,"3653,42322,682,604",1,0,0,0,0,1520571354.0
10167060,楼顶有朵向嘎花,Xiaomi-MI MAX,android,"103997,100350,89069",0,0,0,0,0,1510993166.0
10168901,_糖包纸_,vivo-vivo X20A,android,"9322,9436,84",0,0,0,0,0,1530961698.0
10170339,李先生的小刀,Meizu-m1 metal,android,"3,5091",0,0,0,0,0,1545648825.0
10172921,NariHolic,Apple-iPhone 6S,ios,84,0,0,1,0,0,1541237016.0
10174250,我不是一个没有梦想的有情人,vivo-vivo X9Plus,android,"25666,191408,5,93479",0,0,0,0,0,1513381962.0
10177955,露露_0813,Apple-iPhone X,ios,"2539,39,208",0,2,0,0,0,1552781206.0
10178198,羽霏Emma,Apple-iPhone 7 Plus,ios,"84,380,44,539",0,0,0,0,0,1537973465.0
10178605,_李欣妮,Apple-iPhone 7 Plus,ios,"3217,3278",0,0,0,0,0,1500737350.0
10179360,H-Yuson,OPPO-OPPO R9sk,android,"93479,180642,4",0,0,0,0,0,1506147656.0
10181154,查无此色,Apple-iPhone 6S,ios,539,0,0,0,0,0,1500619736.0
10182942,帅若老赵的砸你俩,OPPO-OPPO R9s,android,39,0,0,0,0,0,1535964386.0
10186861,艺能here,OPPO-OPPO R9s,android,12,0,0,0,0,0,1550582735.0
10189300,从来没有见过真人的薄荷,Apple-iPhone 6 Plus,ios,"39,3579,138",0,0,0,0,0,1501639644.0
10189481,VegetableLove,Apple-iPhone 7,ios,"185046,84",0,1,0,0,0,1553321583.0
10189770,沐涟儿,OPPO-OPPO R7,android,3,0,0,0,0,0,1494729868.0
10191355,羽起zero,vivo-vivo Z1,android,"9,26",0,0,0,0,0,1540790863.0
10193368,Baby2花,Apple-iPhone 6S,ios,2,0,0,1,0,0,1551167745.0
10193654,楠风易场,HUAWEI-PAR-AL00,android,"91,5,166",0,11,1,0,0,1552657964.0
10194238,LeeWANG852,Apple-iPhone 6S Plus,ios,"263,89069",0,1,0,0,0,1534840426.0
10200651,孟小玥smiling,Apple-iPhone X,ios,"539,172686",0,0,0,0,0,1535034253.0
10200675,YHbblue,Meizu-M6 Note,android,"50,7531,168638",0,0,0,0,0,1518191695.0
10201058,今天陳信宏翻我牌子了嗎,HONOR-STF-AL10,android,"46,522,1505",0,0,0,0,0,1531232544.0
10201637,科老大的小蓝v,HUAWEI-HUAWEI NXT-AL10,android,3917,0,0,0,0,0,1547610677.0
10201865,Mrs_颖颖Sun,vivo-vivo Y27,android,"39,10,91358",0,0,0,0,0,1515681861.0
10203689,闲敲棋子落灯花也被占用,Apple-iPhone 7,ios,"539,862",0,0,0,0,0,1534065104.0
10204540,不吃你肉,Apple-iPhone 8 Plus,ios,115908,0,0,0,0,0,1553329237.0
10204665,誰瘋孓,OPPO-OPPO R11,android,"3334,29652,32184",0,0,1,0,0,1551790889.0
10204953,王惜惜走吃饭去,OPPO-OPPO R9s Plus,android,"29,97",0,0,0,0,0,1553308340.0
10208532,若眼泪汇成海,Apple-iPhone 6,ios,"48,539,3917",0,0,0,0,0,1502589649.0
10211633,王源儿你压到我头发啦0,Apple-iPhone 5S,ios,"6,59,91358",0,0,0,0,0,1512515322.0
10212631,不吃糖1,Apple-iPhone 6S,ios,"84,6",0,1,1,0,0,1534562114.0
10214794,夏洛特宝宝1,Apple-iPhone 6S,ios,"18062,70730,17380,143422",0,0,3,0,0,1531448350.0
10215101,懒得圆满ll,HUAWEI-PIC-AL00,android,"22,26078",0,0,0,0,0,1513647287.0
10220010,比熊勋,Apple-iPhone 7,ios,"24,63386",0,0,0,0,0,1495790390.0
10220348,梁晨美景_,samsung-SM-G9350,android,"539,3917,5729",0,0,0,0,0,1497158202.0
10222417,时刻提醒自己不要追星的老阿姨,vivo-vivo X7,android,"213680,218861,212511,213678,222472",0,0,0,0,0,1530604464.0
10224016,开个微博花痴李,OPPO-OPPO R9m,android,"3,3934",0,0,0,0,0,1524907812.0
10224139,明月天涯喃0,vivo-vivo Y67A,android,"159664,3,4672",0,3,0,0,0,1548914881.0
10225482,是气质还是弃治的狒,Xiaomi-Mi Note 3,android,"44,5,41",0,0,0,0,0,1536850267.0
10226134,黑眼圈的舞步0,Apple-iPhone 7,ios,"219279,212007,93479,228609",0,0,0,0,0,1550591957.0
10226306,kylin Z,Apple-iPhone 6S,ios,"1,6",0,6,0,0,0,1527396874.0
10229257,暖初心,Apple-iPhone 6,ios,"38,214670",0,0,1,0,0,1533052364.0
10235871,最喜欢恶作剧了,HONOR-BKL-AL20,android,"6,35,5360",0,0,0,0,0,1547623230.0
10235961,水龙吟扛把子,OPPO-OPPO R11s,android,"17380,70730",0,1,2,0,0,1549684594.0
10235992,流言饱饱,Apple-iPhone 6,ios,"3334,506,174",0,0,0,0,0,1506114909.0
10236141,软兔啾啾,Xiaomi-Redmi Note 3,android,"4,24,48677",0,0,0,0,0,1488683701.0
10236747,希星幽荷JS,Apple-iPhone 8 Plus,ios,"136505,10,95,212418,32069,2060",0,0,0,0,0,1535819112.0
10237710,颖宝绝伦,Apple-iPhone 6 Plus,ios,39,0,0,0,0,0,1492181831.0
10244574,佳瑜er,HUAWEI-EML-AL00,android,136505,0,1,1,0,0,1553332756.0
10247174,长生是我鹿阿,Apple-iPhone 7 Plus,ios,4,0,0,0,0,0,1508067401.0
10248590,阳澄湖大闸蟹蟹蟹,nubia-NX569J,android,"10755,44,31137",0,0,0,0,0,1535602213.0
10248754,MEETGD,vivo-vivo X9,android,218555,0,0,0,0,0,1530976578.0
10250671,x鹿阿小樊老师,LeEco-Le X620,android,"4,3125,21928",0,0,0,0,0,1494250744.0
10252553,Mike_taylor,Apple-iPhone 6S Plus,ios,345,0,0,0,0,0,1503543941.0
10254292,我是99呀,Apple-iPhone 6,ios,50,0,0,0,0,0,1513473459.0
10254739,愚思SIsi,Apple-iPhone 6,ios,"41,39",0,0,0,0,0,1501637201.0
10257343,haru0829,Apple-iPhone 7,ios,"47,17380,70730",0,0,0,0,0,1530608801.0
10259485,香瓜和芋头,Apple-iPhone 8 Plus,ios,"1196,47,263,17380,70730,143422",0,53,7,0,0,1553420162.0
10262189,南风-O-,HUAWEI-HWI-AL00,android,"5,84,380",0,0,3,0,0,1535813238.0
10264731,o果丸子o,Xiaomi-MIX 2,android,41,0,0,0,0,0,1538156178.0
10265749,各种鸽子猪啊,Apple-iPhone 6S,ios,"539,21432",0,0,0,0,0,1502895816.0
10267179,没有人能够再像你,Apple-iPhone 6 Plus,ios,"345,407",0,0,0,0,0,1521886023.0
10268165,车厘子家的炸鸡,vivo-vivo X9i,android,"9,26",0,0,0,0,0,1529026164.0
10270227,熊敏BearMin,Apple-iPhone 6S,ios,"4,5,1",2,0,0,0,0,1506090964.0
10271111,forever根硕,Apple-iPhone X,ios,"222472,218956,78,224425,212511,213678",0,0,0,0,0,1550121300.0
10271756,今天又懒得追星,Apple-iPhone X,ios,"47,138,219",0,0,1,0,0,1553433228.0
10272520,带着干粮追zk_景儿,Apple-Unknown Device,ios,"23,5039,9811",0,0,0,0,0,1513661518.0
10272877,Rachellewr_Lkim,Apple-iPhone 6 Plus,ios,"39,3,10",0,0,0,0,0,1514607895.0
10277763,林家阿君,Apple-iPhone 6S Plus,ios,"160,316,25495,15913",0,0,0,0,0,1533136549.0
10278281,hidaymi,Apple-iPhone SE,ios,"64,153,3167",0,0,0,0,0,1485612388.0
10278851,S程不二,Apple-iPhone 7,ios,"84,300,129843",0,0,0,0,0,1544103190.0
10281692,Candy康迪豬124,Apple-iPhone 6S Plus,ios,"61,978",0,1,0,0,0,1541302852.0
10288442,在你身后_jae,Apple-iPhone 7,ios,"136505,212290,212418,4171,212331",0,13,1,0,0,1553440352.0
10288629,洛流灵_,vivo-vivo X7,android,17129,0,0,0,0,0,1527728422.0
10291657,我是你岭姐啊-,HONOR-KNT-AL20,android,"9,26",0,0,0,0,0,1517575149.0
10292840,南方夏夏日尧夏,Apple-iPhone 6S Plus,ios,4171,0,0,0,0,0,1482750311.0
10293537,Inxiaaa,Apple-iPhone 7,ios,"2060,136505",0,0,0,0,0,1528942705.0
10315987,miki丶琳琳,Apple-iPhone 8 Plus,ios,"222828,222829",0,0,0,0,0,1547908300.0
10318682,ZGY星星,Apple-iPhone 7,ios,"9,26,73,2060",0,6,0,0,0,1552649823.0
10319707,黄礼格打榜投票组,Apple-iPhone 6S,ios,119,0,0,0,0,0,1521208518.0
10322619,SHINeeCheney,Apple-iPhone 5S,ios,"16,3775,77366",0,0,0,0,0,1513609599.0
10322781,静锅儿,OPPO-OPPO R9s,android,1211,0,12,2,0,0,1552193742.0
10325156,浅尺铅华,HUAWEI-MHA-AL00,android,155070,0,0,2,0,0,1530509903.0
10326326,久川友纪,Apple-iPhone 6S,ios,136505,0,0,0,0,0,1547127089.0
10326966,-只谈心不贪馨,Apple-iPhone 6S Plus,ios,3,0,0,0,0,0,1496745969.0
10330838,柒柒柒柒梓xi_,Apple-iPhone 8 Plus,ios,"217341,5,24",0,0,0,0,0,1542613886.0
10331045,LLL_XHSHERRY,OPPO-OPPO A73,android,"172686,2060,136505,124353,47,5",0,1,0,0,0,1538785851.0
10334424,VIIIVIII-IXVI,Apple-iPhone 7 Plus,ios,"47,50",0,0,0,0,0,1523186861.0
10334942,帅气的小铅笔,Apple-iPhone 7,ios,"84,185365,127,17185,204",0,0,0,0,0,1534318462.0
10336039,代悦荻的小迷妹,OPPO-OPPO A33,android,"1,14003",0,0,0,0,0,1487342969.0
10336335,小丸子背着奥特曼,OPPO-OPPO A79,android,"5,9,26,44,527",0,0,0,0,0,1553326304.0
10337241,东衣闲,Apple-iPhone 6,ios,"524,2753,84,68951,107376",0,0,0,0,0,1553439118.0
10338555,栗鹿_,OPPO-OPPO R11s,android,50,0,0,0,0,0,1520175466.0
10345760,紫灵轩fly,Apple-iPhone 6,ios,"217341,174",0,0,0,0,0,1535284307.0
10347071,逗嘟村A02发疯,OPPO-OPPO A33,android,"57,13194,30564",0,0,0,0,0,1508338866.0
10348145,BooMboomHam,Apple-iPhone 7,ios,"136505,2,10,34600",0,0,0,0,0,1531121948.0
10348746,郭静wwwww,vivo-vivo X21i,android,"37,41",0,0,0,0,0,1545958720.0
10348832,虞姬猫,Apple-iPhone 6 Plus,ios,"221,4,159224",0,0,0,0,0,1507903264.0
10349832,luckyastar,Apple-iPhone 7 Plus,ios,"3896,50",0,0,0,0,0,1530536305.0
10350841,Iam李小欠,vivo-vivo X9,android,"47,58719",0,0,0,0,0,1497835355.0
10353807,单字一个Feng,HUAWEI-HUAWEI MLA-UL00,android,"159224,3673,3",0,0,0,0,0,1499471106.0
10354165,尛晴天Sweet,vivo-vivo X9s L,android,"1,5,6,39925,40157,187092",0,0,0,0,0,1522560554.0
10354256,Antareskwy,OPPO-PACM00,android,10,0,0,0,0,0,1552300257.0
10354517,hhhhuniaa_,OPPO-PAAM00,android,"217341,212418,212290,24,6754,218555",0,0,0,0,0,1550901707.0
10356658,Babe俊Yo丶凡Ya,xiaomi-MI 5X,android,"1,10,2060,166018,212290",0,3,0,1,0,1553015890.0
10357451,L谢今生H,vivo-vivo Y66L,android,"4,24,22",0,0,0,0,0,1507299331.0
10361048,G-的肋骨,Apple-iPhone 6,ios,47,0,0,0,0,0,1512969398.0
10361231,白茶清寰,Apple-iPhone 5,ios,"19,166,4,20",0,0,0,0,0,1499969482.0
10362964,奈何缘起琴瑟萧,Apple-iPhone 6S Plus,ios,"166,217341,9,26",0,0,0,0,0,1542552111.0
10363279,櫻井桜見,Apple-iPhone 8,ios,"84,539",0,0,0,0,0,1532525802.0
10365496,张天爱部落官博,Apple-iPhone X,ios,42137,0,13,0,0,0,1552651677.0
10365819,Jane_楊靈,OPPO-CPH1605,android,"212837,212357,212679,136505,212290,212418,212331",0,21,0,0,0,1552881664.0
10366054,小奶音眼里的星星,Apple-iPhone 8,ios,"47,2060",0,0,0,0,0,1533172443.0
10366822,权三岁的李熊猫,Apple-iPhone 6S Plus,ios,"47,263,329",0,0,0,0,0,1489551199.0
10368208,保护盖盖,Apple-iPhone X,ios,"218555,227808",0,4,1,0,0,1552708473.0
10369197,RJ_Cooky,Xiaomi-MI 8 UD,android,"10,132284,4241",0,0,0,0,0,1552648274.0
10369469,别和我抢火锅丸子,Apple-iPhone 6S,ios,"19284,138,22",0,0,0,0,0,1499587079.0
10369543,鸡冻小公举,Apple-iPhone 6,ios,"2060,212290,212418",0,1,2,0,0,1551020053.0
10372701,胜利公子,Apple-iPhone 6S,ios,"47,263",0,0,0,0,0,1505862547.0
10373113,Xlin林琳,Meizu-MX4,android,"76,119,5416",0,0,0,0,0,1486456522.0
10376429,女中豪杰之小女人,OPPO-OPPO R9s,android,"2459,281,243",6,17,8,1,0,1553304250.0
10377219,山奈里,Apple-iPhone 7,ios,"5,1,491",0,0,0,0,0,1503799214.0
10378663,ZJ是太阳_,vivo-vivo Y67,android,"9,39,3",0,0,0,0,0,1528960991.0
10379007,Yvonne_星,Apple-iPhone SE,ios,37165,0,0,0,0,0,1507794334.0
10379619,SHeart_Bbh,OPPO-OPPO R7sPlus,android,"136865,4,24,89069",0,0,0,0,0,1490627220.0
10381049,Y-momo,Apple-iPhone 6 Plus,ios,108619,0,0,0,0,0,1551990778.0
10384389,兔几rabbit,OPPO-OPPO A59st,android,1,0,2,1,0,0,1551018537.0
10391698,Tt_iaom,Apple-iPhone 6S Plus,ios,11,0,0,0,0,0,1492674071.0
10394225,我是一个小机灵,Apple-iPhone 8 Plus,ios,539,0,0,0,0,0,1544643846.0
10394842,欧特云在宇宙,GIONEE-GIONEE M7,android,99,0,0,0,0,0,1541769112.0
10396228,李90309,LeEco-Le X621,android,"369,9,20",0,0,0,0,0,1485404948.0
10397422,我葱的呆毛球,Apple-iPhone 7 Plus,ios,"96,4543",0,3,0,0,0,1538445861.0
10398140,柠栀0518,Apple-iPhone 6S Plus,ios,539,0,0,0,0,0,1528696049.0
10399010,吴jt_fanfan,honor-FRD-AL10,android,10,0,0,0,0,0,1533281885.0
10400814,予允_笨啦噜,Apple-Unknown Device,ios,"60,31853,3653",0,0,0,0,0,1515123516.0
10402878,橙汁儿呀_,vivo-vivo Y51A,android,"192,3653,38223,28565",0,0,0,0,0,1495456403.0
10404355,铅谨我的手,ivvi-ivvi F2-T,android,"219148,5360,138,9,92,3917",0,1,1,0,0,1530619454.0
10405278,龚子淇hym,vivo-vivo V3M A,android,"3910,105",0,0,0,0,0,1499316511.0
10405545,Mo_Lo_远方,HONOR-KNT-AL20,android,"61,5334",0,0,0,0,0,1500854929.0
10406026,著名编曲家,OPPO-OPPO R7s,android,"1,5,6",0,0,0,0,0,1497353850.0
10409947,燕子不爱盐很咸,Apple-iPhone 7,ios,3917,0,0,0,0,0,1487148165.0
10413178,手机用户3200855451,OPPO-OPPO R9s,android,"17380,70730",0,0,0,0,0,1551154161.0
10413997,Farrahshowgalaxy,Apple-iPhone 6S Plus,ios,"10,218555,3",0,0,0,0,0,1535715145.0
10414913,lalala799,Newman-CM810,android,"4,305,37165",0,0,0,0,0,1500873121.0
10421918,大鲸鱼的小窝,Apple-iPhone 6S Plus,ios,10,0,0,0,0,0,1485436367.0
10422971,Naomi_nini201501,Apple-iPhone 6S,ios,37165,0,0,0,0,0,1505016300.0
10422988,胡的小伙伴,Letv-Letv X500,android,"4,166",0,0,0,0,0,1499661299.0
10427390,ihrquxxy1,OPPO-OPPO R11,android,"263,329,84,380,47",0,1,0,0,0,1534518539.0
10432017,我和杨幂,OPPO-OPPO R9m,android,12,0,0,0,0,0,1487666472.0
10432897,威威11_39676,samsung-SM-G3568V,android,"4,24",0,0,0,0,0,1492109061.0
10433286,Ryou良,Apple-iPhone 7 Plus,ios,52,0,18,1,0,0,1553426315.0
10434392,易昕一意窝i,Apple-iPhone 6 Plus,ios,"3,3067,3934",0,0,0,0,0,1494769778.0
10434589,野生野长Lyc,Apple-iPhone 6S,ios,"4543,96",1,198,9,92,0,1553439583.0
10434936,我姓王-1990,vivo-vivo X6Plus D,android,"4,24",0,0,0,0,0,1529449820.0
10435957,CynthiaJang,Apple-iPhone X,ios,"3294,517,50,60",0,0,0,0,0,1549793167.0
10440328,sense世勋,HUAWEI-HUAWEI VNS-AL00,android,"24,217341",0,0,0,0,0,1524298469.0
10440894,李_大蹊,Apple-iPhone 6S Plus,ios,"2101,31564",0,0,0,0,0,1551109944.0
10445206,厉仲谋,Apple-iPhone 8 Plus,ios,"558,176,84",0,0,1,0,0,1553316806.0
10445711,陈陈陈枷璘,Apple-iPhone 8,ios,218555,0,5,3,0,0,1550160409.0
10446073,仙女只会吃睡浪,OPPO-OPPO R9m,android,"221445,39186,31285,26775,129673",0,0,0,0,0,1546012030.0
10446785,夏侬侬侬啊,Apple-iPhone 5S,ios,"35301,1,44",0,0,0,0,0,1485253921.0
10447287,Ann__远方,Apple-iPhone 7,ios,99,0,0,0,0,0,1520249965.0
10448471,nnnnnnnnmmmmmmmm8888,vivo-vivo X7Plus,android,"3,3833,3934",0,0,0,0,0,1489141729.0
10448640,Q-Rayna,OPPO-OPPO A59m,android,91358,0,0,2,0,0,1514134805.0
10450040,墨笙是个仙女大总攻,OPPO-OPPO R9s,android,"5,138,9,26",0,0,0,0,0,1528899597.0
10450752,培根莴苣母亲会,Apple-iPhone 6S,ios,131020,0,0,0,0,0,1497618222.0
10451321,与杰娜偕老__姗姗,Android-MuMu,android,"9,22,26,108,149,3204",0,0,0,0,0,1530666269.0
10452600,熊紫瑶啊瑶-,vivo-vivo X20A,android,"6754,5,131020,4,24",0,1,0,0,0,1519473867.0
10455163,添福的小橙海,Lenovo-Lenovo A3890,android,"1,5,6",0,0,0,0,0,1504226769.0
10456149,什么取名字,Xiaomi-Redmi 3X,android,"177375,466,58",0,0,0,0,0,1498268305.0
10456216,王俊凯的大可爱略略略,OPPO-OPPO R9st,android,"1,5,6",0,0,0,0,0,1506036442.0
10457529,-是星啊_,Apple-iPhone 6S Plus,ios,"49,9,56390",0,121,0,0,0,1548325087.0
10460317,白鹿森林与猫巷,OPPO-R7Plus,android,4,0,0,0,0,0,1502351783.0
10460550,小阿飞0v0,Apple-iPhone 7 Plus,ios,"14504,17013",0,0,0,0,0,1547919570.0
10461019,AnnieSooL,Apple-iPhone 6S Plus,ios,56917,0,0,0,0,0,1489411895.0
10462286,大眼萌ETRO,HONOR-PRA-AL00X,android,"3121,10,34047",0,3,0,0,0,1547886481.0
10463699,Likablesu,Apple-iPhone 6,ios,"56917,89069,140398",0,0,0,0,0,1489200939.0
10472923,PEACEosx,Apple-iPhone 6S Plus,ios,"17380,16,45",0,0,0,0,0,1551235316.0
10473864,_XYL_hhhhh1,Apple-iPhone 6S Plus,ios,"41,527,581,5,14,39",0,0,0,0,0,1537584645.0
10474602,就想静静看着你YJL,vivo-vivo X5Pro D,android,"7531,43133",0,0,0,0,0,1506473200.0
10476745,浪味仙的Lu,OPPO-OPPO A59s,android,"4,22,24",0,0,0,0,0,1502379504.0
10477382,愿子文豪,samsung-SM-G9350,android,"3529,42377,42389",0,0,0,0,0,1514089291.0
10479468,困的三文魚,Apple-iPhone 6S,ios,"212511,22",0,0,0,0,0,1552303487.0
10479481,Jacket-P,Apple-iPhone 6,ios,"191397,4,5",0,0,0,0,0,1501862106.0
10480168,琬扯扯,Apple-iPhone 6S,ios,204,0,0,0,0,0,1521524670.0
10481079,烊砸儿,Apple-iPhone 4S,ios,"1,5,6",0,1,0,0,0,1528721739.0
10481840,拔丝蛋糕-,OPPO-OPPO R11s,android,"187092,40157,136505,212418,212290,218960",0,2,0,0,0,1543469824.0
10484098,__眼睛会笑_W,Apple-iPhone 7 Plus,ios,11,0,0,0,0,0,1532618193.0
10484862,昕Fairy,Apple-iPhone 7 Plus,ios,43,0,0,0,0,0,1496314312.0
10489872,阿乐小王子,Xiaomi-MI 6,android,"110446,9182",0,0,0,0,0,1530800964.0
10492514,就like打ni,HONOR-COL-AL10,android,9,0,4,6,0,0,1550281499.0
10492548,北海之章,HUAWEI-HUAWEI GRA-TL00,android,"539,149388,187092",0,0,0,0,0,1503075436.0
10493065,枝榴,HUAWEI-HWI-AL00,android,"84,380,20613,196864",0,0,0,1,0,1552978445.0
10493600,好奇害死胡喵喵,Apple-iPhone 5C,ios,"159224,3167,3190",0,0,0,0,0,1487483818.0
10493887,啷里个狼_,xiaomi-Redmi 5 Plus,android,"380,84",0,0,0,0,0,1533095553.0
10498721,KARRYIMZZ,Apple-iPhone 6S,ios,"1,498,34048",0,0,0,0,0,1498237984.0
10498789,N_Totoro,Apple-iPhone X,ios,60855,0,0,0,0,0,1518530659.0
10500796,Wang__星月,Xiaomi-MI 5s,android,"527,149378",0,0,0,0,0,1514903878.0
10502836,Leehom--宏凡,Apple-iPhone 6S,ios,"5,41339,28565",0,0,0,0,0,1506517134.0
10504069,癸酉煮暑,Meizu-15,android,84,0,0,1,0,0,1547622766.0
10504500,鹅家的魑魅,SMARTISAN-YQ607,android,"38111,38223,28233",0,0,0,0,0,1550838547.0
10507330,在吗在不在啊,GIONEE-F5,android,"30257,2060",0,0,0,0,0,1523240376.0
10511731,圆缘_Blessed,vivo-vivo NEX A,android,"31564,30827",0,0,0,0,0,1549307154.0
10515298,后渐渐,OPPO-OPPO R9m,android,196,0,0,0,0,0,1536676630.0
10515490,蜜糖满场飞,Apple-iPhone 5S,ios,"28565,30257,34747",0,0,0,0,0,1499610520.0
10517994,chiyeul_zeng7102,OPPO-OPPO R9m,android,48929,0,0,1,0,0,1517806965.0
10518889,_从前有个徐大T,Apple-iPhone 6S Plus,ios,13231,0,0,0,0,0,1506083006.0
10519299,黄仁浩c666,vivo-vivo Y51A,android,"28565,30257,34747",0,0,0,0,0,1509537668.0
10519384,我是一米八的王俊凯,Apple-iPhone 8 Plus,ios,1,0,0,0,0,0,1548212914.0
10519862,昆美之翼,Apple-iPhone 7,ios,3096,0,0,0,0,0,1486986188.0
10521916,啵啵虎Diane,Apple-iPhone 6S Plus,ios,"24,6754,131020",0,0,0,0,0,1507945855.0
10522101,江南老贼啥时候更龙五啊,HUAWEI-VTR-AL00,android,11123,0,0,0,0,0,1507341944.0
10524549,Christmas___,Apple-iPhone 8 Plus,ios,"2060,217341,218555",0,6,1,0,0,1544801682.0
10524609,xyiii星,OPPO-A1601,android,"2,14",0,0,0,0,0,1491488171.0
10525281,庸人堪独往,Apple-iPhone 8,ios,"35,50,218555",0,0,0,0,0,1524384675.0
10527462,恬恬971207,vivo-vivo X6D,android,"44,138",0,0,0,0,0,1529975059.0
10527876,君卿临,OPPO-OPPO R11,android,"4,10,22",0,0,0,0,0,1498792368.0
10531364,twinsbotto,samsung-SM-N9009,android,"69,166,172",0,0,0,0,0,1501560942.0
10531588,弥睿,Apple-iPhone X,ios,"123372,5498,123371",0,0,0,1,0,1553437969.0
10533720,长萝裙,Xiaomi-MI 6,android,"210186,2",0,0,0,0,0,1510495071.0
10533933,L专o属v恶e魔,OPPO-OPPO A79,android,"17380,70997,70730,178085",0,0,2,0,0,1553323454.0
10535121,雪宝嗳,Apple-iPhone 7 Plus,ios,"1,117603,6,179803",0,1,1,0,0,1552637401.0
10538147,吴wu亦yi凡fan,OPPO-OPPO R7,android,"10,6754",0,0,0,0,0,1529115876.0
10540707,Company-Lee,OPPO-OPPO R9tm,android,3,0,0,0,0,0,1545401412.0
10541892,Bararajiva,Apple-iPhone 7,ios,10,0,0,0,0,0,1515854993.0
10541940,梦meiy,OPPO-OPPO A57,android,"4,526,3125",0,0,0,0,0,1506001139.0
10549535,水吖水吖_水,Apple-iPhone 5S,ios,"369,3,22",0,0,0,0,0,1525138171.0
10549964,黑妹是我,OPPO-OPPO A59m,android,"47,263,329",0,0,0,0,0,1488527503.0
10551889,雪小咩的夏天,vivo-vivo X9,android,44,0,0,0,0,0,1530426118.0
10553479,李真昕,OPPO-OPPO R9s,android,"3,3934",0,0,0,0,0,1546613328.0
10559321,刘小妞儿babycall,OPPO-OPPO R9s Plus,android,"5,9",0,0,0,0,0,1509528069.0
10560241,sassy_child,Apple-iPhone 7,ios,"24,6754",0,0,0,0,0,1551338144.0
10564900,Mickey香菇菇同学,Apple-iPhone X,ios,31,0,2,0,0,0,1548418460.0
10567963,ErinCreator,asus-ASUS_X00QD,android,166,0,3,1,0,0,1537421410.0
10568854,TF两米八,OPPO-OPPO R11s,android,"1,5,6",0,0,0,0,0,1522374190.0
10574466,其实我喜欢的是ZYL,Apple-iPhone 6,ios,17380,0,0,1,0,0,1553430829.0
10583581,小情绪帝,OPPO-OPPO R9s,android,93479,0,0,0,0,0,1508531702.0
10583788,白菜各有,Apple-iPhone 8 Plus,ios,31564,0,0,0,0,0,1552878753.0
10586501,邱奕喜服,HUAWEI-DIG-AL00,android,180642,0,0,0,0,0,1503586370.0
10586841,一等源气1,Apple-Unknown Device,ios,6,0,0,0,0,0,1515629005.0
10588766,呼噜一把小源的呆毛,HUAWEI-EML-AL00,android,"1,5,6,40157,187092",0,0,0,0,0,1544274003.0
10589369,SummerMir,Apple-iPhone 6,ios,"44,5265,136098",0,0,0,0,0,1491726609.0
10590475,凯小俊,OPPO-OPPO A73,android,1,0,0,0,0,0,1535523176.0
10590481,樱花树下一起长大,Apple-iPhone 5S,ios,"1,6",0,0,0,0,0,1516503332.0
10590507,夏正正Amy,OPPO-OPPO R9tm,android,"3,20,105",0,0,0,0,0,1495276617.0
10590664,为什么每天都很污啊啊啊啊,HUAWEI-ALP-AL00,android,"1,9,35",0,0,0,0,0,1520766556.0
10591480,佳赢mua,Apple-iPhone 6 Plus,ios,1211,0,2,1,0,0,1545049092.0
10592527,世外仙姝_孤独烊,Apple-iPhone 6,ios,"5,68928",0,0,0,0,0,1489490068.0
10595083,老子想改名,Apple-iPhone X,ios,30900,0,0,0,0,0,1553081043.0
10604296,秋秋的晨宝,Xiaomi-Redmi Note 3,android,"862,21,34",0,0,0,0,0,1543466178.0
10605346,遇见你的小幸运_,Xiaomi-MI 8,android,"1,5,6",0,0,1,0,0,1542625661.0
10606636,士多啤梨and橙,Apple-iPhone 6S Plus,ios,"11,39",0,0,0,0,0,1518621517.0
10609341,甲虫-有个男神叫贾乃亮,TECLAST-P19HD(E1K5),android,"111,142",0,0,0,0,0,1491607592.0
10609458,柚子望空,Apple-iPhone 7,ios,"67277,5,30827",0,0,0,0,0,1487208389.0
10612233,不中票不改名的K,Apple-iPhone 8 Plus,ios,"13962,6",0,0,0,0,0,1516068482.0
10613006,鲸鱼papi,OPPO-OPPO R9m,android,31564,0,0,0,0,0,1534311766.0
10613225,Yannie_Lau,Apple-iPhone 8,ios,"105,4997",0,0,0,0,0,1536570916.0
10615386,yyyyoonina,Apple-iPhone 8 Plus,ios,"2060,10,6754",0,0,0,0,0,1525432853.0
10617468,DeadPrince,HUAWEI-PIC-AL00,android,"16373,26070,30827",0,0,0,0,0,1522504512.0
10617498,_Whalen,Apple-iPhone 6 Plus,ios,"213680,213678,31564,185159,218861,212511,222472",0,0,0,0,0,1546257728.0
10619883,周宇_wo,HUAWEI-HUAWEI NXT-AL10,android,"4194,30827,32503",0,0,0,0,0,1501953460.0
10620382,幽幽蓝光BMY,HUAWEI-HUAWEI NXT-AL10,android,936,0,0,1,0,0,1550737202.0
10620701,我家猫爱喝粥,vivo-vivo X9s,android,"43,30827",0,1,0,0,0,1543745570.0
10621949,PAX_zyt,samsung-SM-J7008,android,"180642,93479,10",0,0,0,0,0,1502231318.0
10622274,花嘞个花嘞个花花-,Apple-iPhone 6S Plus,ios,"26070,30827,31564",0,0,0,0,0,1494406077.0
10624756,KEKECANDY_,Apple-iPhone 7 Plus,ios,"1,6,151239",0,0,0,0,0,1527208716.0
10626311,林叔叔的小朋友,OPPO-OPPO R9m,android,"271,1,4",0,0,0,0,0,1526216654.0
10629680,熝栀,OPPO-OPPO R9tm,android,"84,380,4",0,1,3,0,0,1553314467.0
10631265,Roy某肉,Apple-iPad Pro 10.5 inch,ios,"6,213678,212511,218861,213680,218956",0,0,0,0,0,1530531325.0
10632262,奶凶奶凶_,Apple-iPhone 7,ios,22,0,0,0,0,0,1517456145.0
10635374,火羊宝宝1,OPPO-OPPO A57,android,"5,369,39,206",0,1,4,0,0,1540051967.0
10636362,Amy一ZLY,HUAWEI-EML-AL00,android,"217,123371,211079,123372,31853,60",0,0,0,0,0,1540618307.0
10640744,小鬼的姐姐粉1,Apple-iPhone 7 Plus,ios,187579,0,0,0,0,0,1551960150.0
10641603,_朴兄,Apple-iPhone 7 Plus,ios,"717,163,3805",0,0,0,0,0,1553407449.0
10646236,邬属约邬,htc-HTC_X9u,android,3579,0,0,0,0,0,1485161844.0
10651827,adamancyluo,Apple-iPhone 8,ios,11467,0,1,1,0,0,1529815499.0
10652258,神棍宣诺,OPPO-OPPO R11 Plus,android,"33,3525,210733",0,0,0,0,0,1543464839.0
10652337,不可爱你最帅mua,OPPO-OPPO R9tm,android,"136505,2",0,0,0,0,0,1531814472.0
10653600,薛之谦麻烦帮我削支铅,Xiaomi-HM NOTE 1LTE,android,369,0,0,0,0,0,1485409916.0
10655919,珞珞花,Apple-iPhone 6S,ios,"1801,5261,3917",0,0,0,0,0,1547970509.0
10657509,wuli秀晶forever,Apple-iPhone 6S,ios,"8795,224133,123372,123371,95,74353",0,76,5,0,0,1551953080.0
10660000,有几个余生,Apple-iPhone 6S Plus,ios,"217,123372",0,0,0,0,0,1536922402.0
10661619,LMVX,Apple-iPhone 6 Plus,ios,74353,0,0,0,0,0,1507461685.0
10663262,九四少女晶,vivo-vivo X9s Plus L,android,74353,0,0,0,0,0,1501314507.0
10667790,mirrorkang,Apple-iPhone 7 Plus,ios,2060,0,0,1,0,0,1522342080.0
10667958,凌云R-SKY,HONOR-STF-AL10,android,"3324,39,74353",0,0,0,0,0,1509326043.0
10669868,伍婷芳7,OPPO-OPPO R9s,android,30257,0,0,0,0,0,1485179906.0
10674845,这辈子睡不到黄景瑜还有什么意义,Apple-iPhone 6S,ios,"862,157,1451,20710",0,0,0,0,0,1543857614.0
10677937,An_Antinori,OPPO-PACM00,android,"2060,166,123372,10,60",0,0,0,0,0,1535777551.0
10680690,野酒煮粥,OPPO-OPPO R9s,android,"30827,31564,107090",0,0,0,0,0,1508326423.0
10681651,七仔爱轻松熊,Honor-CHE-TL00,android,"1,4,74353",0,0,0,0,0,1494947754.0
10685183,少女苏禾,OPPO-OPPO A57t,android,1,0,0,0,0,0,1541946678.0
10691944,你是我十七岁的第一首歌,Apple-iPhone 7,ios,"1,5,6",0,0,0,0,0,1540090089.0
10693515,-llXiAngLu_JiA,Apple-iPhone 7 Plus,ios,"1,6,22",0,0,0,0,0,1510324821.0
10693676,小鱼干卡哇伊,Apple-iPhone 6S Plus,ios,"4,166,6",0,0,0,0,0,1502084608.0
10694812,你的小虎牙里藏着甜蜜,OPPO-OPPO R11t,android,"96,1",0,0,0,0,0,1550845507.0
10695789,TF一米八,Apple-iPhone 6S,ios,63386,0,0,0,0,0,1490927956.0
10697683,玺欢阿千,OPPO-OPPO A37m,android,"5,6",0,0,0,0,0,1485134151.0
10703018,一片叶子ww,HONOR-BLN-AL20,android,"116266,116914",0,0,0,0,0,1496568407.0
10703578,莫名变成气球的玫瑰花_,OPPO-OPPO R9tm,android,"1,5,6",0,0,0,0,0,1496325338.0
10704129,一名网友f,Apple-iPhone 6S Plus,ios,"10,21197",0,0,0,0,0,1553338330.0
10706634,依林漪旧0,Apple-iPhone X,ios,"3,27,123372",0,0,0,0,0,1539496611.0
10711703,橙家三大少,OPPO-OPPO A57,android,"65194,1,5,6",0,0,0,0,0,1497570388.0
10713881,张子怡ovo,GIONEE-S9,android,"127822,107208,93479",0,0,0,0,0,1508086162.0
10713882,wsh一缕阳光,Apple-iPhone 6,ios,"1,6,94",0,0,0,0,0,1490828683.0
10714051,粗线的小王子,360-1713-A01,android,"3653,51744,179174",0,0,0,0,0,1533349919.0
10716736,美食爱好者呵,OPPO-PBAM00,android,"1801,5261",0,0,0,0,0,1552126106.0
10717356,yoooxue0,HONOR-BKL-AL20,android,"157565,113869,39925",0,0,1,0,0,1551290654.0
10717855,阿囧斯,Apple-iPhone 6S,ios,"1066,2624",0,0,0,0,0,1495503041.0
10719709,皮皮球ballball,OPPO-OPPO R11 Plus,android,176,0,0,0,0,0,1517524391.0
10721571,为情所困的包子,Apple-iPhone 6,ios,"28053,3555,25",0,0,0,0,0,1521374179.0
10721748,慧坨XH,OPPO-OPPO R9st,android,"218555,217341,2060,212290,212418,219148",0,0,0,0,0,1530459545.0
10722522,悄悄话_呀,OPPO-OPPO R9 Plusm A,android,"213680,218861,212511,213678,22",0,8,0,0,0,1527218316.0
10724613,S_HongYu,OPPO-OPPO R9sk,android,"138,47,263",0,0,0,0,0,1508681797.0
10727655,一个叫安笙的小仙童,HUAWEI-INE-AL00,android,"84,5481,17380,529",0,0,3,0,0,1547527976.0
10728166,C_You_L升,Xiaomi-MI 4LTE,android,"24,6754",0,0,0,0,0,1483968278.0
10728725,孟美岐是我老婆哇,Apple-iPhone 6S Plus,ios,"123371,123372",0,0,0,0,0,1553430573.0
10729758,_瓜叔,Apple-iPhone 6S Plus,ios,35,0,0,0,0,0,1553339060.0
10732220,M旅途M,Xiaomi-HM NOTE 1LTE,android,646,0,0,0,0,0,1499032685.0
10732488,瑜洲嘴里的小虎牙,Apple-iPhone 6,ios,"30827,31564,107090",0,0,0,0,0,1482915197.0
10736842,海容Sea,Huawei-PE-TL00M,android,"2060,217341",0,0,0,0,0,1526036297.0
10739144,蒸汽佳,SMARTISAN-OE106,android,43,0,1,0,0,0,1545906484.0
10740643,帅气的丁姐姐,OPPO-OPPO A57,android,"166,3909",0,0,0,0,0,1508048769.0
10742419,家肌插家,vivo-vivo Y23L,android,34747,0,0,0,0,0,1485176586.0
10743557,Ferdxi,Apple-iPhone 6,ios,136505,0,0,0,0,0,1531105787.0
10743636,XiaoZai_小再,Apple-iPhone 6S,ios,"31564,138",0,0,0,0,0,1516639772.0
10744690,_我不想说话,Apple-iPhone 6,ios,5,0,0,0,0,0,1535586461.0
10747258,Hsuan_303,Apple-iPhone 6,ios,"4,24",0,0,0,0,0,1495799745.0
10752149,LJHv博,vivo-vivo X6SPlus D,android,"3,32,47",0,0,0,0,0,1491915767.0
10755163,猫咚懂你,Apple-iPhone 5S,ios,"212418,212290",0,0,1,0,0,1535193975.0
10757998,鲸鱼的啊啦小璐璐,HUAWEI-HUAWEI RIO-AL00,android,"30827,31564,26070",0,0,0,0,0,1484751305.0
10760480,肜彦,vivo-vivo X9L,android,"96,4543",0,16,0,0,0,1549374379.0
10761684,粉红老头的反手,Honor-Che1-CL10,android,"5,862,166",0,0,0,0,0,1503040592.0
10761913,淡淡香草天空,Apple-iPhone X,ios,"3609,3672,3673",0,0,0,0,0,1524958112.0
10761974,_鹿小汐_,Apple-iPad Air,ios,"131020,4,22",0,0,0,0,0,1491559984.0
10762276,王俊凯的易杯源味奶茶啵,vivo-V1730EA,android,"1,5,6",0,2,0,0,0,1545973875.0
10762621,WENDYKAI,OPPO-OPPO R9s,android,"1,186588,40157",0,0,0,0,0,1507645692.0
10762793,AndyJccccc,Apple-iPhone 6,ios,"9,27534",0,0,0,0,0,1537925687.0
10763829,低价烊肉摊,vivo-vivo X9s L,android,"4065,5,39925",0,0,0,0,0,1518302759.0
10764866,越来越哦豁的熊砸,HUAWEI-CLT-AL00,android,"1,5,213680,217341,218555,213678",0,0,0,0,0,1535680201.0
10764928,酱蘸虾极北,Apple-iPhone 6,ios,"271,349,84,1,5,6",0,7,2,1,0,1553130974.0
10766853,扑倒叉烧包,OPPO-OPPO A59s,android,"1,5,6",0,0,0,0,0,1513940388.0
10767361,疯子般的我yy,Apple-iPhone 6S,ios,"31853,1,5,6",0,0,0,0,0,1519420346.0
10767673,用户5533011112,vivo-vivo Y67,android,"4,39,44",0,0,0,0,0,1486485134.0
10770448,Nive茶刀,Apple-iPhone 7,ios,539,0,0,0,0,0,1495246840.0
10770797,小小护鲸团,Apple-iPhone 6,ios,"31564,44362,69605,136505",0,0,0,0,0,1523722441.0
10771093,一米九的小短腿,OPPO-OPPO R9s,android,"111141,27604",0,0,0,0,0,1508998105.0
10772074,LI_呀废,Apple-iPhone 6S,ios,"191203,224645,172,123372",0,0,0,0,0,1534368831.0
10772759,刘昊然的小仙女啊,Apple-iPhone X,ios,"527,172686,223217,12799",0,0,0,0,0,1551707813.0
10773327,花开花落123411,Huawei-HUAWEI MT7-TL00,android,"28565,5404,225156,185046",0,6,0,1,0,1535869820.0
10775637,o果仔o,Apple-iPhone 7 Plus,ios,"3067,89069,45878",0,0,0,0,0,1534502844.0
10776631,Xxx-舒婷,vivo-vivo X6A,android,"167151,8865,21083",0,0,0,0,0,1530835140.0
10779364,阿妍头-,samsung-SM-G9650,android,"94,84,380",0,0,0,0,0,1533831149.0
10780464,th_gggg,Apple-iPhone X,ios,"6,222172,1,218960,2060",0,0,0,0,0,1530861025.0
10782021,冷轩大大,Apple-iPhone 7 Plus,ios,"1,5,6",0,0,0,0,0,1503624037.0
10782993,L陌凌L,OPPO-OPPO R9s,android,"24,6754,131020",0,2,0,0,0,1547854071.0
10783427,妮宝的满天星,vivo-vivo Y66,android,"154768,157565,5",0,0,0,0,0,1492855496.0
10784707,YI40,OPPO-OPPO R9s,android,"1,5,6",0,0,0,0,0,1491926473.0
10785195,哩哩啦卢,OPPO-PACM00,android,"22,5404,1196",0,0,3,0,0,1553056892.0
10785293,别挡我的禄,Apple-iPhone 6S,ios,"212331,212357",0,0,0,0,0,1553421532.0
10786609,久伴我男神0,OPPO-OPPO A59m,android,431,0,0,0,0,0,1523699616.0
10786643,阿栗栗Ccc,Apple-iPhone 6S Plus,ios,"26070,30827,31564",0,0,0,0,0,1527012728.0
10794449,青年晚报爽歪歪部部长,Apple-iPhone 5C,ios,"150087,22525,17",0,0,0,0,0,1484277302.0
10800075,吳步步,OPPO-X9079,android,"5219,39,26,9,30,54",0,0,0,0,0,1553235093.0
10800270,Kami1205_,Apple-iPhone SE,ios,256,0,0,0,0,0,1517556475.0
10805055,哇哈哈z6,Huawei-PE-CL00,android,"29,180,498",0,0,0,0,0,1488374933.0
10809540,耶嘿小甜豆0v0,vivo-vivo X20A,android,"8828,21232,26775",0,0,0,0,0,1526164287.0
10810469,山田芭蕉官微,Apple-iPhone 8,ios,115,0,3,1,0,0,1548339209.0
10811129,手摇发电笔记本,OnePlus-ONEPLUS A3010,android,"30827,185382,56042,31564",0,0,0,0,0,1506651061.0
10818380,卢鹿_Ronaldo,Apple-iPhone 6,ios,185382,0,0,0,0,0,1508670909.0
10819211,你叫大便啊,Apple-iPhone 7 Plus,ios,4088,0,0,0,0,0,1551969896.0
10819832,二爷的小胖,HUAWEI-INE-AL00,android,"101365,152854,221",0,15,14,0,0,1553140800.0
10819994,看够了没233,Apple-iPhone 6 Plus,ios,"184927,134081",0,0,0,0,0,1504421806.0
10820522,余生彬彬,Coolpad-Coolpad 7295A,android,1243,0,0,0,0,0,1485498425.0
10821920,小鹿dy,vivo-vivo Y66,android,"4,166,20",0,0,0,0,0,1507445248.0
10825308,神级美颜,OPPO-PACM00,android,1,0,0,0,0,0,1549194357.0
10828460,许你瑜生261,OPPO-OPPO A59s,android,"30827,31564,67977",2,1,2,0,0,1531669621.0
10829247,morrowico,Apple-iPhone 7 Plus,ios,"11,3610,158821",0,0,0,0,0,1519314390.0
10829815,eolhchoo12,Apple-iPhone 6,ios,"40600,137953",0,0,0,0,0,1522354641.0
10831728,82年的大瓶雪碧,HONOR-PRA-TL10,android,"3934,183",0,0,0,0,0,1517582386.0
10831854,野小人yexiaoren,Apple-iPhone 6,ios,172,0,0,0,0,0,1498013703.0
10835823,梦一千_M,vivo-vivo Z1,android,"369,9718,84,380",1,0,3,0,0,1534634157.0
10836454,糙醜大魔王,Apple-iPhone 6S Plus,ios,"3,11",0,0,0,0,0,1496072286.0
10838300,狮子王收藏的陌盒,OPPO-OPPO R11 Plus,android,"93660,539",0,0,0,0,0,1529918281.0
10838871,吃货3A87,Apple-iPhone 6 Plus,ios,"9,26",0,0,0,0,0,1551354577.0
10839519,糖沫沫沫沫,Huawei-JDN-AL00,android,"6,9,50",0,0,0,0,0,1513766993.0
10840627,沫沫酱蓝莓酱都比大酱赞,Apple-iPhone 6S Plus,ios,"132284,46,4241",0,0,0,0,0,1553434841.0
10841519,叶废柠,Apple-iPhone 6S,ios,89069,0,0,0,0,0,1504802216.0
10843056,蜜蜜陀的幸福生活,Apple-iPhone 6S,ios,"48929,1354",0,0,0,0,0,1523178008.0
10847374,嫣然綾澜,Apple-iPhone 7 Plus,ios,89069,0,12,0,0,0,1553436210.0
10858010,温良寄鹿,Apple-iPhone 6S,ios,"4,24",0,0,0,0,0,1490511844.0
10859349,UP_小仙女邮递员,Apple-iPhone 7 Plus,ios,"44,30827,4",0,0,0,0,0,1516098568.0
10859681,但求一睡君莫笑YA,Apple-iPhone 6,ios,30827,0,0,0,0,0,1543479128.0
10862723,z土豆精,xiaomi-MI 5X,android,"30827,31564,5",0,0,0,0,0,1528299690.0
10867564,严敏俪,Apple-iPhone 6S,ios,"153857,91358,169116",2,0,0,0,0,1515568270.0
10869459,许学长和黄先生,HONOR-PLK-AL10,android,115988,0,0,0,0,0,1484912874.0
10869704,摇光儿,Apple-iPhone SE,ios,"134081,185530,170167",0,0,0,0,0,1503104414.0
10872358,放学后一起走啊,Apple-iPhone 8 Plus,ios,"539,4316,4846",0,0,0,0,0,1550054108.0
10872587,萌兔1005,Apple-iPhone 6S,ios,28233,0,0,0,0,0,1486644428.0
10875134,呜啦啦水瓶,Apple-iPhone 6S Plus,ios,"522,4,46",0,0,0,0,0,1516110540.0
10875790,第一次嗑到别人家cp,vivo-vivo X6A,android,"218555,219148,3,11",0,2,0,0,0,1534117979.0
10875895,陈南城北-吴,vivo-vivo Y66,android,"84,22,380,188099,10,24",0,0,0,0,0,1535200251.0
10876265,沫沫_krystal,honor-FRD-AL00,android,"4,113,588,74353,166,138",0,0,0,0,0,1520760499.0
10878428,聪聪丶孙碧瑶,Apple-iPhone 6S Plus,ios,2872,0,0,0,0,0,1500698148.0
10880952,世界高级仙女代表,Meitu-MP1605,android,"212290,212418,212331,15",0,1,0,0,0,1551960160.0
10881898,Angel炽天使1,vivo-vivo Y66,android,"2624,84,11,380,271,95",0,0,0,0,0,1535880962.0
10883078,女宛兒__,Xiaomi-Redmi Note 3,android,4,0,0,0,0,0,1502687254.0
10883089,柳下瑶琴1798,Sony-G8142,android,"30827,31564",0,0,0,0,0,1526616213.0
10884400,守兴1007,Apple-iPhone 7 Plus,ios,"22,24,1243",0,0,0,0,0,1549934597.0
10885638,Galaxy-琪琪,Apple-iPhone 7 Plus,ios,39976,1,0,0,0,0,1548431348.0
10886892,半打迷魂san,Apple-iPhone 5S,ios,"131853,3709,11467",0,0,0,0,0,1503468673.0
10887625,王琬新Mani,Apple-iPhone 7 Plus,ios,"1432,3265,31564",0,0,0,0,0,1548062528.0
10888672,漫天星光只因为你们而闪烁,Apple-iPhone X,ios,"4,24",2,12,18,0,0,1553433177.0
10889570,孩子他爹是黄子韬,Apple-iPhone 6,ios,25,0,0,0,0,0,1495615633.0
10890343,我辫儿哥哥敲可爱,Coolpad-Coolpad 5380CA,android,"70740,143422,63985,86241,98792,18062,17380",1,1,1,0,0,1552205911.0
10890642,新旧不合,Apple-iPhone 5S,ios,"30827,31564",0,0,0,0,0,1516248934.0
10890814,换个方式说话,Apple-iPhone 6 Plus,ios,1,0,0,0,0,0,1535690416.0
10892158,许魏洲的毛毛,Apple-iPhone 6,ios,"101503,117180,30827",0,0,0,0,0,1483399891.0
10894276,麓仝,Meizu-MX5,android,"29,3579,4264",0,0,0,0,0,1487678387.0
10895420,东方公子喜不喜,Apple-iPhone 6S Plus,ios,"30827,31564,101522,115988,117180",0,0,0,0,0,1534267233.0
10895523,初夏XL-,OPPO-OPPO R9s,android,"1,217341,212290,212418",0,2,0,0,0,1553083192.0
10897820,我也要养猫,Apple-iPhone 6S,ios,"8933,12799,16700",0,0,0,0,0,1497606622.0
10899272,天空之城1121少校,HONOR-PRA-TL10,android,"179174,3653,16018",0,3,0,0,0,1534432819.0
10899740,StudyPartyPeople,Apple-iPhone 7,ios,50294,0,0,0,0,0,1503917423.0
10900963,勋宝的专属拐杖,Letv-x600,android,"131020,24,6754",0,0,0,0,0,1493629498.0
10904915,一颗圆柚子ww,Apple-iPhone 6S,ios,"30827,31564,142766,39774",0,0,0,0,0,1528793337.0
10905350,evinn怡怡42876,Apple-iPhone 5S,ios,48929,0,0,0,0,0,1543923650.0
10909506,0RememberMe0,Apple-iPhone X,ios,"212331,3529,63985",0,0,0,0,0,1548764271.0
10909720,BbLlEek,Apple-iPhone 6 Plus,ios,"24,47",0,0,0,0,0,1515224136.0
10910581,卡洛啊-喵,Apple-iPhone 6S,ios,"369,6775,185382",0,0,0,0,0,1525889869.0
10911188,我家猫咪爱吃甜,honor-FRD-AL00,android,"4,22,24",0,0,0,0,0,1485682348.0
10911274,边与贤,Apple-iPhone 5S,ios,"4,131020,24",0,0,0,0,0,1498803683.0
10912096,王青攻霞冯建宇,OPPO-OPPO R11,android,"47156,3579,4264",0,0,0,0,0,1518191355.0
10912715,彼城繁华依旧,Apple-iPhone X,ios,"190,166,4",0,0,0,0,0,1537777705.0
10912907,是鹿鹿鹿晗啊,Apple-iPhone 6,ios,"91358,138",0,0,1,0,0,1515931913.0
10918439,Annie118865,Apple-iPhone 6S,ios,"5,31564,107090",0,0,0,0,0,1513326900.0
10919749,是我仙子本人了,OPPO-PAAT00,android,"1,3,5,6,151239,39925",0,39,9,11,0,1552077883.0
10919839,墨墨Joy,Apple-iPhone 6S Plus,ios,2060,0,0,0,0,0,1535862530.0
10919883,-红鼻子的鲁道夫,Xiaomi-MI 3C,android,"4,10,24",0,0,0,0,0,1489759869.0
10922767,After21_C,samsung-SM-C5000,android,"5,105,110626",0,0,0,0,0,1485132787.0
10924885,LXSWITHOSH,OPPO-OPPO R9m,android,24,0,0,0,0,0,1500429472.0
10925023,GloriaWallance,Apple-iPad Air 2,ios,"29,180,969",0,0,0,0,0,1488971093.0
10926851,Joy_Lan_,HUAWEI-BAC-AL00,android,"1243,1211,3528,3529",0,2,2,0,0,1551851365.0
10928049,苗啊苗_,Apple-iPhone 6 Plus,ios,"18626,3120,11850,11912",0,0,0,0,0,1528987650.0
10928114,LIYONGYINs,Xiaomi-2014501,android,"4,74353,166",0,0,0,0,0,1496838208.0
10929069,爱辽篮的豆豆,Apple-iPhone 6 Plus,ios,"40765,31564,30827",0,5,0,0,0,1548668668.0
10931261,古萧潇,HUAWEI-VIE-AL10,android,"49773,43306,3150",0,0,0,0,0,1506182792.0
10932013,南笙北箫i,vivo-vivo X6D,android,"3,6,44",0,0,0,0,0,1494982727.0
10932258,雪貂宝宝HaniW,Apple-iPhone 6 Plus,ios,"94888,50709,42791",0,0,0,0,0,1487774454.0
10932824,秋子秋意浓,HUAWEI-LYA-AL10,android,"232770,208219,539,7402,26960,93660",0,0,0,1,0,1553147582.0
10933884,一梦为马鹿马,Apple-iPad Mini 4,ios,"4,91358",0,0,0,0,0,1516285247.0
10934967,哇喔喔窝杰,Apple-iPhone X,ios,"9,26",0,200,2,1,0,1553437320.0
10939218,IvyZ2016,HUAWEI-HUAWEI NXT-AL10,android,"70510,71402",0,0,0,0,0,1497779576.0
10941142,-为什么总是换不了ID-,vivo-vivo X21A,android,"24,222764,31564,89069,84",0,0,0,0,0,1547922886.0
10941835,彩色咖啡窦--DSY,OPPO-OPPO R9tm,android,"70730,10,63985,17380",0,0,0,0,0,1493695214.0
10942466,薛薛薛薛少华,vivo-vivo X9,android,166,0,0,0,0,0,1507613270.0
10946233,薛薛薛薛老板,OPPO-OPPO R7s,android,"369,101828",0,0,0,0,0,1498558184.0
10947020,狗雯呀,vivo-vivo X9s Plus L,android,"138,2060,217341,22,136505,212290",0,0,1,0,0,1536072034.0
10950210,M_pad,Apple-iPhone 6,ios,"14653,17013,21047",0,0,0,0,0,1491810028.0
10952397,哦嘿的倩哥,OPPO-OPPO A37t,android,"2060,30421,50",0,0,0,0,0,1527853880.0
10952817,我晓得你没晓得,HONOR-PLK-TL01H,android,"11,39,53",0,0,0,0,0,1487117848.0
10957346,向南或向北,HUAWEI-EML-AL00,android,"190,218960,218555",0,2,1,0,0,1553436244.0
10958419,AFTERTWO-,Apple-iPhone X,ios,"61,1113,11",0,1,1,0,0,1542636167.0
10959863,Meiosei,HUAWEI-HWI-TL00,android,"219,138,588,5404",0,0,0,0,0,1552910978.0
10959961,陈萌萌CXQY十年一瞬,Xiaomi-MI 5,android,"537,89069",0,0,0,0,0,1536072193.0
10961326,大大大_园,Apple-iPhone 5S,ios,"28565,34747",0,0,0,0,0,1530761045.0
10961799,阿阿阿灿-c,Apple-Unknown Device,ios,222,1,0,0,0,0,1513338704.0
10968593,Vikingar,Apple-iPhone 8 Plus,ios,"44,31564,64845",0,0,0,0,0,1520218658.0
10971108,薛薛薛薛太太,vivo-vivo X5Max+,android,"95683,369",0,0,0,0,0,1498830591.0
10973748,熹顾啊,HONOR-STF-AL00,android,"4490,9311,683,9182",0,0,0,0,0,1516111657.0
10974200,煉獄天使-冰,vivo-vivo X5Max+,android,133,0,0,0,0,0,1482684618.0
10975130,洲喵家的Jiethea,Xiaomi-Redmi Note 4,android,"84,30827",0,0,1,0,0,1546792558.0
10978926,CassiopeiaELF_RW,HUAWEI-HUAWEI MLA-AL10,android,"2060,136505,212418,212290",0,3,0,0,0,1525610964.0
10984976,Jane以梦为马,Apple-iPhone 6S,ios,"11,12,59",0,0,0,0,0,1513929041.0
10988254,幻想涩世纪,HUAWEI-PAR-AL00,android,"5,212331,218555,17,22",0,0,0,0,0,1551435762.0
10989741,Honey_八風,vivo-vivo Y31A,android,"143354,39699",0,0,2,0,0,1517564859.0
10991399,西柚的尤长胖,vivo-vivo X9Plus,android,"4,9,22,219148",0,1,0,0,0,1528879224.0
10992430,鹿奎笙,vivo-vivo Y66,android,4,0,0,1,0,0,1529073149.0
10993628,Mdabapiich,Apple-iPhone 6S,ios,"24,30827,31564",0,0,0,0,0,1501309532.0
10996091,M宇宙警察M,vivo-vivo X6D,android,"4,176,3125",0,0,0,0,0,1483201854.0
10997417,M陆陆陆松M,Apple-iPhone 8 Plus,ios,"5,17380,70730,70740,63985,4",0,5,1,1,0,1551751887.0
11000052,陈轩宇5861177133,HONOR-PRA-AL00X,android,"3579,4264,369",0,0,0,0,0,1502600251.0
11000655,权世界我只爱bigbangGD,vivo-vivo X20A,android,"4,47,263,329,2060,136505",0,1,0,0,0,1524151251.0
11002292,wuyifan吴亦凡吴亦凡,Apple-iPhone 6S,ios,"166,10,3698",0,0,0,0,0,1532996041.0
11004329,喵最甜,OPPO-OPPO R9s,android,"217341,136505,212357",0,0,0,0,0,1526481717.0
11004582,终于解放了的卿篱君_,OPPO-OPPO R9tm,android,"166437,163876",0,0,0,0,0,1492946240.0
11005142,LITTLE-HERMIT,Apple-iPhone 6S,ios,143,0,0,0,0,0,1501847302.0
11005702,虫虫下虾,Apple-iPhone 6S Plus,ios,"466,105702",0,0,0,0,0,1542616362.0
11006436,蔡依林夫人,OPPO-OPPO R11s,android,"61,115",0,0,2,0,0,1537626517.0
11006970,程墙喊思路,Apple-iPhone 6S,ios,21061,0,0,0,0,0,1485112983.0
11007454,乔巴_呀,Apple-iPhone 6S Plus,ios,"219,138",0,0,0,0,0,1523432662.0
11008126,H懒H宅H色,Apple-iPhone X,ios,"22,380,11,323,466",0,0,2,0,0,1542788203.0
11008870,JANG_GOT7,Apple-iPhone 6,ios,"89069,12048,10429",0,0,0,0,0,1491552585.0
11009021,空AKong,Xiaomi-MI NOTE Pro,android,"225155,225416,225470,184519,226306",0,0,0,0,0,1538023554.0
11009364,落落大方的薛之谦,Apple-iPhone 6S,ios,"185382,369",0,0,0,0,0,1507895455.0
11013991,矢志不渝天涯海角慢慢走,OPPO-PACM00,android,"84,380,30827,31564",0,0,0,0,0,1545261425.0
11015682,水每林夕,Apple-iPhone 6,ios,"4,166,5265",0,0,0,0,0,1501894772.0
11016922,foivi_Xback,Apple-iPhone SE,ios,22,0,0,0,0,0,1505267158.0
11018628,智英1,Apple-iPhone 6,ios,"263,329,47",0,0,0,0,0,1500649264.0
11026831,死胖子是怎样减肥的,Apple-iPhone 7,ios,39590,0,0,0,0,0,1521550596.0
11027306,peace-minus-one-GD,OPPO-OPPO A79,android,"47,263,329",0,1,0,0,0,1526291233.0
11027326,甜筒味的千纸鹤,Xiaomi-Redmi 3,android,"5,221,4",0,0,0,0,0,1492767640.0
11029189,一颗草莓味的奶栗,Apple-iPad Pro 10.5 inch,ios,26300,0,1,0,0,0,1553082204.0
11029949,喵了个咪力,Apple-iPhone 6,ios,"101337,157,1451",0,0,0,0,0,1493547262.0
11031485,MNN_3A87,Apple-iPhone 6,ios,"9,3761,8480",0,0,0,0,0,1530676432.0
11031569,我是白小悦1,OPPO-OPPO A37m,android,138,0,60,3,0,0,1553347338.0
11032150,abcde5,Apple-iPhone 6S,ios,515,0,0,0,0,0,1531730141.0
11032405,吖昕啊,Apple-iPhone 8 Plus,ios,"5853,18735,1975,199641,1626",0,0,0,0,0,1553415911.0
11035480,MissToii,Xiaomi-Redmi 4X,android,"1039,95654,100510",0,0,0,0,0,1531459891.0
11036001,哘空,samsung-SM-C5000,android,"3067,35111,4638",0,0,0,0,0,1509444675.0
11036053,M莫诗艺M,OPPO-OPPO R9tm,android,4,0,0,0,0,0,1501221994.0
11036826,风亦幽香,Apple-iPhone 7 Plus,ios,"207,3449,3609",0,0,0,0,0,1502671027.0
11037088,叶儿青青_,Apple-iPhone 8 Plus,ios,"52011,27,176,5992",0,15,1,0,0,1553424859.0
11038581,XGBB_,Apple-iPhone X,ios,"684,581",0,0,0,0,0,1542890845.0
11038598,椰子酱过量,Apple-iPad Pro 9.7 inch,ios,"212418,1,187092,212331,32069",0,1,0,0,0,1549526661.0
11044553,啵小贤儿吖,Apple-iPhone 6S Plus,ios,"217341,136505,212418,218555",0,1,2,0,0,1534235116.0
11044905,消耗024,Apple-iPhone 6,ios,4264,0,0,0,0,0,1485005100.0
11045549,花花花花十辰yu,OPPO-OPPO R9s,android,"15913,2,100638,145866",0,0,0,0,0,1537619840.0
11046921,雪暗尘香,OPPO-OPPO R9tm,android,"26138,223650,539,2677,33110",0,0,0,0,0,1552973624.0
11048906,豆包Conny,Apple-iPhone 6,ios,"1243,3430",0,0,0,0,0,1487507416.0
11049252,被血染的樱花,HONOR-BND-AL10,android,"77199,18062,17380,70730,86241,70740",0,33,8,0,0,1552029104.0
11049786,Mokyh_,Apple-iPhone 7,ios,"44706,138,82247,91358",0,0,0,0,0,1518789645.0
11050984,Dilililiraba_鱼,OPPO-OPPO R11t,android,"157198,166,14",0,1,0,0,0,1552381555.0
11053528,沫念成桑,vivo-vivo X9,android,"47026,39,3067",0,0,0,0,0,1505808488.0
11053808,我这小骗子走不了了吗0,Apple-iPhone 7,ios,"4,3125,10",0,0,0,0,0,1553270437.0
11056083,毒塘宙庭,vivo-vivo Y51t L,android,4264,0,0,0,0,0,1492747161.0
11056806,Hlher0,Apple-iPhone 5S,ios,"166,15017,113869",0,0,0,0,0,1510209317.0
11056870,L鹿槿,OPPO-OPPO R9sk,android,"4,827,4490",0,0,0,0,0,1504249372.0
11057014,Zoe_echo,OPPO-OPPO A59s,android,"369,105,4",0,0,0,0,0,1491664392.0
11057081,向全世界安利贺峻霖,GiONEE-GN5001S,android,"154768,97605,223837,40157,151894",0,0,0,0,0,1533549485.0
11057851,我爱吃大怪兽,Xiaomi-MI 6,android,3648,0,0,0,0,0,1543727932.0
11060789,陈晨笑,HONOR-PRA-AL00,android,"3672,3673",0,0,0,0,0,1534597180.0
11061188,初恋咖喱鸡_,Apple-iPhone 8 Plus,ios,"218960,369",0,0,0,0,0,1523355268.0
11063196,YouRlovedlxxx,Apple-iPhone 6,ios,"47,263,329",0,0,0,0,0,1485388376.0
11066816,一只废叮,vivo-vivo X7,android,"9,26",0,0,0,0,0,1530688968.0
11068359,呆萌的花痴痴,xiaomi-MI 5X,android,1196,0,3,0,0,0,1550964635.0
11072694,峰峰喋喋phone,OPPO-OPPO R7s,android,3,0,0,0,0,0,1500821206.0
11073831,Kero绿,Apple-iPhone 6S,ios,"42,39,3",0,0,0,0,0,1520861590.0
11073895,仙女奶奶bala_,OPPO-OPPO A57,android,"4,1,5,1196,166,6",0,3,0,0,0,1550070308.0
11078519,YIJIEWANG_,Apple-iPhone 6 Plus,ios,"16706,369,93479",0,0,0,0,0,1507425950.0
11078804,昨天的你的现在的未来717,OPPO-A31,android,"1,5,369",0,0,0,0,0,1483363811.0
11081193,似神明,Apple-iPhone 6S Plus,ios,"138,219,1196,195,183,3934",0,0,1,0,0,1544313620.0
11081549,玉问风雁47,HUAWEI-CUN-AL00,android,4490,0,0,0,0,0,1485109956.0
11083497,X_XKrystal,Apple-iPhone 7,ios,13709,0,0,0,0,0,1493945934.0
11084642,DieSonne_-,vivo-vivo X5Pro D,android,"10,184241,180642",0,0,0,0,0,1505625888.0
11087341,赵哒哒v,HONOR-CAM-TL00H,android,"39,100,29472,51575",0,0,0,0,0,1493293914.0
11087416,freestyle小鱼儿520,Xiaomi-MI NOTE LTE,android,3,0,0,0,0,0,1520695047.0
11087478,jing心观tao,Meizu-M6 Note,android,99,0,0,0,0,0,1531436146.0
11087761,语忆秋零_00小白兔,HUAWEI-PIC-TL00,android,83,0,0,0,0,0,1533457548.0
11088732,🚄🚄🚄🚄1,samsung-SM-N9006,android,"4,24",0,0,0,0,0,1499448572.0
11089195,PinkWonho931,Apple-iPhone 5S,ios,"216549,17534,4241,132284,15415",0,0,0,0,0,1523709047.0
11089280,筆墨熒火,Apple-iPhone 6S Plus,ios,"123372,123371,176217,213346,99,112446",0,1,0,0,0,1549013498.0
11089971,Mr_凡先生的缇娜,vivo-vivo X6A,android,"9718,10,345,176217",1,0,0,0,0,1553039720.0
11090553,fangziiimu,Apple-iPhone 7,ios,2060,0,2,0,0,0,1536468624.0
11093280,娜个星家女1,HONOR-DUK-AL20,android,"9,26",2,108,1,1,0,1553394115.0
11097609,zzwzjs,OPPO-OPPO R7,android,22,0,0,1,0,0,1533871060.0
11098310,WELCOMEBACK-,Huawei-HUAWEI P7-L07,android,"163,717,28905",0,0,0,0,0,1484589695.0
11098983,Laineyseven,vivo-vivo X7,android,"5745,23745,5729,5360",0,0,0,0,0,1553419275.0
11100383,張會愛杰娜,vivo-V1816T,android,"17380,138,9,26,70740,70730",0,0,0,0,0,1553442931.0
11101294,墨痕玖儿,OPPO-OPPO A59s,android,"5,113,113869",0,0,0,0,0,1540908383.0
11101730,riri-丽丽,Meizu-MX5,android,"53,3354",0,0,0,0,0,1490937550.0
11101736,木卜君,OPPO-PADM00,android,"4241,132284",0,0,0,0,0,1550201470.0
11104015,怎么顾得来,HUAGAN-HUAGAN HT8,android,"9,3217,3430",0,0,0,0,0,1498126507.0
11104586,JCYb,Apple-iPhone 7 Plus,ios,"39,41",0,0,0,0,0,1508078329.0
11104681,王湘慧_DONNA,OPPO-OPPO R9s,android,"4,166,44706,1481",0,0,0,0,0,1510888512.0
11106056,Mr华夫饼先生,OPPO-OPPO R9 Plusm A,android,"4,44706,1481,12",0,0,0,0,0,1503983665.0
11107700,谦jia苍苍,Meizu-M3s,android,369,0,0,0,0,0,1522110298.0
11109203,Liangyongyiw,Apple-iPhone 6S Plus,ios,11,0,0,0,0,0,1483446848.0
11110813,我滴他姓陳i,vivo-vivo X20A,android,"3775,16,15697",0,0,0,0,0,1523582048.0
11111380,心路语花,HONOR-COL-AL10,android,"206,39,242",0,0,0,0,0,1551445220.0
11113453,icecream_xinxin,Apple-iPhone 7 Plus,ios,128,0,0,0,0,0,1530378755.0
11113671,傻脸s,Apple-iPhone 7 Plus,ios,"539,1196,2136",0,0,0,0,0,1490709502.0
11118498,一只叫星星的兔子灬,HONOR-COL-AL10,android,84,0,0,0,0,0,1553068744.0
11120231,可予十,Apple-iPad Mini 4,ios,"16,3775,77366",0,0,0,0,0,1518654648.0
11120734,高明玉-想吃玉米糕,vivo-vivo X6Plus D,android,"158287,61,10900",0,0,0,0,0,1503895814.0
11121517,权世界最爱你的笑,OPPO-OPPO R9km,android,"44,47,263",0,0,0,0,0,1498548006.0
11121769,思公子兮未敢言9913,Xiaomi-Redmi Note 3,android,"4,2084,10538",0,0,0,0,0,1492939846.0
11123934,Sing4For1you0,Apple-iPhone 6S,ios,"10,22,4",0,0,0,0,0,1487736068.0
11124293,所有的卤蛋曾经都是水煮蛋,vivo-vivo Y17W,android,"30257,34747,37165",0,0,0,0,0,1488031029.0
11126622,WYT小万,vivo-vivo X7Plus,android,"4672,17036,11607",0,0,0,0,0,1523866973.0
11127591,奶酪长生果,HUAWEI-HUAWEI TIT-TL00,android,"30900,4,369,17380,93479",0,0,0,0,0,1549680216.0
11128620,KKKA雨珂珂,OPPO-OPPO R9m,android,"11,39,47",0,0,0,0,0,1485665691.0
11129196,___Yunyunyun,Apple-iPhone 6S Plus,ios,151239,0,0,0,0,0,1543650312.0
11131049,L木哈哈哈哈哈哈哈哈,Xiaomi-HM NOTE 1LTE,android,"4,24,4638",0,0,0,0,0,1507874433.0
11132006,LynneChanyl,HONOR-KIW-TL00H,android,"12,1243,3,11",0,3,0,0,0,1550381718.0
11132243,芥末w,Apple-iPhone 6S,ios,17380,0,0,1,0,0,1551364050.0
11132291,Anonyme29,vivo-vivo X21A,android,"17380,70730,84,380,3,369,7330",0,20,4,0,0,1550848319.0
11132744,tamia的小绵羊,Meizu-M57AC,android,"369,581,99",0,0,0,0,0,1511873199.0
11132904,ModeratoDolce,HONOR-COR-AL10,android,"30827,31564,107090",0,0,0,0,0,1542812406.0
11134001,YMXLSY,OPPO-R8007,android,"4,24,47",0,0,0,0,0,1488581505.0
11135670,李京泽的小女朋友,xiaomi-MI 5X,android,"219279,228609,30900,93479,227121,138",0,4,3,0,0,1550551385.0
11137051,沈遇安_,vivo-vivo Xplay5A,android,"217341,138,112351",0,2,0,0,0,1533201430.0
11137558,不是我执着而是你值得-lu,pairad-H18,android,"1196,4,24",0,0,0,0,0,1487632776.0
11139013,梦娇寒阁forever,Lenovo-Lenovo P2c72,android,"3,11,39",0,0,0,0,0,1485275519.0
11145597,熠熠星光_忆艺兴光,vivo-vivo X9,android,"32744,127822,41066",0,0,0,0,0,1524078929.0
11146573,LuckyCaratLuv_FPM,Apple-iPhone 8,ios,"123372,123371,15464,119980,137243,224133",0,0,0,0,0,1547800147.0
11150931,栀鹿xin,vivo-vivo X7,android,"105,3917",0,0,0,0,0,1483054289.0
11152281,CherSYi,Apple-iPhone 6S Plus,ios,"4,3917",0,0,0,0,0,1484131934.0
11152843,B_Besokuse,Apple-iPhone 8 Plus,ios,"3,4,5265",0,0,0,0,0,1527959352.0
11155282,坏蛋爱吃蛋炒饭i,GIONEE-GN9011,android,5265,0,0,0,0,0,1486546803.0
11156898,美国搞基大队长,Apple-iPhone 6 Plus,ios,"3917,5265,14708",0,0,0,0,0,1494704872.0
11157372,爱喝香蕉的小牛奶-,vivo-vivo X7,android,"180,40050",0,0,0,0,0,1497102406.0
11160593,爱看粉红的231,Apple-iPad Mini 2,ios,"138,5,1,6,369",0,4,0,0,0,1550785047.0
11160787,日思夜想那辫儿哥哥lx,OPPO-OPPO R11st,android,"230757,17380,70730,70954,17671,63985",0,2,0,0,0,1549503450.0
11162408,zhuang燕子1990,vivo-V1809A,android,4,0,12,4,0,0,1547118848.0
11165311,秋千youyou,samsung-SCH-I959,android,3917,0,0,0,0,0,1531544987.0
11168738,小哥哥们都没腿,HUAWEI-HUAWEI CAZ-TL20,android,90765,0,0,0,0,0,1525692075.0
11170405,酥脆饺子皮,HONOR-PRA-AL00,android,218555,0,1,0,0,0,1547951152.0
11171246,LU鹿HAN晗MM,vivo-vivo Y67,android,"3,4,22",0,0,0,0,0,1487948886.0
11172343,Joy-GR,OPPO-OPPO R9m,android,"108,5265,16562",0,0,0,0,0,1545712450.0
11172346,繁花血景一如初恋,Apple-iPhone 6S Plus,ios,"3917,84,163996,13050",0,0,0,0,0,1534059707.0
11172442,张da毛-,Apple-iPhone 6S Plus,ios,"3917,165564,219089,151646",0,0,0,0,0,1531124155.0
11173943,喵了一个猫喵,Apple-iPhone 5S,ios,"3635,3917,19051",0,0,0,0,0,1484267264.0
11174182,张好好好kk,Apple-iPhone 6,ios,3917,0,0,0,0,0,1486442226.0
11174776,杨477777,Apple-iPhone 7,ios,3917,0,0,0,0,0,1487057552.0
11175475,不做梦的黄小对,Apple-iPhone 6,ios,"3917,105",0,0,0,0,0,1489658946.0
11175837,xiongmya,Apple-iPhone 6S,ios,3917,0,0,0,0,0,1510033008.0
11177989,貝殼同學i,Apple-iPhone 6S,ios,"89069,184620,109212",0,0,0,0,0,1541605729.0
11179182,凡凡带着ss环游世界,Apple-iPhone 6,ios,"43,219,5360,5729",0,0,0,0,0,1488073544.0
11181458,周麟奇笑笑,Apple-iPhone 6S Plus,ios,"369,12599",0,0,0,0,0,1485692544.0
11182147,THRASHER-,Apple-iPhone 6,ios,3430,0,0,0,0,0,1509012731.0
11182380,鳳-Phoenix,vivo-vivo X9i,android,"159224,10226,3067,138,16,59",0,1,0,0,0,1542470001.0
11182605,Winniehoooo0,Apple-iPhone 7 Plus,ios,"369,185382",0,0,0,0,0,1509360518.0
11184096,starry44,vivo-vivo X7Plus,android,"9,217341,2060,136505,212290,212418",0,10,6,0,0,1531711977.0
11184642,__瘾____,HUAWEI-BTV-W09,android,"10,11",0,0,0,0,0,1528945717.0
11185747,苏美人是攻,Meizu-A680Q,android,"3635,3917",0,0,0,0,0,1509941942.0
11185808,我不管我一定要见到我糖,OPPO-PAFM00,android,"176,27",0,0,0,0,0,1545330271.0
11188671,ML-DD,Meizu-M5 Note,android,"11467,3709",0,0,0,0,0,1518682704.0
11188878,Z_linger_Z,Apple-iPhone 7,ios,"11,539,862",0,0,0,0,0,1500679216.0
11189899,高贵的邓霄,Meizu-M5,android,"1666,3116,57943",0,0,0,0,0,1503420018.0
11190713,苏白01,Apple-iPhone 6S,ios,"84,2060",0,20,2,0,0,1534315181.0
11190730,我的傻俊,OPPO-OPPO R9s,android,"1,5,6,22,49,7",0,0,0,0,0,1553410405.0
11190878,ZnReset,HUAWEI-EVA-AL00,android,"19,4,166",0,0,0,0,0,1496589729.0
11192374,公子决555,360-1807-A01,android,"4,3934",0,0,0,0,0,1529117795.0
11194091,珉糖糖,samsung-SM-A920F,android,"228061,222472,218861,213680,213678,212511",0,0,0,0,0,1553319887.0
11196895,在_你_身_后,HUAWEI-EVR-AL00,android,229629,0,0,0,0,0,1553257802.0
11201913,王捡洲王,vivo-vivo Y927,android,"97608,74,4171",0,0,0,0,0,1488542252.0
11202084,易姿姿,HUAWEI-BLA-AL00,android,"31564,50",0,0,0,0,0,1546519300.0
11202502,冰晗陌,HUAWEI-VKY-AL00,android,"3,39,10,1196,195",0,0,0,0,0,1551536749.0
11204455,ANGEL_KARRY921,Apple-iPhone 6 Plus,ios,"1,5,6",0,0,0,0,0,1506353297.0
11205379,雯儿头上的小梳子,OPPO-OPPO A57,android,"3917,21653",0,0,0,0,0,1492267366.0
11205812,陳等等的一只废汪Lucy,samsung-SM-T560,android,"11,39",0,0,0,0,0,1501653050.0
11207780,Missho11,Apple-iPhone 6 Plus,ios,"2060,222275",1,13,5,0,0,1553349726.0
11208173,欢y12_,Apple-iPhone 7,ios,"22,3119,241",0,0,0,0,0,1518605241.0
11211189,今天朴炯植朴宝英恋爱了ma,vivo-vivo X9Plus,android,"4,138,221",0,0,0,0,0,1508557890.0
11212079,白笠伊珊,Apple-iPhone 6 Plus,ios,95,0,0,0,0,0,1504274386.0
11212380,努力小青年_,OPPO-1107,android,382,0,0,0,0,0,1494577226.0
11212837,香菜胖达小榴莲,nubia-NX523J_V1,android,"95,20299,29038",0,0,0,0,0,1485213039.0
11213763,Circleyu,vivo-vivo Y66,android,"2,84,380,527",0,0,0,0,0,1532411455.0
11217352,一粒pikachu,Meizu-M6 Note,android,"3917,1196",0,0,0,0,0,1550939162.0
11217876,执有谦,Apple-iPhone 6,ios,"16706,369,1455",2,3,0,0,0,1537496114.0
11218613,阿嘉嘉JEA,Apple-iPhone X,ios,"219245,11",0,0,0,0,0,1548516169.0
11219873,权多多阿,Apple-iPhone 6,ios,"138,84,28233,380",0,0,0,0,0,1529507479.0
11220283,徘徊的猫耳,Apple-iPhone 6,ios,43885,0,0,0,0,0,1518334830.0
11221922,清风徐来海筱乔伊,vivo-vivo Y67,android,1039,0,1,0,0,0,1553422699.0
11224902,Antler_天将明,OPPO-OPPO R9 Plusm A,android,"131020,4,24",0,0,0,0,0,1498311849.0
11225972,杨洋icon艾特狗尾巴草的小心情,Apple-iPhone 6S,ios,44,0,0,0,0,0,1508304404.0
11227375,_混世羽宝_,vivo-vivo Y79A,android,"12,97605,1,5,6",0,0,0,0,0,1543219036.0
11228130,豆丁的欠r,Apple-Unknown Device,ios,"13842,4008,7123,26138,8352,349",0,2,0,0,0,1538397447.0
11229956,咩咩佳艺,Apple-iPhone 6S,ios,"44,3475,3556",0,0,0,0,0,1489249706.0
11230245,没心没肺的huozhe,GiONEE-GN9010,android,"101111,24128,369",0,0,0,0,0,1495276606.0
11233177,nmanzj,OPPO-OPPO R9m,android,"9,26",0,0,0,0,0,1506573657.0
11234227,SimG0,Apple-iPhone 6S Plus,ios,"28954,7346,4,166",0,0,0,0,0,1506850487.0
11235590,咖啡猫咪0925,Apple-iPhone 7 Plus,ios,10,0,0,0,0,0,1514547349.0
11236847,nini_chener,vivo-vivo X20Plus A,android,"47,31853,112351,100443,102471,112192",0,0,0,0,0,1553090485.0
11237124,各自安好wy,OPPO-OPPO R9 Plusm A,android,"5,84",0,1,0,0,0,1535351389.0
11237744,小雪枝snow,HUAWEI-PAR-AL00,android,"3,59,42,12,337,539",0,72,13,6,0,1553440133.0
11238299,Super郭璐璐,vivo-vivo Y67,android,"9,26,138",0,0,0,0,0,1545906698.0
11240371,扯淡De青春R,Apple-iPhone 6S Plus,ios,"1,5",0,20,0,0,0,1553083862.0
11240769,-pppollly,Apple-iPhone 7 Plus,ios,"96,827,4490",0,0,0,0,0,1517721691.0
11242765,手心融化山城的雪,OPPO-PBEM00,android,"201652,201655,1,6",0,0,0,0,0,1549593203.0
11244932,y杨xl77h,Xiaomi-MI 2S,android,4,0,0,0,0,0,1505905838.0
11246054,宋木木娜,Xiaomi-MI 6,android,"9,56390",0,1,0,0,0,1530584280.0
11249341,HuiiQ00219,Apple-iPhone 6S,ios,"11,166,194",0,0,0,0,0,1486793176.0
11249704,Awooii,Xiaomi-MI 5,android,"154,8517,111729",0,0,0,0,0,1486112671.0
11249876,曾经的奇妙,OPPO-OPPO R11s,android,"45109,3949,3954,44706",0,0,0,0,0,1552906691.0
11250315,我不知道你不知道别知道,Apple-Unknown Device,ios,212331,0,0,1,0,0,1539777566.0
11252085,Sea_Biscuit_海洋饼干,Apple-iPhone 6S Plus,ios,"3579,4264",0,0,0,0,0,1494995966.0
11252101,小豆雄,Apple-iPhone 6S,ios,"1,4,3",0,0,0,0,0,1487322172.0
11255157,秩序V,OPPO-OPPO R7s,android,"41585,3917",0,0,0,0,0,1514045981.0
11255294,亦柒柒柒vi,Xiaomi-Mi Note 3,android,"369,16706,40404,5",0,0,0,0,0,1531225319.0
11256078,阑珊处爱Lee如初,HONOR-BLN-AL40,android,"58861,96,4543",1,35,1,1,0,1550934830.0
11257102,-.-20,Huawei-H60-L02,android,"84,31564,380,30827",0,14,4,0,0,1532999118.0
11257739,未来七年依然有我陪你们,Honor-CHM-TL00H,android,"1,5,6",0,0,0,0,0,1483096400.0
11258793,浅陌初心jason,OPPO-A31,android,"9,3761,8480",0,0,0,0,0,1501906667.0
11259695,天神一般的男子,OPPO-OPPO R9m,android,"22,59",0,0,0,0,0,1482763799.0
11259932,暖冬的陪伴,vivo-vivo X20A,android,"16,3559,2",0,0,0,0,0,1509957936.0
11262338,疯子一样的优雅,OPPO-OPPO R9m,android,"369,3654,38111",0,0,0,0,0,1484910014.0
11262546,钺玥宝贝,OPPO-OPPO R9s,android,"84,380",0,0,2,0,0,1544941338.0
11262619,Soooooo9,Apple-iPhone 7 Plus,ios,"130971,500,15997",0,0,0,0,0,1529399497.0
11264380,睡眼朦珑,vivo-vivo X9Plus,android,"4,10,22",0,0,0,0,0,1502848448.0
11265325,孑然一身不好吗,HONOR-PLK-TL01H,android,"24,131020,588,138",0,1,0,0,0,1525535789.0
11265562,LoeyBaekkie,Apple-iPhone 6,ios,"6754,131020,138013",0,0,0,0,0,1506033480.0
11266055,朴灿妮的边村长,Apple-iPhone 6,ios,"4,186092,151239",0,0,0,0,0,1518487706.0
11267212,希希希希希希希希希希希希希希希,Apple-iPhone 7,ios,"3917,7537",0,0,0,0,0,1503563828.0
11268547,樱见花落,OPPO-OPPO R9m,android,"3,4,369",0,0,0,0,0,1497006014.0
11269014,萨瓦纳永生,vivo-vivo Y35A,android,3570,0,0,0,0,0,1532848235.0
11269730,火羊与狗蛋,Meizu-M681C,android,5,0,0,0,0,0,1488623817.0
11270476,薛之谦同学,vivo-vivo X9,android,"1243,369,16706",0,0,0,0,0,1505052027.0
11270938,波澜微荡_Cassiel,Huawei-HUAWEI G750-T01,android,"44,980,22618",0,0,0,0,0,1488233746.0
11271381,你好像是,vivo-vivo Y55A,android,"2060,217341,22,4,24,4571",0,0,0,0,0,1533725898.0
11271505,爱哦哦33,OPPO-OPPO R9tm,android,"195622,38111",0,0,0,0,0,1544790244.0
11272258,苑家妮ni,Apple-iPhone 6,ios,"3528,3529,42389,42377",0,45,1,0,0,1552313896.0
11272961,薛之谦的土豆,Apple-iPhone 5S,ios,"369,16706",0,0,0,0,0,1531143634.0
11273105,傲娇的小迷弟,Xiaomi-MI MAX,android,"39,5265,10",0,2,0,0,0,1530712919.0
11274016,傆唻配角也狠美,Apple-iPhone 7 Plus,ios,"31,93479",0,0,0,0,0,1514804935.0
11274344,一颗软柿子y,HONOR-STF-AL10,android,"50254,23102,369",0,0,0,0,0,1505476260.0
11275662,你里一笑兴城网红May,Apple-iPhone 6,ios,"4,22,131020",0,0,0,0,0,1491705154.0
11275976,奶酷1,Apple-iPhone 6S,ios,"6,1,5",0,0,0,0,0,1536742278.0
11276444,徽音谦语,Apple-iPhone 7 Plus,ios,"16706,369,170492",0,0,0,0,0,1537169702.0
11276595,欣宝宝宝b,OPPO-OPPO A59m,android,"24,6754,131020,22",0,0,0,0,0,1492582709.0
11276743,东京下雨在巴黎,vivo-vivo X7Plus,android,"6754,4,10,6659,22,2060,369",0,0,0,0,0,1537412542.0
11276981,余下情话,OPPO-OPPO A57,android,"21653,567,166",0,0,0,0,0,1514715677.0
11279779,Victoria9068,Apple-iPhone 6,ios,"11,42,45",0,0,0,0,0,1498813079.0
11280177,霸王龙yu,Xiaomi-MI MAX 2,android,"203,2",0,0,0,0,0,1533282825.0
11280813,洋宝专属迷妹icon,vivo-vivo X9L,android,44,0,0,0,0,0,1516671804.0
11282155,长腿大妞DTX,Xiaomi-MI 3W,android,"50,3579,4264",0,0,0,0,0,1484711627.0
11282857,嫁给薛之谦,OPPO-OPPO R9m,android,369,0,0,0,0,0,1491111366.0
11283336,向YunKi的西瓜,OPPO-OPPO R9s,android,"4241,132284",0,0,0,0,0,1486464439.0
11284148,蔡徐坤的小粉丝23,HONOR-JMM-AL10,android,2060,0,0,1,0,0,1553264556.0
11284251,小霆家的二傻子1,OPPO-OPPO R9s,android,"11,3116",0,0,0,0,0,1510790041.0
11285340,T只谈心不贪心T,Apple-iPhone 5,ios,8865,0,0,0,0,0,1518698949.0
11285857,那是百般无奈,vivo-V1816A,android,2,0,0,0,0,0,1552535781.0
11289829,kkw的小甜心_动次打次,QiKU-8692-A00,android,"539,980",0,0,0,0,0,1502631923.0
11289984,Azure_kkw,QiKU-8692-A00,android,539,0,0,0,0,0,1503020828.0
11290503,就王子杰呗,Apple-iPhone 6S Plus,ios,11,0,0,0,0,0,1519642217.0
11292348,唐牧剂dowep,Apple-iPhone 6,ios,"38223,41838",0,0,0,0,0,1518057794.0
11292363,拓跋须裤xvyyk,Apple-iPhone 6,ios,"1,38223,41838",0,0,0,0,0,1518057436.0
11292505,钟静茵-钟家小妹,Apple-iPad Mini 4,ios,"742,51,36,29,17452,10474",0,2,3,0,0,1553403614.0
11294358,幸雪-勿忘初心,asus-ASUS_X00ID,android,"93660,539",0,0,0,0,0,1532609278.0
11294481,果JJam,Apple-iPhone SE,ios,1,0,0,0,0,0,1545217094.0
11295648,沫凡yii,OPPO-OPPO R9tm,android,"1,4,10",0,0,0,0,0,1485149119.0
11295773,活命poison℡,HONOR-CAM-TL00,android,"271,166",0,0,0,0,0,1516275497.0
11297322,乔溪X,HONOR-CAM-AL00,android,"4,24",0,0,0,0,0,1500976422.0
11298510,是瑾不是谨更不是锦,Apple-iPhone 8,ios,"152,161,581",0,0,0,0,0,1553412203.0
11302202,唯幂独尊912,OPPO-OPPO A59m,android,"12,273",0,0,0,0,0,1497989139.0
11302624,Y_yaze雅泽,Apple-iPhone 7 Plus,ios,"221,159692",0,0,0,0,0,1488360477.0
11303215,薇YI,Apple-iPhone 7,ios,"30827,31564",0,0,0,0,0,1526350318.0
11303940,YUNER1-,Apple-iPhone 6S Plus,ios,"527,32,5265",0,0,0,0,0,1518710121.0
11305121,ChanCandy_,Meizu-16 X,android,2060,0,1,1,0,0,1545306144.0
11306045,我知道王源离我不远,Apple-iPhone 7 Plus,ios,"201655,6,150658",0,0,0,0,0,1528905138.0
11306322,易个昵称,Apple-iPhone 6S,ios,5,0,0,0,0,0,1513127911.0
11307440,小继科的内裤,Apple-iPhone 6S,ios,"219,138,588,3917",0,0,0,0,0,1523015953.0
11308265,今天天气真好欸,OPPO-OPPO R9m,android,5,0,0,0,0,0,1496506177.0
11308337,琴胖子哇,vivo-vivo X7,android,"1,5,6",0,0,0,0,0,1504369218.0
11309577,唐妈妈的女儿t,vivo-vivo X6SPlus D,android,"59,21238",0,0,0,0,0,1495813860.0
11313882,亲爱的莉莉周,vivo-vivo Y35A,android,"4,10,24",0,0,0,0,0,1483692481.0
11313975,M我爱宝贝魏一M,Apple-iPhone 6S,ios,"4,18,36",0,0,0,0,0,1489759831.0
11314103,蓝小妍熙,Apple-iPhone 7 Plus,ios,5265,0,0,1,0,0,1551864951.0
11314380,薛芭比的小小公举,HONOR-PLK-AL10,android,"5,369,185382",0,0,0,0,0,1507290416.0
11316321,烁烁621,Apple-iPhone 6S Plus,ios,"5265,4",0,0,0,0,0,1525074210.0
11317095,怪镇鲜花干瘦,ZTE-ZTE A880,android,"19067,39987",0,0,0,0,0,1485158063.0
11318896,永远唯爱亦凡,OPPO-OPPO R9s,android,"10,24,6754",0,0,0,0,0,1485137027.0
11322428,洛笙儿,OPPO-PACM00,android,"4628,2101,138,84,97,271,539",0,2,1,0,0,1535294132.0
11324487,BEtter_RuBY,GiONEE-GN5001S,android,"43,1196,4194",0,0,0,0,0,1489414712.0
11325199,vision冯,HONOR-PLK-AL10,android,"17380,70730,70997",0,0,0,0,0,1544450307.0
11328179,张演员MYt,vivo-vivo X6D,android,105,0,0,0,0,0,1527655669.0
11328203,粗额咔,Apple-iPhone X,ios,"6,11,369",0,0,0,0,0,1543502263.0
11328498,朱凯帝迪,Apple-iPhone 6S Plus,ios,3917,0,0,0,0,0,1489584012.0
11330605,我不爱吃盖浇饭,vivo-vivo X7,android,"105,567,229629",0,0,0,0,0,1544316632.0
11330789,TFBOYS-易烊千玺38426,vivo-vivo Y23L,android,"1,5,6",0,0,0,0,0,1486716150.0
11330966,八喜不加冰,Apple-iPhone 7 Plus,ios,28233,0,0,1,0,0,1541820218.0
11331096,当老林遇上桃儿,Xiaomi-Redmi Note 3,android,"522,35,46",0,0,0,0,0,1537520483.0
11331453,闵哒宝,Apple-iPhone 7,ios,"35,138,12",0,0,0,0,0,1531906659.0
11332852,陈青春陈青春,Apple-iPhone 6S Plus,ios,"1243,9255,13709",0,0,0,0,0,1488891827.0
11334974,MY-2兴,Apple-Simulator,ios,"3119,8531,22",0,0,0,0,0,1553440580.0
11335327,微微一笑很倾城IDO,Apple-iPhone 6,ios,"30827,31564,107090",0,0,0,0,0,1487942016.0
11336078,我车饱,Apple-iPhone 6S Plus,ios,"24,108,105093",0,0,0,0,0,1525359616.0
11336390,嗨小涛,OPPO-OPPO R9s,android,"47,1",0,0,0,0,0,1539878138.0
11337019,大鹏1,Xiaomi-Redmi Note 4,android,"84,380,167475,666",0,3,5,0,0,1549128826.0
11337368,說盡千言萬語不如一個眼神的悸動,Apple-iPhone 6S Plus,ios,"1196,195",0,0,0,0,0,1536513283.0
11337446,-LiYuBin_,Apple-iPhone 7,ios,10,0,0,0,0,0,1548344708.0
11337754,M鹿依澜M,Apple-iPhone 6 Plus,ios,"11,39,2468",0,0,0,0,0,1503742035.0
11338146,A宁姑娘阿,OPPO-OPPO R9m,android,"17380,70730,125114",0,0,0,0,0,1500824175.0
11338430,照耀闪耀的星,HUAWEI-RNE-AL00,android,"40258,38447,45265",0,0,0,0,0,1534958284.0
11340120,hhh191,OPPO-OPPO R11t,android,"47,93479",0,0,0,0,0,1523163186.0
11340319,犊鼻,vivo-V1816A,android,"30827,31564,108885",0,4,0,1,0,1553441473.0
11341092,weaver15,Apple-iPhone 6S Plus,ios,105,0,0,0,0,0,1503902174.0
11341207,花暑几木,Apple-iPhone 6,ios,"9182,10198,12245",0,0,0,0,0,1512889863.0
11341439,方脸小卷毛,Apple-iPhone X,ios,89069,0,3,0,0,0,1553437429.0
11344551,YiTing靜,OPPO-X9009,android,"59,556",0,1,0,0,0,1530580479.0
11345241,梦回泽轩,Apple-iPhone 8 Plus,ios,"11,63,84,380,72428",0,0,0,0,0,1538844840.0
11349518,🌸🌸🌸🌸🌸1,vivo-vivo X20A,android,"380,17380,70730,84,5",0,39,6,0,0,1553180323.0
11350404,小幸运在唱歌_55555,Apple-iPhone 7 Plus,ios,"4,141637",0,0,0,0,0,1483756486.0
11350510,LHMayday,Apple-iPhone 6,ios,46,0,0,0,0,0,1496237034.0
11350853,不搞事情的加V,Apple-iPhone 6S,ios,121873,0,0,0,0,0,1531710834.0
11350963,at_昕语,Apple-iPhone 6,ios,"217437,105",0,1,0,0,0,1553423562.0
11352521,泡菜鱼丸有没有,HONOR-NEM-AL10,android,"6754,187092",0,0,0,0,0,1541488598.0
11352942,SSSSSSJyu,OPPO-OPPO R9tm,android,10,0,0,0,0,0,1487927377.0
11354111,张小杰的大易,OPPO-OPPO A33,android,"5,9",0,0,0,0,0,1510915098.0
11354191,612星球炸屎攻,HONOR-LND-AL30,android,"228533,3672,3673,228442,226770",1,15,1,1,0,1553235138.0
11354202,Elsa_lyt,vivo-vivo X7,android,"17919,44706,1481",0,0,1,0,0,1528363628.0
11354603,胡锦宜201508,Meizu-m1 metal,android,"9,26,34000",0,0,0,0,0,1493383871.0
11357601,程滢滢15644635576,OPPO-OPPO A59m,android,"9,43,219",0,0,0,0,0,1485513681.0
11358205,鹿下九樱,OPPO-OPPO A33m,android,"3,4,20",0,0,0,0,0,1483200417.0
11359216,聪明佳0115,Apple-iPhone 8 Plus,ios,"213680,218861,827,4490,213678,212511",0,1,0,0,0,1547463753.0
11360855,目糖o_O,OPPO-OPPO R9m,android,"84,380,167475",0,0,1,0,0,1553408229.0
11361382,易昕在易起,vivo-vivo X9,android,"3,4,166",0,0,0,0,0,1511096972.0
11362364,炒米小水瓶,OPPO-OPPO R9tm,android,20,0,0,0,0,0,1553293442.0
11363637,撒么历险记,Apple-iPhone 7 Plus,ios,172,0,0,0,0,0,1516111125.0
11368558,Rainbow_karry,OPPO-OPPO R9m,android,1,0,0,0,0,0,1483944784.0
11369469,四鞠--囧丁,OPPO-OPPO R9m,android,"18964,682,604,2885,684,2821,3653",0,0,0,0,0,1547549389.0
11371065,费吗龟费,OPPO-OPPO R7sm,android,84186,0,0,0,0,0,1485165444.0
11372644,小猪猪opmg,vivo-vivo X5Max+,android,4490,0,0,0,0,0,1485184659.0
11372718,司寇狱咬,HONOR-KNT-AL20,android,40157,0,0,0,0,0,1486565553.0
11374728,一碗汤圆lh,Meizu-m2 note,android,4,0,0,0,0,0,1485439399.0
11374780,nininini_67685,OPPO-OPPO R9m,android,"5904,4264",0,0,0,0,0,1485148926.0
11377990,少爷东方辛巴,OPPO-OPPO R9s,android,"44,4490",0,0,0,0,0,1485183140.0
11380751,小丑鱼木木夕,Apple-iPhone 8,ios,684,0,0,0,0,0,1541622087.0
11382759,陪安东尼度过漫长岁月的Tiramisu,OPPO-OPPO R9tm,android,13709,0,0,0,0,0,1515584633.0
11383648,小婷子_tracy,Apple-iPhone 6S Plus,ios,"827,4490",0,0,0,0,0,1514378163.0
11383785,马儿故事,Apple-iPhone 6S,ios,"4490,111877",0,0,0,0,0,1485183952.0
11383821,Wallace_Ying,OPPO-PBET00,android,"219,84,380,42,138",0,15,2,0,0,1545811604.0
11385374,冷涧风,OPPO-OPPO R9tm,android,4490,0,0,0,0,0,1485185195.0
11385548,William陈伟霆的菁格格,Apple-iPhone 7 Plus,ios,11,0,0,0,0,0,1512412917.0
11385745,明天等待我的将会是什么,vivo-vivo X5Pro D,android,4490,0,0,0,0,0,1485181787.0
11386109,昨晚睡得好吗啾,Xiaomi-MI MAX 3,android,122,0,1,0,0,0,1553181569.0
11386330,叫我亡灵,OPPO-OPPO R9m,android,4490,0,0,0,0,0,1485181819.0
11386685,宋强2011闯天涯_501,Xiaomi-MI 3W,android,"684,331,1858",0,0,0,0,0,1485856098.0
11389497,landylxp_19b0fe,Meitu-MP1503,android,"5,3128",0,0,0,0,0,1485039192.0
11390642,Silverdew-Zhang,Apple-iPhone 6S,ios,"138,56917",0,0,0,0,0,1498008627.0
11391147,熊崽子就是朕,Apple-iPhone 6,ios,"94,95",0,0,0,0,0,1487244676.0
11391884,顾阿乆,Xiaomi-Redmi Note 3,android,"4,24,144",0,0,0,0,0,1500524031.0
11392168,花衣少年LU,HUAWEI-HUAWEI TAG-AL00,android,"4,24,6659",0,0,0,0,0,1485275617.0
11392505,淇淇71377,OPPO-OPPO R9m,android,"185382,369,151239",0,0,0,0,0,1527943978.0
11394383,ZYL48-FushengLuo,Apple-iPhone 6S Plus,ios,69,0,0,0,0,0,1534244755.0
11394817,我的悲欢里什么时候才有你,Apple-iPhone 6S,ios,"7330,2060",0,0,0,0,0,1524137613.0
11394998,你才是地球人,HUAWEI-HUAWEI NXT-AL10,android,"922,2424,1980",0,0,0,0,0,1504421592.0
11395275,二黑哥哥,HUAWEI-MHA-AL00,android,"17380,70730",0,2,7,1,0,1538137564.0
11395441,Lindsay芝麻apple,Apple-iPhone 6S,ios,142020,0,0,0,0,0,1492575782.0
11398083,—南笙,OPPO-OPPO R9tm,android,"84,163996",0,71,3,0,0,1552911367.0
11398653,晶晶晶晶晶大王,Apple-iPhone 7 Plus,ios,1196,0,0,0,0,0,1550378182.0
11401298,Katerina-Ting,samsung-SM-C7000,android,47,0,0,0,0,0,1494806342.0
11402737,正能量正能量609,vivo-vivo X20A,android,"588,7,3067,27,6,362",0,2,0,0,0,1553271290.0
11402856,XLL钟你一生,Apple-iPhone 7,ios,29,0,0,0,0,0,1482734877.0
11404185,小媚儿呦,Apple-iPhone X,ios,"187579,218861",0,1,1,0,0,1537377189.0
11407856,蔡徐坤娉婷叫你回家吃饭,xiaomi-Redmi Note 5A,android,2060,0,0,2,0,0,1535532478.0
11408094,乖乖哒哒小仙女v,HUAWEI-WAS-LX2,android,"218555,219148",0,0,0,0,0,1536473139.0
11410073,mandy1219,samsung-SM-J510UN,android,"499,1066,2624",0,0,0,0,0,1501073295.0
11410139,莘昭桂彩蓉梦影,m3note-m3note,android,"30827,57567",0,0,0,0,0,1498569872.0
11410529,浦爽黛瑗菊茜琦,vivo-vivo X5L,android,"57567,30827",0,0,0,0,0,1499085023.0
11411331,玖悦叁郝,Apple-iPhone 6,ios,11,0,0,0,0,0,1511073911.0
11411384,用户6288498983,vivo-vivo Y913,android,19824,0,0,0,0,0,1504710485.0
11411510,用户6290375381,samsung-SM-G5308W,android,19824,0,0,0,0,0,1504756941.0
11412856,爱崇光_counsel,asus-ASUS_Z00AD,android,19824,0,0,0,0,0,1505139514.0
15000725,愿一路有你Jackson,Apple-iPhone 6S Plus,ios,5,0,0,0,0,0,1485151703.0
15000825,mon_angel,Apple-iPhone 5S,ios,"26,9,221",0,0,0,0,0,1507973936.0
15001049,我是你滴伍仁仁呀,Apple-iPhone 7 Plus,ios,30257,2,18,0,0,0,1553317449.0
15001152,HJYXWZHJYXWZ_,Apple-iPad Mini 4,ios,"31564,30827,67977",0,0,0,0,0,1485427092.0
15001224,荼靡爱-,Apple-iPhone 6S Plus,ios,"4,39,15",0,0,0,0,0,1492747990.0
15001483,钒·星-,Apple-iPhone X,ios,230741,0,0,0,0,0,1551282047.0
15001563,G-T-Y-S-D-B,Apple-iPhone 6S,ios,"47,263,329",0,0,0,0,0,1524893839.0
15001603,开开心心6037927803,HUAWEI-HUAWEI TAG-TL00,android,"180,246,10",0,0,0,0,0,1488722895.0
15001873,苦荼5982591557,LeEco-Le X621,android,"827,4490",0,0,0,0,0,1512288013.0
15001992,阿依han,OPPO-OPPO A53m,android,"345,13233",0,0,0,0,0,1484369659.0
15002307,晚儿mmm,Apple-iPhone 6,ios,9,0,0,0,0,0,1491054201.0
15002481,流浪的Lillian媛儿,HONOR-PLK-TL01H,android,"108885,31564,30827",0,0,0,0,0,1486817373.0
15002732,一直等杨的董小姐,Apple-iPhone X,ios,5360,0,0,1,0,0,1549880373.0
15003512,鲤鱼2002,Apple-iPhone 6S,ios,"126,13709,44",0,0,0,0,0,1484820191.0
15004064,睡在鹿晗被窝里,OPPO-OPPO R9tm,android,4,0,0,0,0,0,1483200983.0
15005274,小星星也有大幸福,OPPO-OPPO R11t,android,"4490,827,72343",0,0,0,0,0,1526226366.0
15006076,AWatermelonGirl,OPPO-R8207,android,44,0,0,0,0,0,1483371406.0
15006558,陈琦nora,Apple-iPhone 8,ios,"3529,3528,42389,42377",0,5,4,0,0,1553438358.0
15006919,LovelyLeo冰儿,HONOR-PCT-AL10,android,10537,8,1,2,0,0,1553344871.0
15006993,小燁子_95850,OPPO-OPPO R9m,android,"345,407",0,0,0,0,0,1482746880.0
15007944,Yuanrushui432,Apple-iPhone 6 Plus,ios,"4,44,3167",0,0,0,0,0,1482803759.0
15008478,我在-南方,Apple-iPhone 6S Plus,ios,146227,0,0,0,0,0,1482820943.0
15008717,Huangjiaqiii,Apple-iPhone 7 Plus,ios,"3,646",0,0,0,0,0,1507383294.0
15008855,哦oniy,Xiaomi-MI NOTE LTE,android,"6055,273",0,0,0,0,0,1483693364.0
15009028,满脑子都是nanashi123,Meizu-m3 note,android,11467,0,0,0,0,0,1483338989.0
15009133,曦听尊变,Apple-iPhone 7 Plus,ios,"44459,131603,150346",0,0,0,0,0,1504828654.0
15010919,乔见秋,vivo-V1813A,android,"539,69",0,0,0,0,0,1553232556.0
15011154,我想我是疯惹,OPPO-OPPO R9s,android,"9,273,222",0,0,0,0,0,1482928693.0
15011343,你是豌豆射手么,HUAWEI-BAC-AL00,android,"67977,30827,101503",0,0,0,0,0,1548508362.0
15011984,--锶华华,HONOR-COL-AL10,android,"30421,17919,31137,45878,527,138",0,0,0,0,0,1544350288.0
15012304,陌生人居士52,LeEco-Le X620,android,"273,17,120",0,0,0,0,0,1486200640.0
15012632,林俊杰202025,Apple-iPhone 6S,ios,"4264,103997,100350",0,0,0,0,0,1489587642.0
15012960,LH7_鹿不羁,OPPO-OPPO R9m,android,"131020,4,24",0,0,0,0,0,1502692770.0
15013122,名字不长不容易引起关注,Apple-iPhone 6S,ios,135664,0,0,0,0,0,1492182592.0
15013443,西瓜是夏天的新娘--,vivo-vivo X7,android,44,0,0,0,0,0,1522677716.0
15014228,Philip艺奇,Xiaomi-MI 8 SE,android,37,0,0,0,0,0,1553344776.0
15014511,侯梅让侯,Apple-iPhone 7 Plus,ios,"43885,3579",0,0,0,0,0,1485185348.0
15014513,-嗨王俊凯吖-,OPPO-OPPO R9tm,android,"1,5,6",0,0,0,0,0,1485655832.0
15014557,阿群籽,Apple-iPhone 6S,ios,"27,176,980",0,0,0,0,0,1483950007.0
15014924,格子欣3,OPPO-OPPO R9tm,android,43885,0,0,0,0,0,1483096481.0
15015165,扈莲牲扈,vivo-vivo Y18L,android,43885,0,0,0,0,0,1485333406.0
15016116,貴珍孫,OPPO-X9079,android,"202,34361,82698",0,0,0,0,0,1522119210.0
15017304,伯帘泳伯,vivo-vivo V3,android,43885,0,0,0,0,0,1485139293.0
15017795,馨欣QK,Xiaomi-MI 4LTE,android,"3672,3673",0,0,0,0,0,1495109404.0
15018035,你只是马晓晨我的女神,HUAWEI-HUAWEI TIT-CL10,android,"273,128609,128610",0,0,0,0,0,1483843802.0
15019303,鲁迅写完彷徨突然一拍脑壳儿说,Apple-iPhone 7,ios,"273,12,171208",0,0,0,0,0,1491749343.0
15019421,naruy_364001,Apple-iPhone 6,ios,172,0,0,0,0,0,1548202416.0
15019769,嫽97710,Huawei-HUAWEI G750-T01,android,273,0,0,0,0,0,1483245049.0
15021661,渃小艾01479,Xiaomi-MI 3,android,"166,273",0,0,0,0,0,1483759187.0
15022636,金牛座的斌斌斌斌斌,Meizu-MX5,android,273,0,0,0,0,0,1484008915.0
15022728,郑秀晶_郑秀晶,Xiaomi-Redmi Note 2,android,"4,24,74353",0,0,0,0,0,1509115194.0
15022875,马蕊425,vivo-vivo V3,android,"1,3,273",0,0,0,0,0,1483251061.0
15023616,蹲墙角在数星星,Xiaomi-Redmi 4X,android,"3709,273",0,0,0,0,0,1524229721.0
15023748,黎好可爱,HONOR-NEM-AL10,android,"108885,30827,31564",0,0,0,0,0,1488359816.0
15024068,Xiao9l5,Apple-iPhone 5S,ios,"273,128609,147559",0,0,0,0,0,1484102970.0
15024376,用户6098030641,OPPO-OPPO A57,android,"273,228,166",0,0,0,0,0,1489335768.0
15024657,坚韧淡定的凡小妮,Xiaomi-MI 3W,android,10,0,0,0,0,0,1489067717.0
15024993,idcoris,SMARTISAN-YQ601,android,"273,35056,72350",0,0,0,0,0,1485434221.0
15025015,何惧忧伤i,Apple-iPhone 6S,ios,"273,3",0,0,0,0,0,1483582452.0
15025670,昵称是个复杂的东西,HONOR-PLK-TL00,android,"273,10679",0,0,0,0,0,1484642347.0
15025890,陌角停落丶23120,Meizu-m3 note,android,"273,128609",0,0,0,0,0,1484657830.0
15026362,国民机智1,Xiaomi-MI NOTE LTE,android,"22,131020,526",0,0,0,0,0,1484194797.0
15026370,聽聞_余生_,HONOR-KIW-AL10,android,"1786,369,122",0,0,0,0,0,1504355964.0
15026587,你本浪人,samsung-SM-G9600,android,59,0,2,1,0,0,1553441320.0
15026591,秋风归敬亭1,Apple-iPhone 5S,ios,138,0,3,0,0,0,1524232086.0
15027912,斜树回树斜,Huawei-HUAWEI ALE-CL00,android,"17,4638,30",0,0,0,0,0,1484283660.0
15028404,心爱的henry,vivo-vivo X7Plus,android,372,0,0,0,0,0,1508587259.0
15028842,啊珍儿阿,Xiaomi-2014813,android,"26,9",0,0,0,0,0,1485932801.0
15028910,哈哈哈1200,vivo-vivo X6D,android,"5,3,39,1",0,0,0,0,0,1484873665.0
15029421,麦兜兜6063570611,OPPO-OPPO R9m,android,"39,273,147794",0,0,0,0,0,1483319968.0
15029580,妘妹儿,Meizu-m2 note,android,"273,148733,148734",0,0,0,0,0,1483324693.0
15029973,轻风扶醉月,Xiaomi-MI 4LTE,android,"273,128609,128610",0,0,0,0,0,1483510328.0
15030124,nine’s的呆妹,Apple-iPhone 6S,ios,"2060,212290,212418,136505",0,23,19,0,0,1550209944.0
15030240,cc默默地,Meizu-m3 note,android,11467,0,0,0,0,0,1483339266.0
15030458,熙妍.,honor-FRD-AL10,android,"6,1,5",0,0,0,0,0,1533579394.0
15030626,蓝色心灵7718,HUAWEI-EVA-DL00,android,"11467,44773,74188",0,0,0,0,0,1483343689.0
15030662,d__babe,samsung-SM-N9006,android,"3,50,64",0,0,0,0,0,1483344274.0
15031140,ZHOUPENG372,Apple-iPhone 6S Plus,ios,"39,3653,214019",0,0,0,0,0,1531562125.0
15032227,UsAlli,Apple-iPhone 6 Plus,ios,"18626,57156,149016",0,0,0,0,0,1489396097.0
15032325,青石6,vivo-vivo X7Plus,android,273,0,0,0,0,0,1483370711.0
15032422,FS-呼啦啦-禁魔监狱,Samsung-SM-G9006V,android,11467,0,0,0,0,0,1483367594.0
15032568,双眼凝视着远方,Apple-iPhone 6,ios,"4,1,273,6",0,0,0,0,0,1485163846.0
15032611,马晓晨你回来好吗,OPPO-OPPO R9 Plusm A,android,273,0,0,0,0,0,1501002683.0
15032748,盛呆峲-SL,Apple-iPhone 6S,ios,22212,0,0,0,0,0,1483621603.0
15033008,安凌希,HONOR-KIW-TL00H,android,"273,128609",0,0,0,0,0,1483379507.0
15033070,弟弟宿舍_434,Xiaomi-Redmi Note 3,android,273,0,0,0,0,0,1483386106.0
15033448,苍梧sunny,Meizu-m3 note,android,116304,0,0,0,0,0,1483413340.0
15033510,留一封情书等你来遮,Meizu-MX5,android,"5,369,16",0,0,0,0,0,1483724276.0
15033630,Wilona_waiting,vivo-vivo X6Plus D,android,"194,11",0,0,0,0,0,1485579337.0
15034033,玩笑不说话,OPPO-A31,android,"3,20203,15091",0,0,0,0,0,1487339874.0
15034115,嘿-我是啦啦啦,Apple-iPhone 6 Plus,ios,"27699,185159,88",0,0,0,0,0,1504132587.0
15034482,的二大大黄,vivo-vivo Y66,android,"3529,3528,91358",0,0,1,0,0,1514168160.0
15034721,naixueer,vivo-vivo Y37,android,"3067,3,3934",0,0,0,0,0,1489455926.0
15035126,蛋妹妹0,Apple-iPhone 7,ios,3,0,0,0,0,0,1492600252.0
15035162,郭俊辰郭先生,Apple-iPhone 6S,ios,"3,3934",0,0,0,0,0,1483463445.0
15035181,QueenEason,Apple-iPhone 6S Plus,ios,"11,182961",0,3,0,1,0,1529061750.0
15035205,熊本桑,Apple-iPhone 7 Plus,ios,"1673,35566,781",0,0,0,0,0,1483863209.0
15035653,房钻惕房射,HUAWEI-HUAWEI CAZ-AL10,android,5,0,0,0,0,0,1504297653.0
15036006,我是靳初,samsung-SM-G9250,android,"12,85,3334",0,0,0,0,0,1486094012.0
15036241,你旭哥咯,Meizu-MX6,android,273,0,0,0,0,0,1483627399.0
15036338,天缘53719,samsung-GT-N7100,android,2,0,0,0,0,0,1484201977.0
15036341,用户6097696257,OPPO-R7c,android,"3116,273",0,0,0,0,0,1483593103.0
15036812,咕嘎咕嘎w,Apple-iPhone 6S Plus,ios,"89069,150847,109212",0,0,0,0,0,1495693116.0
15036994,_Forever_君,Apple-iPhone 6S,ios,"554,501,346",0,0,0,0,0,1540189137.0
15037082,用户6098126059,vivo-vivo X6D,android,273,0,0,0,0,0,1486006896.0
15037166,本因有你倍加珍兮011,OPPO-A31c,android,"147455,40085,273",0,0,0,0,0,1491576075.0
15037428,头着坚油,OPPO-OPPO A53,android,41838,0,0,0,0,0,1483598794.0
15037684,vera1106,Apple-iPhone 6S Plus,ios,"169116,198658,20541,211290",0,0,0,0,0,1534849694.0
15038036,宮爆老NaiNai,Xiaomi-MI MAX,android,"4,49,166",0,0,0,0,0,1501677890.0
15038861,小钻石怀孕了,Apple-iPhone 6 Plus,ios,2821,0,0,0,0,0,1483678142.0
15040024,白灼藤藤菜,Apple-iPhone 6S,ios,"136505,97605,4065,135068,213678",0,0,0,0,0,1527567812.0
15040208,布丁inspirit,vivo-vivo X5S L,android,"56917,90206,44710",0,0,0,0,0,1483766631.0
15040490,以琳-琪琪,Xiaomi-HM NOTE 1S,android,"150185,150186",0,0,0,0,0,1483760465.0
15040746,伏炎位灾,OPPO-OPPO R9tm,android,2821,0,0,0,0,0,1485169692.0
15040937,唯爱烊玺,OPPO-OPPO R9m,android,"5,44,6754",0,0,0,0,0,1485060900.0
15041685,浪污沈七岁,HONOR-BLN-AL10,android,"83151,131020",0,0,0,0,0,1483835574.0
15042124,夏知的知木,vivo-vivo Y27,android,"10,34047",0,0,0,0,0,1486015853.0
15042264,如若你愿共我,Apple-iPhone 6,ios,5,0,0,0,0,0,1483831179.0
15042338,唯颖独尊0743,Huawei-H60-L01,android,"44,39",0,0,0,0,0,1484015188.0
15042480,我猜猜另一面,Apple-iPhone 6S Plus,ios,0,0,0,0,0,0,1483841309.0
15043902,葫芦莹,vivo-vivo Y51,android,"4490,827,435",0,0,0,0,0,1495110859.0
15044140,3_公里,Apple-iPhone 7 Plus,ios,"89069,136505,212290,212418,212331,64",0,0,1,0,0,1527724824.0
15044619,碌碌xh,Apple-iPhone 6S Plus,ios,"16162,554",0,0,0,0,0,1521296032.0
15044714,Hckmm,HUAWEI-HUAWEI GRA-TL00,android,"539,31,3208",0,0,0,0,0,1483964149.0
15044771,你是我的HEART呀_,vivo-vivo X6D,android,1,0,0,0,0,0,1483999817.0
15044834,乐悠悠yzz,Apple-iPhone 7 Plus,ios,"15091,20203,39",0,0,0,0,0,1485586929.0
15045110,要cool啊-,OPPO-OPPO A37m,android,"4,22,1,271",0,0,0,0,0,1489483185.0
15046582,我心有江丶名疏影,LeEco-Le X820,android,473,0,0,0,0,0,1514616616.0
15046619,狍狍的扁扁头,Apple-iPhone 6S Plus,ios,4,0,0,0,0,0,1489657154.0
15046983,在你转身的一瞬间05121,OPPO-OPPO R7sm,android,"1,5,6",0,0,0,0,0,1484293062.0
15047079,萨沙的小土豆,Xiaomi-MI 3W,android,"124965,60680",0,0,0,0,0,1488624014.0
15047093,小叶子男神,OPPO-A31,android,"101111,602,36",0,0,0,0,0,1484541702.0
15047609,Mlhik,Apple-iPhone 6,ios,31,0,0,0,0,0,1484453085.0
15047861,_YYYian,OPPO-OPPO A59m,android,"2539,95",0,0,0,0,0,1484880617.0
15048553,Can的宝宝粉_蛋蛋,Apple-iPad Air 2,ios,15021,0,0,0,0,0,1532172025.0
15048665,明明很爱我,T2-T2,android,"39,18624",0,0,0,0,0,1486268060.0
15049445,莫晓曼,Apple-iPhone 6S,ios,"23102,49917,369",0,0,0,0,0,1510246047.0
15049521,Dream唯十四,vivo-vivo Y37,android,50969,0,0,0,0,0,1493039875.0
15050577,梨子46,vivo-vivo X7,android,"3,84,380",0,0,0,0,0,1532965323.0
15050730,四月悄悄,GIONEE-F100A,android,"6754,4",0,0,0,0,0,1489190412.0
15050747,王翠容rong,OPPO-OPPO A59s,android,"6,3167",0,0,0,0,0,1484754231.0
15050898,傅不起-wasl,Apple-iPhone 6S,ios,"163112,222478",0,0,3,1,0,1553382510.0
15051100,花极栗狡唉滤,vivo-vivo X9L,android,"135068,187092",0,0,0,0,0,1541587864.0
15051194,vvhl-Yuyoem,LeEco-Le X528,android,"151690,3555",0,0,0,0,0,1485847986.0
15051609,鹿晗正牌太太,Apple-iPhone 7 Plus,ios,"151743,151745",0,0,0,0,0,1484400282.0
15052748,骑着傻蛋狂跑的傻妞,ivvi-ivvi i3-01,android,"1,3672,3673",0,0,0,0,0,1484478221.0
15053956,杨咩咩王小白,vivo-vivo Y33,android,"827,4490",0,0,0,0,0,1485131763.0
15054099,坠萌哒许啾啾,InFocus-InFocus M808,android,30827,0,0,0,0,0,1484537257.0
15054203,潘瑋柏國際官網,Apple-iPhone 6S Plus,ios,183,0,0,0,0,0,1518054104.0
15055005,讯控众轰友止,OPPO-X9079,android,100350,0,0,0,0,0,1485174687.0
15055300,敏思cccc,Apple-iPhone X,ios,2060,0,0,0,0,0,1535881697.0
15055806,桌摘鸭排独拳,Honor-CHM-TL00,android,72835,0,0,0,0,0,1484967630.0
15055823,MiMiiiio,Apple-iPhone 6S,ios,"84186,135507,152058",0,0,0,0,0,1484912090.0
15056398,于小妖yxy1,Apple-iPhone 6S Plus,ios,"84,4,185382,1196,380",0,0,0,0,0,1549125635.0
15056724,督雌孔夜挪刺倨叭,Apple-iPhone 6,ios,4264,0,0,0,0,0,1485170680.0
15056826,华晨庭,OPPO-OPPO R9m,android,"302,2",0,0,0,0,0,1485230842.0
15056838,布育撇拍络拜,samsung-SM-G9008V,android,3579,0,0,0,0,0,1485146757.0
15057022,沈煜伦真污,Xiaomi-Redmi Note 3,android,3673,0,0,0,0,0,1484625880.0
15057159,钭文感难大,OPPO-PACM00,android,"588,107",0,0,0,0,0,1538532769.0
15057211,敖无敌i,samsung-SM-G9250,android,369,0,0,0,0,0,1502965491.0
15058051,夹谷掠绝,samsung-GT-P5210,android,1039,0,0,0,0,0,1485132136.0
15058071,白15-,Apple-iPhone 7 Plus,ios,138,0,0,0,0,0,1484869384.0
15059141,会游泳的球球,OPPO-R8207,android,"211265,72835,84186",0,0,0,0,0,1513268026.0
15059183,39号yy啊,Apple-iPhone 7 Plus,ios,3579,0,0,0,0,0,1484876236.0
15059646,其毛然伴碍追,Apple-iPhone 6,ios,72835,0,0,0,0,0,1485103898.0
15060032,芸爱兴寻,4G-H8S,android,"3673,3672,42137",0,0,0,0,0,1484884466.0
15060270,用户5174946602,Huawei-ALE-UL00,android,"273,128609,147794",0,0,0,0,0,1490278524.0
15060542,叔充患落读贪,vivo-vivo X5M,android,74,0,0,0,0,0,1485070372.0
15061140,glivd727,samsung-SM-N9208,android,"162590,827,4490",0,0,0,0,0,1495075149.0
15061512,岑蒸辟岑,Apple-iPhone 6 Plus,ios,"4264,3579",0,0,0,0,0,1485147414.0
15061822,狗扑不到哟pz,vivo-vivo X6A,android,72835,0,0,0,0,0,1485142012.0
15062208,瑞王府的小橙子2,OPPO-OPPO R9s,android,4490,0,0,0,0,0,1526743058.0
15062224,IdingleiI,OPPO-N5207,android,3579,0,0,0,0,0,1485165776.0
15062298,巩园爷巩,asus-ASUS_Z00AD,android,4692,0,0,0,0,0,1485149940.0
15062385,包唉赵包,OPPO-OPPO A59m,android,5,0,0,0,0,0,1485135270.0
15062440,团脊舟思言孤独,OPPO-OPPO A53m,android,74,0,0,0,0,0,1485135768.0
15062960,词语芝贡邻,Coolpad-Coolpad 5270,android,13899,0,0,0,0,0,1485012394.0
15063207,成长ETF5765元,Apple-iPhone 6S Plus,ios,"331,4490",0,0,0,0,0,1485860929.0
15063432,爱爱爱爱爱QY,Apple-iPad 4,ios,"4264,3579",0,0,0,0,0,1485112354.0
15063560,用户4451005582,Apple-iPhone 5S,ios,16373,0,0,0,0,0,1485103248.0
15063699,芭比的冰,Xiaomi-Mi-4c,android,"3672,3673,21061",0,0,0,0,0,1485153382.0
15064014,庾猾漫庾j8,HUAWEI-HUAWEI CRR-UL00,android,"132,3579",0,0,0,0,0,1485057768.0
15064225,只有plain,Apple-iPhone 6 Plus,ios,84186,0,0,0,0,0,1485106393.0
15065054,眼眸深处映情深,samsung-SM-N900U,android,"55889,3167,4149",0,0,0,0,0,1492469420.0
15065075,懒羊羊__566,OPPO-OPPO R9m,android,588,0,0,0,0,0,1485014735.0
15065196,风衣singular,Apple-iPhone 6S,ios,84186,0,0,0,0,0,1484934338.0
15065436,柜屈项顺盼聪,meizu-m1 note,android,19067,0,0,0,0,0,1501919264.0
15065727,sfwef323333,Honor-CHE-TL00H,android,84186,0,0,0,0,0,1485176266.0
15065852,干裂恼民帽饶,samsung-SM-G9280,android,437,0,0,0,0,0,1484661755.0
15065886,够陈柳企阵纺,Apple-iPhone 6S,ios,19067,0,0,0,0,0,1501915756.0
15066403,详疲呼察填,asus-ASUS_Z012DA,android,3672,0,0,0,0,0,1506839641.0
15066515,神奇宝贝的战斗4,samsung-SM-G9280,android,"3579,4264",0,0,0,0,0,1484623113.0
15066634,思秋沉舅,OPPO-OPPO R7sPlus,android,3673,0,0,0,0,0,1484621891.0
15066758,蠢辞宏脉告全,SMARTISAN-YQ605,android,"19067,619",0,0,0,0,0,1508160988.0
15066903,表雹义乔舅弟,HONOR-BLN-AL10,android,19067,0,0,0,0,0,1485137134.0
15067422,嬉眉,OPPO-OPPO A37m,android,"281,44710",0,0,0,0,0,1488986653.0
15068650,懵娜妮_4,Apple-iPhone 6,ios,131020,0,0,0,0,0,1500622663.0
15069526,搅掉诗汉匆竟,Apple-iPhone SE,ios,4692,0,0,0,0,0,1485103862.0
15069752,SXR礼败,HONOR-STF-AL10,android,"161775,447",0,0,0,0,0,1505477450.0
15069986,伯伏呢伯,OPPO-OPPO R9tm,android,1039,0,0,0,0,0,1484570132.0
15070049,赚直渴举爷命,HUAWEI-HUAWEI GRA-TL00,android,72835,0,0,0,0,0,1484570254.0
15070278,Tenderne宇,Xiaomi-2014501,android,84186,0,0,0,0,0,1484743075.0
15070431,扫秋情什啦史,GiONEE-F105,android,1039,0,0,0,0,0,1509002867.0
15070487,雨熙_他年今日依旧守护,Apple-iPhone 6S,ios,"447,3167",0,0,0,0,0,1485514655.0
15070659,手机用户1969450323,Xiaomi-Redmi Note 3,android,84186,0,0,0,0,0,1485126769.0
15070886,悲伤匀丛,OPPO-OPPO R11s,android,3579,0,0,0,0,0,1518269925.0
15071068,吃海苔的花生,Apple-iPhone 6,ios,"4490,827,103997,100350",0,0,0,0,0,1504578031.0
15071519,翎褰汐,HUAWEI-CUN-TL00,android,"3673,3672",0,0,0,0,0,1484572557.0
15071624,固定强哲,OPPO-OPPO R7sm,android,103997,0,0,0,0,0,1485103171.0
15072056,伏筠姣佳筠倩,vivo-vivo X7,android,"4490,827",0,0,0,0,0,1484573324.0
15072125,唯你聊_795,Meizu-MX4 Pro,android,4490,0,0,0,0,0,1484573450.0
15072226,用户5775262124,Xiaomi-Redmi Note 3,android,"74,3143",0,0,0,0,0,1485141004.0
15072713,尘世民妥,Apple-iPhone 6S Plus,ios,103997,0,0,0,0,0,1485145092.0
15073022,共你此生-Lisa,Apple-iPhone 7 Plus,ios,"3673,3672",0,0,0,0,0,1486736366.0
15073043,向慨独伟代巴,HUAWEI-HUAWEI RIO-AL00,android,5,0,0,0,0,0,1485180606.0
15073240,思绪如风1859,Apple-iPhone SE,ios,4490,0,0,0,0,0,1485157766.0
15073369,用户5702337320,Apple-iPhone 6 Plus,ios,"3673,3672",0,0,0,0,0,1484575124.0
15073715,元菱1955,vivo-vivo X7,android,1243,0,0,0,0,0,1484587555.0
15074247,构乎构蔑缸胶,VOLTE-4G+,android,19067,0,0,0,0,0,1485149613.0
15074263,水之贝上bp,Apple-iPhone 6,ios,103997,0,0,0,0,0,1485130161.0
15074491,涉墙俯汤挠,OPPO-OPPO A59s,android,74,0,0,0,0,0,1494579559.0
15074642,锺离晌匙暗尊质,Huawei-HUAWEI MT7-TL00,android,"3672,3673",0,0,0,0,0,1485179698.0
15076465,成成联合,OPPO-N5117,android,"3,26",0,0,0,0,0,1488493991.0
15077078,饼干5935,Apple-iPad Air 2,ios,"44710,13899",0,0,0,0,0,1485186576.0
15077575,Song943599,OPPO-OPPO A33,android,4490,0,0,0,0,0,1485140411.0
15078193,onyou6097954283,Apple-iPhone 6S Plus,ios,"827,4264,133189",0,0,0,0,0,1485312321.0
15078414,文武双全6134,Coolpad-Coolpad Y91-921,android,437,0,0,0,0,0,1485001996.0
15079284,卿语苒612,Apple-iPhone 6S Plus,ios,827,0,0,0,0,0,1493373644.0
15079890,脂饭哪刺膛坡,OPPO-OPPO R7sm,android,72835,0,0,0,0,0,1485109081.0
15080211,161223终,Apple-iPhone 6,ios,3579,0,0,0,0,0,1485143950.0
15081032,文展稿文阀没,vivo-vivo X9,android,4264,0,0,0,0,0,1485183434.0
15081607,绛香阁红木,Xiaomi-2014112,android,"3,39",0,0,0,0,0,1487320290.0
15081816,蜜lecas,samsung-SM-G930K,android,"100350,103997",0,0,0,0,0,1490445084.0
15082470,泰山当头,OPPO-R8007,android,"4490,827",0,0,0,0,0,1484615309.0
15082484,孤月伴天涯,OPPO-OPPO R9m,android,"4264,3579",0,0,0,0,0,1487218740.0
15082534,mayuhongrun,Apple-iPhone 6,ios,"108885,31564,30827",0,0,0,0,0,1513331716.0
15082644,一剑无极雪千鸣,Apple-iPhone 7 Plus,ios,862,0,0,0,0,0,1504774510.0
15082993,狼小包,HUAWEI-EVA-AL10,android,"3917,5360,61",0,0,0,0,0,1485339160.0
15083314,用户6093308693,Apple-iPhone 6,ios,100350,0,0,0,0,0,1485046136.0
15083426,旁遭蚕召枕编,Xiaomi-HM NOTE 1LTE,android,4692,0,0,0,0,0,1484618997.0
15083549,炮赶渠絮她例,vivo-vivo Y33,android,74,0,0,0,0,0,1484977666.0
15083759,问痰鹰瓣傲宅,Meizu-M5 Note,android,437,0,0,0,0,0,1484680913.0
15084577,庄想虽庄,Apple-iPhone 7 Plus,ios,10537,0,0,0,0,0,1518011814.0
15085008,莘周以莘泡,Apple-iPhone 6 Plus,ios,"331,84186",0,0,0,0,0,1485875238.0
15085055,子尧-Wong,HUAWEI-HUAWEI VNS-AL00,android,"2539,242,1096",0,0,0,0,0,1486122319.0
15085459,pdruan,OPPO-OPPO A59m,android,"4264,331",0,0,0,0,0,1485855706.0
15085506,和屿倦和,Apple-iPhone 7,ios,5,0,0,0,0,0,1517019992.0
15085555,被欺负的无辜小可怜,Apple-iPhone 6S,ios,4490,0,0,0,0,0,1485141521.0
15085689,近伙落雁词语,vivo-vivo X9,android,40157,0,0,0,0,0,1486604697.0
15086722,挖掘1151,Xiaomi-2014811,android,3579,0,0,0,0,0,1484629333.0
15087208,zy_aasjianwen_c193e1,OPPO-OPPO R9 Plusm A,android,84186,0,0,0,0,0,1484746172.0
15087285,惧怕赛所,HUAWEI-HUAWEI NXT-AL10,android,4490,0,0,0,0,0,1485143207.0
15087409,恋不恋霖,OPPO-OPPO R9m,android,4264,0,0,0,0,0,1484630853.0
15088321,阳光下nni,HUAWEI-EVA-AL10,android,72835,0,0,0,0,0,1485110054.0
15088442,大胖的家888,vivo-vivo X5Max+,android,84186,0,0,0,0,0,1484632733.0
15088546,mtlzh,Meizu-MX6,android,84186,0,0,0,0,0,1485185314.0
15089545,W_戳戳,OPPO-OPPO R7,android,"4490,827,72835",0,0,0,0,0,1485786078.0
15089673,库鸣太库,vivo-vivo X5Max L,android,"149,72835",0,0,0,0,0,1504277437.0
15089811,颠试棵剧涝把,HUAWEI-CUN-AL00,android,"138,5476,4676",0,0,0,0,0,1484635489.0
15090026,徐小面,Huawei-C8817D,android,84186,0,0,0,0,0,1485155964.0
15090153,畅快4401,samsung-SM-C5000,android,100350,0,0,0,0,0,1484812982.0
15091037,卡修900,OPPO-OPPO R9m,android,84186,0,0,0,0,0,1484699657.0
15091350,熙宝菲,Meizu-m1,android,84186,0,0,0,0,0,1485141566.0
15091493,MauroAdolphus_725,vivo-vivo X5Pro D,android,84186,0,0,0,0,0,1485090727.0
15091745,纷飞之灵1995,samsung-SM-A800IZ,android,84186,0,0,0,0,0,1485177051.0
15092465,撩人碎叶的考拉,vivo-vivo X7Plus,android,"4264,331,40157",0,0,0,0,0,1486529736.0
15092639,仅遇y,Xiaomi-MI 4LTE,android,"72835,151678,127668",0,0,0,0,0,1485169298.0
15092801,用户5690684251,HONOR-KNT-UL10,android,72835,0,0,0,0,0,1485173952.0
15092870,痕症急袭坏败,OPPO-OPPO R9m,android,"3672,3673",0,0,0,0,0,1485099899.0
15093924,孤独半亚欲,HUAWEI-EVA-AL10,android,103997,0,0,0,0,0,1485144514.0
15093982,洽喝苗条忧伤,Apple-iPhone 6S Plus,ios,"84186,4490,331",0,0,0,0,0,1485826825.0
15094283,端庄的zqiao,DOOV-DOOV T21,android,"4264,331,150",0,0,0,0,0,1485848731.0
15094333,翁分耽申很割,samsung-SAMSUNG-SM-N900A,android,74,0,0,0,0,0,1494842589.0
15094677,喉哈府戒机惭,OPPO-OPPO R9s,android,72835,0,0,0,0,0,1485057836.0
15094988,唯爱-a奕生,OPPO-OPPO R9tm,android,0,0,0,0,0,0,1484644140.0
15095047,aboutit1981,vivo-vivo X6A,android,84186,0,0,0,0,0,1485141142.0
15095170,扶禁取扶脸,vivo-vivo X6Plus A,android,331,0,0,0,0,0,1485953481.0
15095404,乳此丶多情,OPPO-OPPO R9s,android,84186,0,0,0,0,0,1485108607.0
15095606,项紧餐项,OPPO-OPPO R9m,android,"4490,223383",0,0,0,0,0,1526029641.0
15095842,Ti-Mediter,vivo-vivo X6L,android,"22,5904,2084",0,0,0,0,0,1484646308.0
15095985,用户5688141651,Apple-iPhone 5S,ios,74,0,0,0,0,0,1494493225.0
15096133,跳竹扑醒回鉴,OPPO-OPPO R9tm,android,"3645,3536,74",0,0,0,0,0,1494839008.0
15096512,gd93j88619,Meizu-m2,android,84186,0,0,0,0,0,1485151332.0
15096946,Frances月,vivo-vivo V3M A,android,136505,0,0,0,0,0,1531114762.0
15097465,梁永诞梁,Apple-iPhone 8 Plus,ios,4490,0,0,0,0,0,1518056053.0
15097582,勾佳刚及绕,Apple-iPhone 7,ios,"10537,82701",0,0,0,0,0,1485214300.0
15097590,发财75537,Apple-iPhone 6 Plus,ios,4692,0,0,0,0,0,1484733332.0
15097738,皇甫类记,HONOR-NEM-AL10,android,"223383,4490",0,0,0,0,0,1526029863.0
15097760,坦骑械挣侍搞,OPPO-R829T,android,74,0,0,0,0,0,1494480331.0
15098331,用户1xq0pppxs8,OPPO-OPPO R9s,android,72835,0,0,0,0,0,1485177042.0
15099138,成侨习蓉资,OPPO-OPPO R7,android,10537,0,0,0,0,0,1485160909.0
15099462,用户5576053583,Apple-iPhone 6,ios,1858,0,0,0,0,0,1485149621.0
15099744,茅授薯茅,samsung-SM-N9108V,android,3579,0,0,0,0,0,1485136156.0
15099809,未来要做一个铲屎官,Apple-iPhone 6S,ios,47,0,0,0,0,0,1484656240.0
15100100,馋捐废运顿五,xiaolajiao-JD-T,android,74,0,0,0,0,0,1494606269.0
15100187,魑魅魍魉魎魎魎嗖嗖,vivo-vivo X9,android,"83684,9826,44753",0,0,0,0,0,1484657242.0
15100437,鄙仔卖销朴吓,samsung-SM-N9108V,android,19067,0,0,0,0,0,1501949543.0
15100450,止手待jjmup,Xiaomi-2014812,android,3579,0,0,0,0,0,1485150945.0
15101206,夏沫子盟,vivo-vivo X5Pro D,android,10537,0,0,0,0,0,1485142585.0
15101604,治心昏园疗,Apple-iPhone 6S,ios,447,0,0,0,0,0,1485140843.0
15101705,轰浪港冒计繁,samsung-SM-G9350,android,19067,0,0,0,0,0,1501897316.0
15102149,江郎才尽的废人.,OPPO-OPPO A59m,android,69,0,0,0,0,0,1506790167.0
15102696,邮刊汪羞,HUAWEI-EVA-DL00,android,1858,0,0,0,0,0,1485170233.0
15102855,喻沸旁喻,OPPO-OPPO R9s,android,5,0,0,0,0,0,1485104263.0
15103282,瑞王府的特约群演,Apple-iPhone 6S Plus,ios,"5261,1801,84,380,827,4490",0,0,0,0,0,1549585286.0
15104349,花梦相依_204,Apple-iPhone 6,ios,4490,0,0,0,0,0,1485112900.0
15104557,思想羞花18bou,Xiaomi-2014812,android,3579,0,0,0,0,0,1485147689.0
15104655,危钢文,Apple-iPhone 6,ios,13899,0,0,0,0,0,1485167934.0
15104929,待燥未倍崇,vivo-vivo X9,android,10473,0,0,0,0,0,1506090180.0
15105011,丞相哀家有了,Xiaomi-Redmi Note 3,android,13899,0,0,0,0,0,1485160347.0
15105229,籍搜准沸欢,Apple-iPhone 6 Plus,ios,100350,0,0,0,0,0,1485062734.0
15105806,用报搅bqdr,htc-HTC_D728x,android,3579,0,0,0,0,0,1485107430.0
15106004,凡巧静端_Colbert,Meitu-MK260,android,5,0,0,0,0,0,1485101880.0
15106123,浴星锦,samsung-SM-C7000,android,"3917,32744,8828",0,0,0,0,0,1484734926.0
15106225,冷血无情亟,Xiaomi-Redmi Note 3,android,4264,0,0,0,0,0,1485136556.0
15106412,Omar-能俊绿又,Sony-D6653,android,5,0,0,0,0,0,1485138030.0
15106756,用户6013624019,samsung-SAMSUNG-SM-N900A,android,447,0,0,0,0,0,1485142052.0
15107431,听一首歌丶伤两颗心腱,Xiaomi-Redmi Note 3,android,4264,0,0,0,0,0,1485141665.0
15107667,云龙的mmc,CMDC-M623C,android,"265,3873,151284",0,0,0,0,0,1485195712.0
15107829,二嘉Crystal,OPPO-OPPO R9m,android,"3529,6,5,1,4582,3528",0,0,0,0,0,1547894664.0
15107838,阎铁惰阎,Xiaomi-MI 5,android,1858,0,0,0,0,0,1484671612.0
15108212,formulate奶茶359,Xiaomi-MI 4LTE,android,684,0,0,0,0,0,1484680105.0
15108933,晓夜听雨QY,Apple-iPhone 6S Plus,ios,4264,0,0,0,0,0,1484700641.0
15110015,靇飝鳯躌,Xiaomi-2014501,android,84186,0,0,0,0,0,1484707230.0
15110158,用户zazvx6nvna,Apple-iPhone 6,ios,5,0,0,0,0,0,1484707793.0
15110318,用户5702230998,vivo-vivo X3L,android,4490,0,0,0,0,0,1485138926.0
15111375,幸务态幸,Apple-iPhone 6S Plus,ios,"4264,331",0,0,0,0,0,1485871836.0
15111489,用户5857060626,Apple-iPhone 5C,ios,5,0,0,0,0,0,1485073966.0
15111652,文忆_Clement,HONOR-KIW-TL00,android,4490,0,0,0,0,0,1491293068.0
15111769,景贱驳景,vivo-vivo X6SPlus D,android,5,0,0,0,0,0,1485108781.0
15112151,crushNa娜_689,Letv-Letv X500,android,4490,0,0,0,0,0,1485111243.0
15112379,23个树树哥,Apple-iPhone 7 Plus,ios,26070,0,0,0,0,0,1484965952.0
15112489,琳碧_Brandon,samsung-SM-A3009,android,5,0,0,0,0,0,1485102251.0
15112520,柴允命柴,vivo-vivo X6S A,android,84186,0,0,0,0,0,1485152981.0
15112636,垚垚p3垚儿,ZTE U960s3-ZTE U960s3,android,5,0,0,0,0,0,1485157039.0
15113239,繁宝prince,Apple-iPhone 6 Plus,ios,10537,1,1,1,0,0,1552966122.0
15113282,天高蒙撕辰仗那欠籍,vivo-vivo Xplay5A,android,4490,0,0,0,0,0,1485048342.0
15113789,盈弄吐建,OPPO-OPPO R7sm,android,103997,0,0,0,0,0,1484818874.0
15114212,Hogan-民俊莲凝,samsung-SM-N9100,android,5,0,0,0,0,0,1485109988.0
15114437,A股天机-解答,vivo-vivo Y37,android,84186,0,0,0,0,0,1485140082.0
15115082,花开花落g1I5,HUAWEI-HUAWEI VNS-TL00,android,5,0,0,0,0,0,1485141933.0
15115506,兰溪蕙质心,Apple-iPhone 6,ios,84186,0,0,0,0,0,1485061871.0
15116293,康乃馨resign,Apple-iPhone 6S,ios,437,0,0,0,0,0,1484728486.0
15116425,围脖小江江,ZTE U960s3-ZTE U960s3,android,5,0,0,0,0,0,1484728912.0
15116457,须触站须,OPPO-OPPO R7s,android,447,0,0,0,0,0,1485138512.0
15116968,Invisibled,samsung-SM-N9009,android,"3673,3672,84765",0,0,0,0,0,1484731143.0
15116980,zv2003,samsung-SM-A3000,android,5,0,0,0,0,0,1484730953.0
15117111,版狼bCZA,Honor-CHE-TL00H,android,84186,0,0,0,0,0,1485177848.0
15118145,黄靖翔的猫猫,Apple-iPhone 6S,ios,447,0,0,0,0,0,1486878614.0
15118450,霉霉2,Apple-iPhone 6S Plus,ios,"27,5992,4494",0,0,0,0,0,1512491018.0
15118574,白烊座1128,OPPO-OPPO R11s,android,5,0,0,0,0,0,1542000697.0
15118575,小闹闹0112,Apple-iPhone 6,ios,"12,116",0,0,0,0,0,1505216237.0
15119228,信本兼候亮,Apple-iPhone 7 Plus,ios,103997,0,0,0,0,0,1485105956.0
15119415,尚副耙缀砂,Apple-iPhone 7,ios,10537,0,0,0,0,0,1485141622.0
15119502,褪涩gg,ALOES-ALOES,android,84186,0,0,0,0,0,1484866424.0
15119667,转角是夏天_113,HONOR-NEM-TL00H,android,5,0,0,0,0,0,1485141677.0
15120140,山壕喂迂瓮,OPPO-OPPO R7sPlus,android,1039,0,0,0,0,0,1485171948.0
15120893,因你而笑容_269,Apple-iPhone 6S,ios,4490,0,0,0,0,0,1485135447.0
15121121,颂速什晕萝登,Apple-iPhone 6S Plus,ios,827,0,0,0,0,0,1485101697.0
15121352,-公主病的娜娜,OPPO-OPPO A53,android,5,0,0,0,0,0,1485103085.0
15121549,yangG0zs,Huawei-C8817D,android,84186,0,0,0,0,0,1485168947.0
15121682,鹤鹤鹤鹤13,HUAWEI-HUAWEI CAZ-AL10,android,10537,0,0,0,0,0,1485137248.0
15121927,-TREACLE-杨亘个人图博,Apple-iPhone 6S Plus,ios,13899,0,0,0,0,0,1484749194.0
15122030,沧浪之水692010_743,Xiaomi-2014501,android,84186,0,0,0,0,0,1484749473.0
15122094,褒贬浅唱zctm,Apple-iPhone 6S,ios,3579,0,0,0,0,0,1496796446.0
15122528,用户5860196560,GiONEE-GN9006,android,372,0,0,0,0,0,1502172463.0
15122691,用户6013594293,HUAWEI-MHA-AL00,android,827,0,0,0,0,0,1485144635.0
15122840,用户6013812071,vivo-vivo Y20T,android,4490,0,0,0,0,0,1485054212.0
15122889,朕好萌痴,Apple-iPad Air 2,ios,4264,0,0,0,0,0,1485149638.0
15123033,霜缠推韵雁,HUAWEI-HUAWEI GRA-TL00,android,72835,0,0,0,0,0,1485174807.0
15123097,海馅上邮又及康,Apple-iPhone 6,ios,1858,0,0,0,0,0,1485177471.0
15123123,王鑫0828,vivo-vivo Y23L,android,"166,3,105",0,0,0,0,0,1484795486.0
15123198,梦一场刈,Apple-iPad Air 2,ios,4264,0,0,0,0,0,1485150080.0
15123811,chenwanyong3,vivo-vivo Y31A,android,84186,0,0,0,0,0,1485126035.0
15124131,千IYI千,OPPO-OPPO R9tm,android,5,0,0,0,0,0,1485186226.0
15124244,bluesky-06_486,samsung-SM-J3109,android,5,0,0,0,0,0,1485106685.0
15124487,邓紫棋喻言周梓倩,lephone-lephone W7,android,"152922,31914,111767",0,0,0,0,0,1488813888.0
15124556,锦云秦,vivo-vivo Y51A,android,"42129,160",0,0,0,0,0,1484892402.0
15124640,穿百褶裙的潇洒小姐,samsung-SM-J3109,android,5,0,0,0,0,0,1485107154.0
15125185,京介6058163204,Apple-iPhone 6S Plus,ios,"447,1858,161775",0,0,0,0,0,1552968388.0
15125518,abc74902,OPPO-OPPO R9s,android,84186,0,0,0,0,0,1485160480.0
15126153,云曦之泪,Xiaomi-2013022,android,13899,0,0,0,0,0,1485158504.0
15126301,simonzhou78_690_420,HUAWEI-HUAWEI TAG-AL00,android,84186,0,0,0,0,0,1485170233.0
15126398,肤主洒和首目,vivo-vivo Y18L,android,1039,0,0,0,0,0,1485504809.0
15126661,畢寶寶寶,htc-HTC_D310n,android,"4,3125",0,0,0,0,0,1496497083.0
15126737,卓膊础卓,vivo-vivo X5M,android,"1039,106731,111118",0,0,0,0,0,1502959541.0
15126891,册改漂线移报,Apple-iPad Mini 4,ios,"1039,37165",0,0,0,0,0,1488017243.0
15126964,S冬酱C,Xiaomi-HM 2A,android,16,0,0,0,0,0,1485181699.0
15127001,邀桥古拘侄废,Apple-iPad Mini 4,ios,"1039,37165",0,0,0,0,0,1488017457.0
15127085,双音亂丗佳亼f,samsung-SM-G5109,android,5,0,0,0,0,0,1485136704.0
15127243,Mary儿海52,OPPO-OPPO R9s,android,5,0,0,0,0,0,1485140406.0
15127904,猫咪-永久稳定更新,Xiaomi-2014812,android,3579,0,0,0,0,0,1485156230.0
15127967,贼牵秃贪菊大,OPPO-OPPO R9m,android,1039,0,0,0,0,0,1485424062.0
15128390,墙能缺夫许艰,HONOR-PLK-TL01H,android,"1039,106731",0,0,0,0,0,1485141220.0
15129059,惩结干瘦朱唇,HUAWEI-HUAWEI TIT-AL00,android,265,0,0,0,0,0,1484807587.0
15129162,与薄雾鸥,nubia-NX512J,android,72835,0,0,0,0,0,1484935641.0
15129342,狮子座-雅,Meizu-m1,android,84186,0,0,0,0,0,1485511232.0
15130848,桃征骑蜓曲馋,OPPO-OPPO A59m,android,72835,0,0,0,0,0,1484811718.0
15130882,奔约艳束萍她,Meizu-m3 note,android,447,0,0,0,0,0,1485167431.0
15131145,伶徒河栽浑冬,Meizu-m1,android,84186,0,0,0,0,0,1484980763.0
15131525,手机用户2736614572,vivo-vivo X6A,android,4490,0,0,0,0,0,1484898023.0
15131724,聪明伶俐的赫敏987,OPPO-OPPO R9m,android,4490,0,0,0,0,0,1485127050.0
15131776,粗聚粪阀口颠,Apple-iPhone 7,ios,4490,0,0,0,0,0,1485105658.0
15131880,哆re咪9229,samsung-SM-N9006,android,"142,12,27",0,0,0,0,0,1484977859.0
15131924,归去也无风雨也无晴365,asus-ASUS_Z002,android,5,0,0,0,0,0,1484866764.0
15132775,崩了你磐,OPPO-OPPO R9m,android,19067,0,0,0,0,0,1484864974.0
15132931,吴阁荐吴断蔑,Honor-Che2-TL00,android,"4264,3579,369",0,0,0,0,0,1494419986.0
15133245,知到痛经箫吟,Xiaomi-MI 5,android,4264,0,0,0,0,0,1485153015.0
15134142,垒奴话罚馆话_773,nubia-NX512J,android,72835,0,0,0,0,0,1485109484.0
15134160,色猫专家,Apple-iPhone 6,ios,84186,0,0,0,0,0,1485105846.0
15134908,用户5705043856,HUAWEI-HUAWEI NXT-AL10,android,4490,0,0,0,0,0,1485135537.0
15135112,活泼XIAOHU99,HONOR-ATH-AL00,android,103997,0,0,0,0,0,1484822239.0
15135170,yl357345002,samsung-SM-C7000,android,84186,0,0,0,0,0,1485161516.0
15135200,院溉爽监杀版,vivo-vivo X6S A,android,4490,0,0,0,0,0,1485136520.0
15136031,醋乌饥积,samsung-SM-A7000,android,72835,0,0,0,0,0,1485110886.0
15136441,星盏吉筒,vivo-vivo X6Plus D,android,3579,0,0,0,0,0,1485076442.0
15136637,思言悄墙晃扰,Apple-iPhone 6,ios,4264,0,0,0,0,0,1484848708.0
15136738,壹嗰茡浪,OPPO-OPPO R9m,android,5,0,0,0,0,0,1485104330.0
15136992,寇谷录寇,HONOR-KNT-AL20,android,"4264,40157",0,0,0,0,0,1486456448.0
15137574,往事如风1984,vivo-vivo Y51,android,5,0,0,0,0,0,1485184779.0
15137640,指手画脚美甲美睫,vivo-vivo Y51,android,5,0,0,0,0,0,1485184845.0
15137685,躲锐象册年壳,Apple-iPhone 6,ios,4490,0,0,0,0,0,1485151814.0
15137834,金钱神龟yr,Xiaomi-2014813,android,4264,0,0,0,0,0,1485134399.0
15138215,疑昂帖遣研持,vivo-vivo X6D,android,4490,0,0,0,0,0,1485107824.0
15138451,鲁毫他惊慌杀孤寂,OPPO-OPPO R9s Plus,android,447,0,0,0,0,0,1485151618.0
15138626,匪排气久尚痰,Honor-CHE-TL00H,android,4490,0,0,0,0,0,1485108694.0
15138631,ross益吸惩,HONOR-CAM-TL00,android,5,0,0,0,0,0,1485141083.0
15138710,氏占北川兔叔祈,vivo-vivo X7,android,"4264,3579",0,0,0,0,0,1485177147.0
15139152,悄悄_46837,vivo-vivo X5S L,android,19067,0,0,0,0,0,1485162750.0
15139198,Alberta-茹韦梅白,samsung-SM-A3009,android,5,0,0,0,0,0,1485104575.0
15139698,用户6013824845,Coolpad-Coolpad Y82-820,android,4490,0,0,0,0,0,1484987747.0
15140106,还典柔蜓拍咱,Meizu-M351,android,37165,0,0,0,0,0,1488255828.0
15141279,包子和胖子和我,Apple-iPhone 6S Plus,ios,802,0,0,0,0,0,1485154449.0
15141358,墨玄雨夜,OPPO-OPPO A59m,android,"1858,14526,447",0,0,0,0,0,1485422680.0
15141426,独木清秋008_370,ZTE-ZTE BA601,android,"1858,134941",0,0,0,0,0,1485110583.0
15142481,不羁与醉禾,Honor-CHM-TL00H,android,1858,0,0,0,0,0,1485136003.0
15142809,鱼喵喵戮,Coolpad-Coolpad 7295+,android,"74,72835",0,0,0,0,0,1494677540.0
15142857,喵小懒吹,vivo-vivo V3Max A,android,19067,0,0,0,0,0,1485072172.0
15143237,沵芣蓜优,Honor-CHM-CL00,android,74,0,0,0,0,0,1494677489.0
15143272,糠刚淹仁指计,Apple-iPhone 6S Plus,ios,"4264,3579",0,0,0,0,0,1486892469.0
15143772,芷蕾084666,OPPO-OPPO R9m,android,26070,0,0,0,0,0,1485006103.0
15144128,谈庇偌促耪,vivo-vivo X7,android,10537,0,0,0,0,0,1484837946.0
15144475,肥瘦咳殿敬灰,Coolpad-Coolpad K1-NT,android,4490,0,0,0,0,0,1485108809.0
15144880,术群砖堤,Apple-iPhone 7,ios,3579,0,0,0,0,0,1485128841.0
15145173,淡夏hendx,Apple-iPhone 6S Plus,ios,437,0,0,0,0,0,1519258641.0
15145269,广勇问制,Meizu-m1 note,android,100350,0,0,0,0,0,1485104972.0
15145541,慕啥毁访诠,OPPO-OPPO R7,android,10537,0,0,0,0,0,1485105192.0
15145567,及招渣妙敬起,ZTE-HUAWEI C8813Q,android,"37165,44956,4264",0,0,0,0,0,1488010993.0
15147355,令狐宝儿_b2j_828,OPPO-OPPO A33,android,84186,0,0,0,0,0,1485146698.0
15147705,杀误雁广假五,HONOR-PLK-TL01H,android,72835,0,0,0,0,0,1485045375.0
15147836,苏康顺J,OPPO-OPPO A33,android,72835,0,0,0,0,0,1484897559.0
15148022,llluoyingmei,Apple-iPhone 7 Plus,ios,"869,15091,20203",0,0,0,0,0,1486638202.0
15148047,用户6085833991快乐羊耳,Coolpad-Coolpad SK1-01,android,44,0,0,0,0,0,1484886631.0
15148246,伟晚衡昏揭律,samsung-SM-A8000,android,12799,0,0,0,0,0,1503982543.0
15149238,叠其响金瞎箱,Apple-iPhone 6S Plus,ios,4490,0,0,0,0,0,1485135533.0
15150040,塔塔酱排骨,OPPO-OPPO R7,android,"1,6,5",0,0,0,0,0,1484886008.0
15150073,黎嫩祖黎,Xiaomi-Redmi Note 3,android,4490,0,0,0,0,0,1485225842.0
15150440,小鱼儿爱抽风_789,Xiaomi-MI 4LTE,android,"27,176",0,0,0,0,0,1489193160.0
15151673,妹妹3999,Apple-iPhone 6 Plus,ios,100350,0,0,0,0,0,1485165381.0
15151878,guang691004,ALOES-ALOES,android,84186,0,0,0,0,0,1485096607.0
15152419,keys50,Xiaomi-MI MAX,android,84186,0,0,0,0,0,1485112323.0
15153507,印扭俗硬债沉,vivo-vivo Y20T,android,3579,0,0,0,0,0,1485171190.0
15153549,只是小号_看什么看,vivo-vivo Y20T,android,3579,0,0,0,0,0,1485171290.0
15153693,匆匆那年傧,Xiaomi-Redmi 3S,android,100350,0,0,0,0,0,1485184973.0
15154298,围浓壁壤塌敲,Apple-iPhone 6S,ios,4490,0,0,0,0,0,1485101892.0
15154375,疫尚蒙卜裕,vivo-vivo X6A,android,72835,0,0,0,0,0,1485055981.0
15154632,翠安_Carlk,OPPO-CPH1707,android,5,0,0,0,0,0,1537109097.0
15155749,2187886590_578,Xiaomi-MI 3,android,84186,0,0,0,0,0,1485181763.0
15156666,陌尕雨颂,Huawei-H60-L21,android,"331,3579",0,0,0,0,0,1485829801.0
15157050,佘帽作佘,vivo-vivo X5Max+,android,40157,0,0,0,0,0,1486560025.0
15158527,TBS多多806,OPPO-R2017,android,3579,0,0,0,0,0,1485177296.0
15158700,扈驳即猎壁,Meizu-MX6,android,10537,0,0,0,0,0,1485107706.0
15158881,重组B,vivo-vivo Y51,android,5,0,0,0,0,0,1492644517.0
15159058,委吹跨槐哀软,Apple-iPhone 6,ios,72835,0,0,0,0,0,1485064652.0
15159087,都蒸传艇诸谊,Meizu-m1 metal,android,72835,0,0,0,0,0,1484908983.0
15159841,尹僵梳尹全,OPPO-OPPO R9m,android,13899,0,0,0,0,0,1485116984.0
15159904,德国30ETF166万,Apple-iPhone 6S Plus,ios,"331,4490",0,0,0,0,0,1486049765.0
15160664,败犬公主焉,Xiaomi-MI 3W,android,"72835,331",0,0,0,0,0,1485868888.0
15162015,答辽望息何成,vivo-vivo X7,android,1858,0,0,0,0,0,1485145808.0
15162237,白羊asdfs,OPPO-OPPO R9s,android,5,0,0,0,0,0,1485178385.0
15162393,cslong2013,Huawei-H60-L21,android,"331,103997",0,0,0,0,0,1486003803.0
15162404,cdw_127笑嘻嘻,Apple-iPhone 6S Plus,ios,"331,447",0,0,0,0,0,1485867047.0
15162774,-旦七七-,HONOR-ATH-UL00,android,84186,0,0,0,0,0,1485153483.0
15164325,duanting33,Apple-iPhone 6S,ios,84186,0,0,0,0,0,1485111367.0
15164777,用户5703426591,Apple-iPhone 6S,ios,100350,0,0,0,0,0,1503986544.0
15164997,夏安河桥Irving,HONOR-KIW-AL10,android,"5,10226",0,0,0,0,0,1537110172.0
15164998,Renee-德睿正乐143,OPPO-OPPO R9 Plustm A,android,5,0,0,0,0,0,1485145393.0
15165253,柠檬不萌赏,HONOR-KNT-AL10,android,100350,0,0,0,0,0,1485103338.0
15165271,审课狮缎井沉,vivo-vivo X6A,android,72835,0,0,0,0,0,1485138880.0
15165540,Jacob凯复复QZ,GIONEE-GN8003L,android,5,0,0,0,0,0,1518324430.0
15165784,Tiny_luxuriant,Xiaomi-MI 3,android,"1076,84,5265",0,0,0,0,0,1484972293.0
15165895,亮堡晒智河爱,Apple-iPhone 6 Plus,ios,4490,0,0,0,0,0,1485163532.0
15166590,炒粉83877,Apple-iPhone 7 Plus,ios,100350,0,0,0,0,0,1485103191.0
15167785,扮奏饿酬劝查,Apple-iPhone 6S Plus,ios,4490,0,0,0,0,0,1485138656.0
15167961,梦寻四叶草室,HUAWEI-HUAWEI NXT-AL10,android,4490,0,0,0,0,0,1485103807.0
15168083,用户6075995477,Honor-CHM-TL00H,android,"3579,4264",0,0,0,0,0,1485102774.0
15168325,用户5592067138,samsung-SM-N9100,android,5,0,0,0,0,0,1485137292.0
15168398,动铁世础,Xiaomi-HM NOTE 1LTE,android,"5,4490",0,0,0,0,0,1485149397.0
15168754,托热稼猫嫩,ZUK-ZUK Z1,android,1039,0,0,0,0,0,1485186541.0
15169068,全是宝贝,Xiaomi-MI 4LTE,android,5,0,0,0,0,0,1485138692.0
15169238,茹清课山田场凡,Xiaomi-Redmi Note 3,android,13899,0,0,0,0,0,1485177856.0
15169607,Colby-南初彤丹,HONOR-CAM-TL00,android,5,0,0,0,0,0,1485102399.0
15169663,业间截某丈勺,Apple-iPhone 6S,ios,"1858,115",0,0,0,0,0,1484923166.0
15169922,用户5703521338,vivo-vivo X9,android,5,0,0,0,0,0,1504244926.0
15170049,用户5703508720,HUAWEI-HUAWEI TIT-CL10,android,100350,0,0,0,0,0,1485175754.0
15170652,苍白5812,samsung-SM-J5008,android,84186,0,0,0,0,0,1485164897.0
15171130,春晓695,Xiaomi-MI 4LTE,android,5,0,0,0,0,0,1485147166.0
15171355,裳打阵稳训湾,OPPO-OPPO R9tm,android,72835,0,0,0,0,0,1485185265.0
15171437,恒届筐排省倒,vivo-vivo X6D,android,"100350,37165,44956",0,0,0,0,0,1488160092.0
15171703,多多了2010,Apple-iPhone 5S,ios,4490,0,0,0,0,0,1485018426.0
15171705,Maureen-巧碧辰星,OPPO-OPPO R7sm,android,5,0,0,0,0,0,1485099985.0
15172117,达天心W-jiamei,OPPO-OPPO R7sm,android,84186,0,0,0,0,0,1485164947.0
15172359,阑辰,OPPO-OPPO R9sk,android,"84,44710",0,0,0,0,0,1551838812.0
15172868,鄂铸笔帖激,Xiaomi-Redmi Note 3,android,3579,0,0,0,0,0,1485164853.0
15172959,維怹掵招,HONOR-KNT-UL10,android,72835,0,0,0,0,0,1485185737.0
15173256,用户4672401733,samsung-SM-G3818,android,3579,0,0,0,0,0,1485104730.0
15173363,仗柱投叨脏肌,Apple-iPhone 6S,ios,39,0,0,0,0,0,1484974730.0
15173515,电升害锅类利,Apple-iPhone 6S Plus,ios,84186,0,0,0,0,0,1485168451.0
15173917,用户4741446141,HUAWEI-HUAWEI CRR-UL00,android,3579,0,0,0,0,0,1485103144.0
15173923,蔷薇花开x_18439,samsung-SM-N9208,android,100350,0,0,0,0,0,1485030797.0
15173979,用户zdt0rj0coz,InFocus-InFocus M530,android,4490,0,0,0,0,0,1485139759.0
15174230,用户3813962648,Xiaomi-HM NOTE 1LTE,android,4490,0,0,0,0,0,1485142398.0
15174700,宰父耕朋,OPPO-OPPO R7sm,android,4490,0,0,0,0,0,1484928451.0
15174891,遗蔬握玻,HONOR-PLK-UL00,android,19067,0,0,0,0,0,1485104949.0
15175342,撇放率房症凡,Xiaomi-MI 5s,android,100350,0,0,0,0,0,1484932004.0
15175867,雷神阿域,samsung-SM-N9008V,android,4490,0,0,0,0,0,1485015630.0
15176142,刊对宋绞忠,HONOR-PLK-UL00,android,19067,0,0,0,0,0,1485108042.0
15176316,改芬然裁饰辱,samsung-SM-C9000,android,4490,0,0,0,0,0,1504415933.0
15176398,塌扔尚讨武奴,Apple-iPhone 6S Plus,ios,3579,0,0,0,0,0,1485179086.0
15176504,牧艘才秧,Huawei-HUAWEI MT7-TL00,android,3579,0,0,0,0,0,1485175684.0
15177026,想不通的哇咔咔_602,Xiaomi-MI 5s,android,100350,0,0,0,0,0,1485015667.0
15177209,暮宁吉吸赏十,Apple-iPhone 6S Plus,ios,72835,0,0,0,0,0,1485115830.0
15177320,凉无情无义急,Xiaomi-MI 3,android,84186,0,0,0,0,0,1485173946.0
15177515,我的rongzai大主唱,vivo-vivo Y55,android,"136862,11998,136865",0,0,0,0,0,1499503499.0
15178110,久违的爱呀_267,HUAWEI-HUAWEI GRA-TL00,android,72835,0,0,0,0,0,1485099937.0
15178111,cl28230931996,Meizu-m1 metal,android,84186,0,0,0,0,0,1485184916.0
15178474,pqoynqyogj,vivo-vivo Xplay5A,android,4264,0,0,0,0,0,1485129901.0
15178673,丰满couch,samsung-SM-A7100,android,100350,0,0,0,0,0,1485159400.0
15178721,anyangshidai_476,vivo-vivo X5S L,android,5,0,0,0,0,0,1485151014.0
15179018,Jwfy-潮店-创意总监小平,Apple-iPhone 6,ios,115805,0,0,0,0,0,1500706368.0
15179712,晚风凉匪,Xiaomi-Redmi Note 3,android,84186,0,0,0,0,0,1484967516.0
15180148,娄恳贫聚,Apple-iPhone 6,ios,3579,0,0,0,0,0,1485158653.0
15180475,言干净滋,GiONEE-GN151,android,84186,0,0,0,0,0,1485109565.0
15180578,仇嘴桥仇,vivo-vivo X5F,android,3579,0,0,0,0,0,1518055987.0
15181182,捉融音鸡庙,HONOR-PLK-UL00,android,19067,0,0,0,0,0,1485107958.0
15181213,愁断肠寄,Apple-iPhone 6S,ios,"3579,4264",0,0,0,0,0,1518053483.0
15182978,dangqy14,Xiaomi-Redmi Note 3,android,"4264,3579,41118",0,0,0,0,0,1485175903.0
15183387,毛学义珊珊leiss,Honor-CHM-TL00H,android,4490,0,0,0,0,0,1485165949.0
15183821,况渠乐步汇劫,vivo-vivo X7,android,72835,0,0,0,0,0,1498384609.0
15183908,激怒庆标捞损,Meizu-m3 note,android,103997,0,0,0,0,0,1485161859.0
15184513,渣怎么货比孕,HUAWEI-HUAWEI CAZ-AL10,android,84186,0,0,0,0,0,1485183638.0
15185071,一只超棒的烊,Xiaomi-MI 3C,android,"5,20,539",0,0,0,0,0,1485136172.0
15185592,龙贱迅龙裹柏,360-1505-A01,android,"4264,3579",0,0,0,0,0,1485065895.0
15185650,王衣由惊,vivo-vivo Y622,android,5,0,0,0,0,0,1485148489.0
15185689,馆端更迅梢,OPPO-OPPO A59m,android,"131020,19067",0,0,0,0,0,1517815901.0
15185837,稼洞工伶版卵,GiONEE-F105,android,72835,0,0,0,0,0,1485135213.0
15186239,攀艺雅怒吼流,Xiaomi-MI NOTE LTE,android,3579,0,0,0,0,0,1485160456.0
15187022,独自悲伤逆流成河,Xiaomi-Redmi Note 3,android,5,0,0,0,0,0,1485156844.0
15187402,雍扒股雍,Xiaomi-Redmi 3S,android,"103997,3579",0,0,0,0,0,1485135770.0
15187461,晁萍舅箱季_9078,Xiaomi-MI 5,android,"4264,3579",0,0,0,0,0,1485061469.0
15187699,窦喜兆窦,Letv-Letv X501,android,3579,0,0,0,0,0,1485136219.0
15188226,掌旗葬赌定左,samsung-SM-C5000,android,72835,0,0,0,0,0,1485146609.0
15188540,沫尐诺颗,vivo-vivo X6A,android,4264,0,0,0,0,0,1485152093.0
15188566,用户6075998974,HONOR-KNT-AL10,android,13899,0,0,0,0,0,1485105958.0
15188830,嘟嘟嘴蔡,Letv-X900+,android,13899,0,0,0,0,0,1485155761.0
15189012,段越鑫_257,Apple-iPhone 6S,ios,84186,0,0,0,0,0,1485111664.0
15189481,裹寨齿刮虽全,Apple-iPhone 6,ios,4490,0,0,0,0,0,1485068224.0
15189890,赏屠成赏而兔,Huawei-H60-L11,android,10537,0,0,0,0,0,1498289734.0
15190378,天蓝蓝泊,Android-M97,android,103997,0,0,0,0,0,1485109812.0
15190770,顶替村子_856,Xiaomi-Redmi Note 3,android,84186,0,0,0,0,0,1485178518.0
15192084,文辞蚕赶,OPPO-OPPO A59m,android,"4264,3579",0,0,0,0,0,1494639798.0
15193269,崔月生金玄-,HUAWEI-HUAWEI TIT-TL00,android,"113784,329,263,47",0,0,0,0,0,1485300001.0
15193275,用户5261443870,Meizu-m1 metal,android,84186,0,0,0,0,0,1485161928.0
15193731,云集微店秋秋,vivo-vivo Y20T,android,3579,0,0,0,0,0,1485178609.0
15194089,吃得好就好,Huawei-HUAWEI MT7-TL10,android,19067,0,0,0,0,0,1506580952.0
15194972,Olga-秋丹雅斯378,samsung-SM-G9008V,android,"100350,103997",0,0,0,0,0,1485145654.0
15195990,fuck_曉暁龙,OPPO-R8207,android,84186,0,0,0,0,0,1485017253.0
15196329,qq884663622,GiONEE-GN5001S,android,4490,0,0,0,0,0,1485141155.0
15196426,用户5685354466,Xiaomi-MI 5,android,74,0,0,0,0,0,1485001588.0
15196594,走犁哑尚搁峰,HUAWEI-HUAWEI GRA-CL00,android,100350,0,0,0,0,0,1485075639.0
15196942,ZF静听寂寞不动情,Apple-iPhone 6S Plus,ios,84186,0,0,0,0,0,1485174449.0
15197132,所混翻圾哨笋,vivo-vivo X5M,android,100350,0,0,0,0,0,1485175325.0
15197291,赖催穷扁平时宅,vivo-vivo X6SPlus D,android,"3579,4264",0,0,0,0,0,1485136933.0
15198371,羊稍冶羊,c5pltechn-c5pltezc,android,3579,0,0,0,0,0,1506615426.0
15198818,Daisy真天念70,OPPO-N5117,android,5,0,0,0,0,0,1485004232.0
15200140,remote_roamer,Xiaomi-Redmi Note 3,android,13899,0,0,0,0,0,1485180103.0
15200442,雪宝贝321,Xiaomi-Redmi Note 3,android,13899,0,0,0,0,0,1485136769.0
15200455,用户5680512435,OPPO-OPPO R11,android,100350,0,0,0,0,0,1503628087.0
15200542,1696212596_097632,samsung-SM-G9006V,android,5,0,0,0,0,0,1485069589.0
15200853,呼延丛眯呼延,Apple-iPhone 6,ios,"10537,93886",0,0,0,0,0,1485104928.0
15201023,齐之槐8,Apple-iPhone 6S,ios,3579,0,0,0,0,0,1485127350.0
15201151,利仓求利梁琴,OPPO-OPPO A33,android,3579,0,0,0,0,0,1485131541.0
15201182,救超纳验,Huawei-PE-TL20,android,"3579,4490",0,0,0,0,0,1485175892.0
15201237,悦遥刷矩锋初,OPPO-OPPO R9s,android,72835,0,0,0,0,0,1485156289.0
15201713,Benedict-春安华音,Meizu-m2 note,android,4490,0,0,0,0,0,1485141992.0
15202450,帖卸君所员昂,Xiaomi-MI 5,android,74,0,0,0,0,0,1485007588.0
15202939,林宝宝的小姐姐2,Apple-iPhone 7 Plus,ios,26070,0,0,0,0,0,1485008022.0
15203222,宰尤毫宰幅,Meizu-MX6,android,10537,0,0,0,0,0,1485109347.0
15203294,转广希过,ZUK-ZUK Z2131,android,"84186,135507",0,0,0,0,0,1485101241.0
15203415,用户5685477754,honor-FRD-DL00,android,74,0,0,0,0,0,1485008452.0
15204096,除溉倚难闯哥,Letv-Letv X501,android,100350,0,0,0,0,0,1485009027.0
15204193,Ber桀,Coolpad-Y71-811,android,72835,0,0,0,0,0,1485152806.0
15204456,窦岗身况,vivo-vivo X6S A,android,"4264,3579",0,0,0,0,0,1485017564.0
15204570,勉啄肝协绒扰,OPPO-X9007,android,4490,0,0,0,0,0,1485144496.0
15204667,泽愉夏锤园身,Xiaomi-HM 2A,android,103997,0,0,0,0,0,1485138503.0
15204863,Wilbur柏雅2003,htc-HTC_M8x,android,"4490,827",0,0,0,0,0,1485020038.0
15205448,具茅纠嘱哥疆,Apple-iPad 2,ios,100350,0,0,0,0,0,1485135351.0
15205749,阳光的水流,Xiaomi-Redmi Note 2,android,"13899,133464,152044",0,0,0,0,0,1485172974.0
15205805,张宇航ZYhang,vivo-vivo X6Plus D,android,"1243,41,1354",0,0,0,0,0,1516333549.0
15205831,酒址衰画,Letv-Letv X501,android,3579,0,0,0,0,0,1485163065.0
15207354,谷梁朽音黑川电抹谷梁次丙,HONOR-ATH-TL00H,android,72835,0,0,0,0,0,1485070326.0
15207621,婚窝绍念摆尼,Meizu-m3 note,android,103997,0,0,0,0,0,1485152206.0
15207790,慕套队慕,Apple-iPhone 7 Plus,ios,"3579,10473",0,0,0,0,0,1506157836.0
15207882,印帆核扁傻都,LeEco-Le X620,android,4490,0,0,0,0,0,1485153566.0
15208618,Ursula_蕊恨婉静,OPPO-OPPO R7,android,4490,0,0,0,0,0,1485155103.0
15208894,艳谦浸羽倦营,vivo-vivo X7Plus,android,100350,0,0,0,0,0,1485186115.0
15209801,贾鸿禧明月松间绕,Apple-iPhone 6 Plus,ios,4490,0,0,0,0,0,1485144245.0
15210556,爱薇儿sky,vivo-vivo X6S A,android,"4997,131952,117668,105",0,0,0,0,0,1503065806.0
15211241,用户5690207887,Apple-iPhone 6,ios,103997,0,0,0,0,0,1485019097.0
15211405,墓堂损塘泉坛,HUAWEI-MHA-AL00,android,72835,0,0,0,0,0,1515908332.0
15212910,姚望是姚望的望,Apple-iPhone 6,ios,103997,0,0,0,0,0,1485104005.0
15213304,歇歇bbby,samsung-SM-N9100,android,5,0,0,0,0,0,1485045689.0
15213664,璩幼闹璩,HUAWEI-EVA-AL10,android,"18964,3579",0,0,0,0,0,1489992615.0
15213984,悦子DTX,samsung-SM-C7000,android,"3579,23045",0,0,0,0,0,1486738682.0
15214452,widbobby,Apple-iPhone 6S,ios,"153745,153746,10",0,0,0,0,0,1485090533.0
15214453,传镇饲瑞丢寒150_41,Apple-iPhone 6S,ios,1858,0,0,0,0,0,1485166261.0
15215542,凤胖菠凤,Apple-iPhone 7 Plus,ios,3579,0,0,0,0,0,1485129133.0
15215769,郭钳候郭,Apple-iPhone 6S Plus,ios,4490,0,0,0,0,0,1494645486.0
15216432,黑毛茎涨宽敞曾,HUAWEI-HUAWEI MLA-AL10,android,3579,0,0,0,0,0,1485053746.0
15216722,颜柳李颜,OPPO-OPPO A37m,android,"3579,18964,142493",0,0,0,0,0,1490103440.0
15216886,阳雪儿2011,Apple-iPhone 6S,ios,84186,0,0,0,0,0,1485170372.0
15216961,我就不信你能猜出我是谁,Apple-iPhone 6S Plus,ios,5,0,0,0,0,0,1485104789.0
15217640,猪八戒characterize,Letv-Letv X501,android,100350,0,0,0,0,0,1485055693.0
15217721,马赢办匆键六,HONOR-KNT-UL10,android,5,0,0,0,0,0,1504413237.0
15217779,用户6071334689,Apple-iPhone 6S,ios,3579,0,0,0,0,0,1485145744.0
15218275,孔坡位孔,samsung-SCH-i929,android,3579,0,0,0,0,0,1485166844.0
15218581,郜佳坑郜缠,OPPO-OPPO A59s,android,74,0,0,0,0,0,1494515534.0
15219233,用户5691203369,Xiaomi-MI 5s Plus,android,72835,0,0,0,0,0,1504443604.0
15219355,落雁滔暖桂叠,vivo-vivo X7,android,4490,0,0,0,0,0,1485058885.0
15219428,Berg-懿思风鸿930,Apple-iPhone 6 Plus,ios,3579,0,0,0,0,0,1485138436.0
15219497,雷嚷咽雷,Honor-G621-TL00,android,74,0,0,0,0,0,1485139549.0
15220166,阴稀宝阴,vivo-vivo X6S A,android,74,0,0,0,0,0,1485142980.0
15220407,妖小孽涛,HUAWEI-HUAWEI TAG-AL00,android,84186,0,0,0,0,0,1485150785.0
15220508,布劝互包,Apple-iPhone 6S,ios,"3579,4264",0,0,0,0,0,1485060679.0
15220694,用户5698650480,Meitu-Meitu M4,android,72835,0,0,0,0,0,1485060992.0
15220953,母武牛鸽剖工,HONOR-PLK-TL01H,android,72835,0,0,0,0,0,1485106663.0
15220978,怕考试376,Apple-iPhone 6,ios,84186,0,0,0,0,0,1485061382.0
15221665,晋截丸晋,vivo-vivo X6S A,android,4490,0,0,0,0,0,1492692124.0
15222145,厉团夏厉,vivo-vivo X6S A,android,10537,0,0,0,0,0,1485140430.0
15222367,2014_5_20,OPPO-OPPO R9m,android,5,0,0,0,0,0,1485144330.0
15222375,伍野腐拆,samsung-SM-N9108V,android,3579,0,0,0,0,0,1485102489.0
15222495,订恋诸受糟徒,Apple-iPhone 6S Plus,ios,4490,0,0,0,0,0,1485141055.0
15222926,渐弊昌混姥储,LeEco-Le X620,android,4490,0,0,0,0,0,1485186203.0
15222969,用户7gur111,OPPO-OPPO A33m,android,84186,0,0,0,0,0,1485102170.0
15222996,蒯崖尾蒯,Xiaomi-HM NOTE 1LTEW,android,5,0,0,0,0,0,1504536708.0
15223360,15555豪迈adhere,Apple-iPhone 5S,ios,3579,0,0,0,0,0,1485150937.0
15223517,百合花sarah-2013_874,Meizu-m1 metal,android,5,0,0,0,0,0,1485148631.0
15223851,Deirdre_青半如流,samsung-SM-G9008V,android,"100350,103997",0,0,0,0,0,1485172929.0
15224327,Miamia囧_829,Apple-iPhone 6S Plus,ios,84186,0,0,0,0,0,1485064901.0
15224987,佘海竟佘,vivo-vivo X3L,android,4490,0,0,0,0,0,1492680481.0
15225004,用户5692057870,Apple-iPad 2,ios,100350,0,0,0,0,0,1485141645.0
15225032,姐的妖艳你肺,samsung-SM-G610F,android,3579,0,0,0,0,0,1485142556.0
15225253,木雨霖林,OPPO-OPPO R9m,android,5,0,0,0,0,0,1485135919.0
15225720,方舒-Lou,Xiaomi-MI NOTE LTE,android,4490,0,0,0,0,0,1485102293.0
15226105,吐司negligible,Apple-iPhone 7,ios,3579,0,0,0,0,0,1485155367.0
15226215,微微蓝丶_509,Xiaomi-Redmi Note 3,android,84186,0,0,0,0,0,1485066495.0
15226773,思永松觅1974,samsung-SM-N910U,android,4490,0,0,0,0,0,1485103545.0
15226832,东京逝去巴黎錮,GiONEE-F105,android,72835,0,0,0,0,0,1485067028.0
15227291,用户5704000831,Apple-iPhone SE,ios,3,0,0,0,0,0,1485105907.0
15228373,旋律mel0dy_朴灿烈中文首站,Xiaomi-MI 5s,android,5,0,0,0,0,0,1504095742.0
15228677,实算镇驳旱亏,HONOR-KIW-TL00H,android,4490,0,0,0,0,0,1485146552.0
15228690,蚁杨淹束武王,OPPO-R8207,android,72835,0,0,0,0,0,1485068622.0
15229768,兮萌萌运,Apple-iPhone 6S Plus,ios,5,0,0,0,0,0,1485140831.0
15229877,钱服酬钱,Apple-iPhone 6S,ios,74,0,0,0,0,0,1485150431.0
15230207,斯诺克在江湖,vivo-vivo X7,android,"84186,152058,135507",0,0,0,0,0,1485177117.0
15230768,邻塑躁劣郎患,Apple-iPhone 6 Plus,ios,103997,0,0,0,0,0,1485151633.0
15230789,越吴蝴危刻貌,Apple-iPhone 6S Plus,ios,103997,0,0,0,0,0,1485138671.0
15231291,脑残缺钙屌康,OPPO-R8207,android,13899,0,0,0,0,0,1485173997.0
15231582,卢维博,OPPO-OPPO A37m,android,5,0,0,0,0,0,1485160904.0
15231587,zhfxlfdfdvvl,vivo-vivo X6S A,android,84186,0,0,0,0,0,1485150799.0
15231803,lombard宦初少,Apple-iPhone 5S,ios,"4490,4264",0,0,0,0,0,1485154555.0
15232536,宦么呼宦,Lenovo-Lenovo A368t,android,3579,0,0,0,0,0,1485153175.0
15232814,易盘俯易,Apple-iPhone 6,ios,74,0,0,0,0,0,1498262004.0
15232924,尐槑猫盖,samsung-SM-P550,android,"3579,4264",0,0,0,0,0,1485153813.0
15233692,摸锣丝哗,Xiaomi-MI 4S,android,3579,0,0,0,0,0,1485133077.0
15233864,我是星期天弘pi,HUAWEI-HUAWEI CAZ-AL10,android,72835,0,0,0,0,0,1485154474.0
15234025,詹矩陵詹怠,Xiaomi-MI 5,android,74,0,0,0,0,0,1485072967.0
15234302,用户ysccw484ke,OPPO-1105,android,84186,0,0,0,0,0,1485111543.0
15234583,祝口葛祝,vivo-vivo X6Plus D,android,"3579,4264",0,0,0,0,0,1485073368.0
15234715,百里空宪羞花召碑,YUSUN-HLA NOTE1-L,android,84186,0,0,0,0,0,1485181488.0
15235602,单循条单床,vivo-vivo Y66,android,"18964,97608,74",0,0,0,0,0,1489815588.0
15235967,华山论剑274125155,vivo-vivo X7,android,5,0,0,0,0,0,1485142548.0
15236074,缺扮帜虚肢谦,OPPO-R7Plusm,android,"103997,100350",0,0,0,0,0,1485117072.0
15236481,渐行渐远渐毙,HONOR-ATH-AL00,android,72835,0,0,0,0,0,1485146916.0
15236690,伍向烫伍,Apple-iPhone 6,ios,3579,0,0,0,0,0,1497087298.0
15237112,悄兽案剖纠,samsung-SM-N9008V,android,74,0,0,0,0,0,1485075250.0
15237488,农狐波农,OPPO-R8207,android,72835,0,0,0,0,0,1485148057.0
15237626,李沁霏的妈妈,Meizu-m1 note,android,5,0,0,0,0,0,1485075599.0
15238124,别侮辱姐科,samsung-SM-A5000,android,72835,0,0,0,0,0,1485140921.0
15239199,丁舞堤丁即,Huawei-H60-L02,android,74,0,0,0,0,0,1500988441.0
15239642,忧心最小愚现株阻像,Letv-Letv X500,android,4490,0,0,0,0,0,1485104974.0
15239722,焦梢俊焦蜜,Apple-iPhone 6 Plus,ios,74,0,0,0,0,0,1500977788.0
15240117,厉怀囊厉睡哥,OPPO-OPPO A59s,android,"74,103997",0,0,0,0,0,1485172844.0
15240918,用户6015874055,HONOR-PLK-TL01H,android,5,0,0,0,0,0,1485157828.0
15241104,Solo连丽雅,Meizu-M3s,android,84186,0,0,0,0,0,1485109101.0
15241683,恶猪此洋够扔,Apple-iPhone 6S Plus,ios,100350,0,0,0,0,0,1485079150.0
15241858,饺筝胜黄载浸,OPPO-OPPO R7,android,4490,0,0,0,0,0,1485079332.0
15241923,利傻肠相马掏鹰爪,Apple-iPad Pro,ios,84186,0,0,0,0,0,1485079383.0
15242045,贺冠播石,Apple-iPhone 7 Plus,ios,"1858,447",0,0,0,0,0,1485174015.0
15242386,用户6066145857,Meizu-m3 note,android,9,0,0,0,0,0,1485120152.0
15243257,抚睡励司游尊,vivo-vivo X5S L,android,103997,0,0,0,0,0,1485080692.0
15243322,用户6066506005,Meizu-m3 note,android,84186,0,0,0,0,0,1485120892.0
15244394,傻妞妞-毛毛,Apple-iPhone 5,ios,4490,0,0,0,0,0,1485175352.0
15244902,掀鬼约沟孟杠,OPPO-N5207,android,4490,0,0,0,0,0,1485082199.0
15245088,宁心静气,Apple-iPad Mini 3,ios,84186,0,0,0,0,0,1485101087.0
15245351,lzqojn_255,Apple-iPhone 6,ios,4490,0,0,0,0,0,1485082600.0
15245551,前后像慕择冶裹职查,Apple-iPhone 6S Plus,ios,100350,0,0,0,0,0,1485164926.0
15245578,公孙券七,Apple-iPhone 6S,ios,5,0,0,0,0,0,1504670121.0
15245974,ao我乙熊铅竿,Apple-iPhone SE,ios,447,0,0,0,0,0,1485132325.0
15246343,苍脉衰苍追,GIONEE-GN3003,android,"36,72835",0,0,0,0,0,1498267183.0
15246717,雪落无声107,OPPO-OPPO R9s,android,5,0,0,0,0,0,1485158534.0
15246895,脉犹摄蝇诉超,Apple-iPhone 6S Plus,ios,4490,0,0,0,0,0,1520067638.0
15246951,冀它腹冀泊,Xiaomi-MI 5s,android,447,0,0,0,0,0,1485177389.0
15247895,井南利井狗,Apple-iPhone 6S,ios,"1039,106731",0,0,0,0,0,1485084477.0
15248338,过去式渍,vivo-vivo V3L,android,3579,0,0,0,0,0,1485085911.0
15249676,茹魂狭茹,Apple-iPhone 6S,ios,4490,0,0,0,0,0,1485152375.0
15250415,郁育志郁估,HUAWEI-HUAWEI RIO-AL00,android,74,0,0,0,0,0,1485086072.0
15250786,罗鸟鸟,HONOR-KIW-TL00,android,5,0,0,0,0,0,1485086303.0
15250945,智寻琛,Apple-iPhone 6,ios,72835,0,0,0,0,0,1485156288.0
15251056,照馒尊践液独,samsung-SM-N9008S,android,827,0,0,0,0,0,1485086508.0
15251339,维水野彼煌松坂,Letv-Letv X500,android,21061,0,0,0,0,0,1485087938.0
15253233,那诗税那,Xiaomi-MI 2C,android,"3579,74",0,0,0,0,0,1485099076.0
15253840,骆丑好骆,OPPO-OPPO R9m,android,4490,0,0,0,0,0,1485088126.0
15254878,宦影跃皆腔,HONOR-BLN-AL10,android,10537,0,0,0,0,0,1485143219.0
15255249,晃舞住钓,Apple-iPhone 7 Plus,ios,3579,0,0,0,0,0,1485131437.0
15257195,仰见公仰,OPPO-A51,android,4490,0,0,0,0,0,1485089814.0
15257435,晨命栋河穗柴,Xiaomi-Redmi Note 3,android,13899,0,0,0,0,0,1485106752.0
15258017,好久不见你魏,Xiaomi-Redmi Note 2,android,3579,0,0,0,0,0,1485184438.0
15259308,孝感广场三星体验店,Honor-G621-TL00,android,5,0,0,0,0,0,1485153181.0
15259343,弓革缩弓,OPPO-R7Plus,android,3579,0,0,0,0,0,1485171091.0
15260563,锦蚊汗轩然,OPPO-A51,android,4490,0,0,0,0,0,1485101872.0
15260922,薄灰阴薄,GIONEE-GN3002,android,74,0,0,0,0,0,1485152663.0
15261291,用户5294506188,OPPO-OPPO A53,android,447,0,0,0,0,0,1485152509.0
15261404,於确形於,OPPO-OPPO R9s,android,74,0,0,0,0,0,1485091741.0
15261520,督脉确需侮,Apple-iPhone 5S,ios,4490,0,0,0,0,0,1485109236.0
15261701,平哎呦莪去思愆紫,Xiaomi-Redmi Note 3,android,3579,0,0,0,0,0,1485092917.0
15261708,宇宇老婆本回血23号,OPPO-A31c,android,5,0,0,0,0,0,1504414318.0
15262077,张小倩Roaming_627,Apple-iPhone 6,ios,5,0,0,0,0,0,1485153417.0
15262113,Kitty羽阳1981,OPPO-R7Plusm,android,72835,0,0,0,0,0,1485155076.0
15262355,雹漂鲜嫩vc,Apple-iPhone 6S,ios,1039,0,0,0,0,0,1485101725.0
15262795,熊鸣日霞席,OPPO-OPPO R9m,android,4490,0,0,0,0,0,1485092381.0
15263302,Demon帅子,OPPO-OPPO R9m,android,447,0,0,0,0,0,1485092572.0
15263382,双子宝宝郑凯元实盘在,Huawei-HUAWEI MT7-CL00,android,827,0,0,0,0,0,1485125824.0
15263495,糜欺么糜,samsung-SM-G7108V,android,72835,0,0,0,0,0,1485153600.0
15264273,孙杏岩孙,OPPO-OPPO R7,android,74,0,0,0,0,0,1485093060.0
15264546,yiersan123456789_504,Meizu-M681C,android,13899,0,0,0,0,0,1485104281.0
15264711,逾期不候犯愁南风未起央,Apple-iPhone 6,ios,72835,0,0,0,0,0,1504243147.0
15265152,路操僵路,samsung-SHV-E300S,android,3579,0,0,0,0,0,1485125910.0
15265325,xiantiantian718_552,LeEco-Le X520,android,5,0,0,0,0,0,1485121163.0
15265815,淳于陶顿淳于,HONOR-ATH-TL00H,android,72835,0,0,0,0,0,1485093608.0
15266541,从脏局从,nubia-NX549J,android,3579,0,0,0,0,0,1485164421.0
15266665,sxroskkvfaza,OPPO-OPPO A33,android,103997,0,0,0,0,0,1503719887.0
15266944,用户6016223498,vivo-vivo Y28L,android,84186,0,0,0,0,0,1485101868.0
15267298,微博铅笔头_948,OPPO-R8205,android,5,0,0,0,0,0,1485150413.0
15267885,宁型休宁宿,Apple-iPhone 6,ios,"47,103997",0,0,0,0,0,1485185246.0
15268200,peeker,vivo-vivo X7,android,5,0,0,0,0,0,1485104781.0
15268298,皇甫筑堆皇甫,Apple-iPhone 6S Plus,ios,"21061,97608",0,0,0,0,0,1488461210.0
15268706,龚贡谱龚驾观,vivo-vivo Xplay5A,android,4490,0,0,0,0,0,1485094704.0
15268868,徐役辰徐,Apple-iPhone 7 Plus,ios,72835,0,0,0,0,0,1498396737.0
15269146,chengquanshan88_746,vivo-vivo Y31A,android,5,0,0,0,0,0,1485094861.0
15269154,宇文编套,Apple-iPhone 6,ios,100350,0,0,0,0,0,1485102583.0
15269349,饶乃玉,samsung-SHV-E300S,android,3579,0,0,0,0,0,1485124543.0
15269400,玉宇玉宇21,Apple-iPhone 6,ios,3579,0,0,0,0,0,1485129496.0
15269720,郁日能郁,Meitu-Meitu M4,android,72835,0,0,0,0,0,1485143876.0
15269859,fh米由蚂取山,Meizu-MX4,android,447,0,0,0,0,0,1485181360.0
15269919,低缺羊虫织质,Lenovo-Lenovo K50-t3s,android,103997,0,0,0,0,0,1485095153.0
15270142,用户5829131006,Xiaomi-HM NOTE 1LTE,android,"3579,4264",0,0,0,0,0,1485165299.0
15270242,古袭贺古,Apple-iPhone 6S Plus,ios,3579,0,0,0,0,0,1504497571.0
15270661,电驴拥尺槽,Apple-iPhone 6S Plus,ios,100350,0,0,0,0,0,1485155496.0
15271050,脏盲料操刚悟,Apple-iPhone 6S,ios,4490,0,0,0,0,0,1485132467.0
15271472,Horace-英慧顺康504,HONOR-NEM-TL00H,android,84186,0,0,0,0,0,1485133776.0
15271615,ruru8918,GiONEE-F103,android,19067,0,0,0,0,0,1485169403.0
15272194,震怒匙花牢饮旅仁,Huawei-HUAWEI C8818,android,100350,0,0,0,0,0,1485095993.0
15272251,Hedgehog爱宇,lge-LGLS990,android,3579,0,0,0,0,0,1485096099.0
15272304,Moyio_Aeasy,OPPO-OPPO R9m,android,"52,1,5",0,0,0,0,0,1514986375.0
15273080,笑看风尘淡笑只为一人_523,samsung-GT-P5210,android,5,0,0,0,0,0,1485151185.0
15273407,Elva济光1993,HONOR-NEM-TL00H,android,84186,0,0,0,0,0,1485125639.0
15273633,大浴lhn,OPPO-OPPO R9m,android,19067,0,0,0,0,0,1485153326.0
15273946,有补列有,Xiaomi-Redmi Note 3,android,76,0,0,0,0,0,1516953070.0
15274607,汽铁慧拣报,samsung-SM-C9000,android,"4264,4490",0,0,0,0,0,1504601243.0
15275529,萦绕冠马舍亲滚核,Apple-iPhone 6S Plus,ios,100350,0,0,0,0,0,1485161748.0
15275911,爱幻想的小七七,Apple-iPhone 6,ios,72835,0,0,0,0,0,1485136092.0
15276016,苏阮RR,lephone-lephone W7,android,"466,1,4",0,0,0,0,0,1485139515.0
15277111,244716461_a1b783,samsung-GT-P5210,android,5,0,0,0,0,0,1485151836.0
15277639,赶芦联鲜违1OY7,samsung-SM-G925F,android,4264,0,0,0,0,0,1504633966.0
15277685,溶溶思萦1972,Letv-Letv X500,android,84186,0,0,0,0,0,1485161747.0
15277696,股市笔记录选股,HONOR-KNT-UL10,android,4490,0,0,0,0,0,1485097863.0
15277718,戴壕虐脊牢,samsung-GT-I8552,android,30827,0,0,0,0,0,1485147294.0
15279258,用户6053922744,OPPO-OPPO R7,android,5,0,0,0,0,0,1485150582.0
15279966,用户5535790562,K-Touch-K-Touch L920,android,5,0,0,0,0,0,1485153243.0
15280302,仰传浙怖旨,Apple-iPhone 5S,ios,447,0,0,0,0,0,1485098724.0
15280368,Clark-美顺之新578,Xiaomi-2014813,android,"84186,5",0,0,0,0,0,1485179143.0
15280481,竺背钉竺,Samsung-SM-G9006V,android,3579,0,0,0,0,0,1485113491.0
15280485,蒲辛笼蒲,Xiaomi-MI 2C,android,3579,0,0,0,0,0,1485154564.0
15280629,国灾焦封告,samsung-SM-G9280,android,447,0,0,0,0,0,1485135292.0
15280747,T-Vostok,Apple-iPhone 6S Plus,ios,100350,0,0,0,0,0,1485148406.0
15280955,欧阳暑侍,Apple-iPhone 5S,ios,4490,0,0,0,0,0,1485131668.0
15280987,谁的快乐是宝,OPPO-X9007,android,4490,0,0,0,0,0,1485099033.0
15281192,用户4712182205,HUAWEI-HUAWEI NXT-AL10,android,5,0,0,0,0,0,1504543486.0
15281354,用户5748740587,vivo-vivo Y51,android,4490,0,0,0,0,0,1485099076.0
15281396,念真3155,Apple-iPhone 6S Plus,ios,100350,0,0,0,0,0,1485150610.0
15282433,幸木考自孤,OPPO-OPPO R9tm,android,74,0,0,0,0,0,1485099444.0
15282626,为凯转博,Xiaomi-HM 2A,android,4490,0,0,0,0,0,1485099578.0
15283056,双音盗旧情未了,Apple-iPhone 6 Plus,ios,3579,0,0,0,0,0,1485099648.0
15283840,于街静该晨,OPPO-OPPO A53m,android,74,0,0,0,0,0,1485160445.0
15284015,祝酸穴祝,Xiaomi-HM NOTE 1S,android,3579,0,0,0,0,0,1485172960.0
15284148,越抗什月土式棍侄,samsung-SM-A8000,android,5,0,0,0,0,0,1485101387.0
15284243,月驰_Heloise,Meizu-m2 note,android,84186,0,0,0,0,0,1485179840.0
15284642,锺匀向锺,HUAWEI-HUAWEI P8max,android,3579,0,0,0,0,0,1485143542.0
15284769,焦辛亿焦,Xiaomi-Redmi Note 4,android,"5,76",0,0,0,0,0,1517036438.0
15285325,初遍单词汤胜搏,samsung-SM-G9008V,android,44,0,0,0,0,0,1485170779.0
15285539,甲捎景八孤刭pu,ALOES-ALOES,android,5,0,0,0,0,0,1485120383.0
15285569,了犬遮操九,Apple-iPhone 5S,ios,447,0,0,0,0,0,1485100613.0
15285740,吉豆爱吃豆子,vivo-vivo X7,android,4,0,0,0,0,0,1485100693.0
15285950,盟寻韵饼张,HONOR-KIW-AL10,android,4490,0,0,0,0,0,1485100814.0
15286279,盍丹垫盍,Meizu-m3 note,android,"3579,4264",0,0,0,0,0,1485101230.0
15286621,刁坛亏诵寒榜,Apple-iPhone 7 Plus,ios,100350,0,0,0,0,0,1485101795.0
15286643,无辜的小散散,Meizu-m1 metal,android,5,0,0,0,0,0,1485101815.0
15287417,梦容本怀柔,Apple-iPhone 7,ios,827,0,0,0,0,0,1485103277.0
15287496,蝉羽思潮窜方式特,LeEco-Le X620,android,447,0,0,0,0,0,1485103420.0
15287621,坑丙思惟秩宪义,Meizu-m1 metal,android,827,0,0,0,0,0,1485103616.0
15287655,昝财搞昝,Huawei-H60-L01,android,3579,0,0,0,0,0,1485103688.0
15288269,贾当乐贾,vivo-vivo V3M A,android,3579,0,0,0,0,0,1485104533.0
15288819,姿黎讲篇浊,Apple-iPhone 6S,ios,"103997,60856",0,0,0,0,0,1486905649.0
15289569,忽胁掌上教拒,Apple-iPhone 6,ios,827,0,0,0,0,0,1485106727.0
15289577,安瑾瑜么,samsung-SM-G5308W,android,4490,0,0,0,0,0,1485106743.0
15290005,爱在机场溜白菜3,HONOR-PLK-TL01H,android,827,0,0,0,0,0,1485176320.0
15290053,骆周状骆,vivo-vivo X6S A,android,3579,0,0,0,0,0,1492755236.0
15290270,黒川清实力亦凝,OPPO-X9007,android,4490,0,0,0,0,0,1485153235.0
15290417,颜皂写崖悔,asus-P024,android,103997,0,0,0,0,0,1485108401.0
15290740,储故六储,Xiaomi-Redmi Note 2,android,131020,0,0,0,0,0,1517714967.0
15291320,pww冠一佳xt,vivo-vivo X6D,android,84186,0,0,0,0,0,1485110515.0
15293085,我必成学霸渡,Apple-iPhone 6 Plus,ios,5,0,0,0,0,0,1485119315.0
15293461,乐松翱映真,HUAWEI-HUAWEI NXT-AL10,android,4490,0,0,0,0,0,1485122707.0
15293686,Dinah-薇白卉安,Apple-iPhone 6S,ios,84186,0,0,0,0,0,1485124364.0
15294029,通脉守通航安横,OPPO-OPPO R7sm,android,103997,0,0,0,0,0,1485126712.0
15294414,T唯爱添福宝F,Xiaomi-Redmi Note 3,android,"5,1,6",0,0,0,0,0,1486086397.0
15294456,静候青宇,OPPO-OPPO A33,android,"4264,3579",0,0,0,0,0,1485249864.0
15296077,致力于吃上肉的回血小号,HONOR-NEM-AL10,android,827,0,0,0,0,0,1485134579.0
15296442,辣辣是永远吃不胖的仙女儿,Apple-iPhone 6S Plus,ios,"4264,4,166",0,0,0,0,0,1510193880.0
15296446,相根仇相,Meizu-m1 note,android,"3579,47,4264",0,0,0,0,0,1485134980.0
15296795,原际抹驼聚,Xiaomi-HM NOTE 1LTE,android,"4490,827",0,0,0,0,0,1485135524.0
15297077,梳详笼遭拥YW8Q,vivo-vivo X3V,android,"3579,4264",0,0,0,0,0,1485135936.0
15297151,怀和质怀,Apple-iPhone 5S,ios,4490,0,0,0,0,0,1485136036.0
15297239,易生裴伴你--,Hisense-Hisense M20-T,android,"5,166,4",0,0,0,0,0,1500822028.0
15297312,明离弋落,vivo-vivo Y66,android,84186,0,0,0,0,0,1516941108.0
15297546,烊烊宝宝的肥鹤6,Apple-iPhone 6S Plus,ios,5,0,0,0,0,0,1485178591.0
15297564,后鹊旱吧箭ta,Xiaomi-Redmi Note 3,android,3579,0,0,0,0,0,1485136665.0
15297928,乌冬我最爱,HONOR-DUK-AL20,android,"42,4490",0,0,0,0,0,1534003025.0
15298310,我们终于老着,Sony-E6653,android,100350,0,0,0,0,0,1485137794.0
15298570,俊凯宝宝敲可爱,Xiaomi-MI 2S,android,"1,5,6",0,0,0,0,0,1485138621.0
15298994,用户0642922325,Huawei-G620-L75,android,3579,0,0,0,0,0,1485138496.0
15300938,仙女源七,vivo-vivo Y18L,android,"44706,1,5,6",0,0,0,0,0,1507035842.0
15301127,钱右陆蓬松整齐斗,samsung-SM-G900F,android,4264,0,0,0,0,0,1485141061.0
15302007,用户6115881662,samsung-SM-J500H,android,1858,0,0,0,0,0,1485141997.0
15302033,Blithe-业志亮涵252,samsung-SM-G5308W,android,84186,0,0,0,0,0,1485141972.0
15302070,哪年的夏天丶,Apple-iPhone 6S Plus,ios,4490,0,0,0,0,0,1485141942.0
15302104,欢快馋浩傍射,OPPO-OPPO R7,android,4490,0,0,0,0,0,1485141990.0
15302259,锻猜测思远凤思恋,Apple-iPhone 7,ios,4490,0,0,0,0,0,1485142081.0
15302290,荀弊挡荀,Coolpad-C106,android,3579,0,0,0,0,0,1485143079.0
15303142,沃本功僵扩屈衣,OPPO-OPPO A37m,android,4490,0,0,0,0,0,1485142784.0
15303531,珠狭五涝,Xiaomi-MI 5,android,3579,0,0,0,0,0,1485143188.0
15303624,office-01,ZTE U960s3-ZTE U960s3,android,5,0,0,0,0,0,1485143230.0
15303647,珍嘉Jay470,bifer-BF_T12,android,84186,0,0,0,0,0,1485143263.0
15304097,MS-菜菜星-凤凰_371,Xiaomi-Lenovo K30-TM,android,84186,0,0,0,0,0,1485143716.0
15304295,蒋锡抵蒋拜,Xiaomi-MI 3C,android,3579,0,0,0,0,0,1518324044.0
15304468,Exia-孤傲,htc-HTC_M8x,android,827,0,0,0,0,0,1485144872.0
15304533,联通新势力1765475971,Apple-iPhone 6 Plus,ios,4490,0,0,0,0,0,1485144104.0
15304852,辛果翠激奋前方吗_273,Xiaomi-MI 4LTE,android,4490,0,0,0,0,0,1485144402.0
15305131,锺阴品锺,Apple-iPhone 6S Plus,ios,"74,97608,447",0,0,0,0,0,1488455326.0
15305297,愤怒的小三2013,vivo-vivo X710L,android,5,0,0,0,0,0,1485144841.0
15305639,c峰子_226,samsung-SM-J3109,android,84186,0,0,0,0,0,1485145216.0
15306091,久不遇藤,GIONEE-GN3002,android,4264,0,0,0,0,0,1485145653.0
15306321,翟凯防翟,vivo-vivo X9Plus,android,5,0,0,0,0,0,1485145859.0
15306355,用户6027756396,Xiaomi-MI 4LTE,android,13899,0,0,0,0,0,1485145914.0
15306432,铁梳思韵催趋陕_119,Apple-iPhone 7 Plus,ios,827,0,0,0,0,0,1485145972.0
15306456,咸我忘84ia,vivo-vivo X7Plus,android,4490,0,0,0,0,0,1485145997.0
15306555,厕另爷多少参差神,HONOR-PLK-TL01H,android,"3579,4264",0,0,0,0,0,1485146077.0
15306686,钮阅男钮,HUAWEI-HUAWEI RIO-TL00,android,5,0,0,0,0,0,1504582431.0
15307023,别脸红瓜,Xiaomi-Redmi Note 3,android,72835,0,0,0,0,0,1485146513.0
15307476,碎纸1997,Apple-iPhone 6 Plus,ios,5,0,0,0,0,0,1485146891.0
15307559,子车人帽,vivo-vivo X5Pro D,android,4490,0,0,0,0,0,1485146967.0
15309439,用户wjljs5pbyh,Xiaomi-MI 3,android,44,0,0,0,0,0,1485148415.0
15309851,0_0诙谐_691,vivo-vivo Xplay5A,android,72835,0,0,0,0,0,1485148699.0
15310339,子鹤宝贝2013_252,OPPO-OPPO R9s,android,10537,0,0,0,0,0,1485149074.0
15310662,宗健南宗,vivo-vivo X5Max+,android,19067,0,0,0,0,0,1485149303.0
15311063,乄恨别璃赘,Xiaomi-MI MAX,android,4264,0,0,0,0,0,1485667913.0
15311478,姜蠢雄姜,GIONEE-GN3001,android,"3579,4264",0,0,0,0,0,1485151067.0
15311597,用户6028461765,Sony-D6653,android,4490,0,0,0,0,0,1485149972.0
15311601,简单的等待e,HONOR-BLN-AL10,android,"3579,4264",0,0,0,0,0,1486734464.0
15312099,青寐,HONOR-BLN-AL10,android,13899,0,0,0,0,0,1485150324.0
15312915,一路向前走1990,HONOR-CAM-AL00,android,5,0,0,0,0,0,1485150926.0
15313002,maggieheng_7660d6,Honor-CHE-TL00,android,4490,0,0,0,0,0,1485150965.0
15313155,收粉红崇拜擦蜡黄_778,OPPO-A51,android,4490,0,0,0,0,0,1485151062.0
15313298,钮帝啄钮,HUAWEI-EVA-AL10,android,103997,0,0,0,0,0,1485151131.0
15313538,urallic_900,OPPO-R7Plus,android,4490,0,0,0,0,0,1485151296.0
15313617,喻轨果喻,honor-FRD-AL10,android,103997,0,0,0,0,0,1485151309.0
15314400,用户5950184334,vivo-vivo Y51,android,"1,6,5",0,0,0,0,0,1485152095.0
15314524,澡滴权炭黑思春灿_316,Apple-iPad Mini 4,ios,19067,0,0,0,0,0,1504418926.0
15316144,莫问逆天,Meizu-M3s,android,5,0,0,0,0,0,1485152786.0
15316350,黑白枪尸,OPPO-OPPO R7,android,5,0,0,0,0,0,1485152875.0
15316584,妖妖是闲蛋超人,Huawei-H60-L03,android,4490,0,0,0,0,0,1485152984.0
15316643,池盟接池,Apple-iPhone 6,ios,5,0,0,0,0,0,1485180936.0
15316727,钱族邻思慕祈祷倒,GIONEE-S9,android,19067,0,0,0,0,0,1501923387.0
15317148,露梦灵月_Elaine,samsung-GT-I9500,android,4264,0,0,0,0,0,1485153266.0
15317481,团耻八南北怒放点,Xiaomi-MI 4LTE,android,4490,0,0,0,0,0,1504335749.0
15317565,荀羊示荀米,vivo-vivo X7Plus,android,2,0,0,0,0,0,1485174995.0
15317857,雪语Marcus1997,OPPO-1105,android,5,0,0,0,0,0,1485153552.0
15318224,esoftware笑嘻嘻,vivo-vivo X7Plus,android,4490,0,0,0,0,0,1485153724.0
15318231,闾丘拆芒,Apple-iPad Air 2,ios,"19067,144007",0,0,0,0,0,1508123243.0
15318275,耀长E,Qiku-8681-M02,android,3579,0,0,0,0,0,1485153744.0
15318764,刘租帆刘,samsung-SHV-E330K,android,"2,3",0,0,0,0,0,1485165752.0
15319113,卜哭总卜,Coolpad-Coolpad 7295C,android,4264,0,0,0,0,0,1485154116.0
15319912,新区幻云9号,vivo-vivo X6SPlus D,android,5,0,0,0,0,0,1485154512.0
15319961,查闭诚查命损,Apple-iPhone 5S,ios,2,0,0,0,0,0,1485161725.0
15320223,段躬胃段陈,Letv-Letv X500,android,21061,0,0,0,0,0,1485154667.0
15320685,用户6026537488,Xiaomi-MI 4LTE,android,13899,0,0,0,0,0,1485154889.0
15320813,跌讲思维微当逮_521,asus-ASUS_T00F,android,827,0,0,0,0,0,1485154947.0
15320944,手机用户1812458212,SMARTISAN-YQ607,android,4490,0,0,0,0,0,1485154998.0
15321549,用户6013800494,samsung-SM-G5109,android,5,0,0,0,0,0,1485155275.0
15321648,鱼嵌婪独空,Apple-iPhone 7 Plus,ios,4264,0,0,0,0,0,1485155309.0
15321692,jesse0416,Huawei-HUAWEI C8813Q,android,4264,0,0,0,0,0,1485155321.0
15322580,阳扬稿阳,vivo-vivo X7,android,5,0,0,0,0,0,1485155823.0
15322989,用户urb7ydzfmb,HUAWEI-HUAWEI CAZ-AL10,android,10537,0,0,0,0,0,1485155880.0
15323028,暗某纯佩服思言焦_795,HONOR-KIW-TL00H,android,4490,0,0,0,0,0,1485155981.0
15323792,尝感恋微弱菠欢腾_552,vivo-vivo X7Plus,android,4490,0,0,0,0,0,1485156206.0
15323932,院证苍茫课坝奶_314,vivo-vivo X6D,android,4490,0,0,0,0,0,1485156729.0
15324521,夏侯亡杏夏侯,Xiaomi-MI 5s Plus,android,"3579,4264",0,0,0,0,0,1485156499.0
15324581,刘妍昕_514,Apple-iPhone 6,ios,5,0,0,0,0,0,1485156554.0
15324774,昝牌盗昝,OPPO-OPPO R9km,android,103997,0,0,0,0,0,1485156636.0
15325538,sylll_99186,ZTE U960s3-ZTE U960s3,android,5,0,0,0,0,0,1485156895.0
15326026,arch13_686,Apple-iPhone 6S Plus,ios,4490,0,0,0,0,0,1485157081.0
15326283,浪迹天涯暖暖_571_464_389,UTOUU-U7,android,5,0,0,0,0,0,1485157169.0
15326582,殷妹重殷,Apple-iPhone 5S,ios,4490,0,0,0,0,0,1485157298.0
15327128,云度印云,Apple-iPhone 6S,ios,103997,0,0,0,0,0,1485157494.0
15327302,畅快抚摩抬落寞思,Apple-iPhone 6S,ios,4490,0,0,0,0,0,1485157548.0
15328113,快乐猪0409_974,ALOES-ALOES,android,4264,0,0,0,0,0,1485157845.0
15328791,sjishxbxbfjjd,honor-FRD-AL10,android,72835,0,0,0,0,0,1504444022.0
15329361,碳酸哪有奶昔好,vivo-vivo X7,android,5,0,0,0,0,0,1485158278.0
15330749,兼斩将驳押,Lenovo-Lenovo A706,android,372,0,0,0,0,0,1501823370.0
15331060,赏茄伤赏,OPPO-A51,android,4490,0,0,0,0,0,1485158906.0
15331361,-余海杰-,HUAWEI-HUAWEI CAZ-AL10,android,10537,0,0,0,0,0,1485159025.0
15331884,奸替店钦仰思路筋_718,Xiaomi-MI 4LTE,android,19067,0,0,0,0,0,1504501689.0
15331953,方彩菊2981,HUAWEI-BAC-AL00,android,19067,0,0,0,0,0,1501951227.0
15331979,饲页答蛋喇kj,vivo-vivo X5M,android,72835,0,0,0,0,0,1504601865.0
15332110,倚做脱革,OPPO-OPPO R7s,android,19067,0,0,0,0,0,1485159287.0
15332148,就当不曾来过也不曾回头,vivo-vivo V3M A,android,5,0,0,0,0,0,1485159297.0
15332487,诸舞喷诸,GIONEE-S9,android,19067,0,0,0,0,0,1501950484.0
15333891,宿炼棉汁倚忌挪,Apple-iPhone 7 Plus,ios,103997,0,0,0,0,0,1485159861.0
15333899,江心海域,Apple-iPhone 6S,ios,4490,0,0,0,0,0,1485160052.0
15335406,快乐smartmcu,OPPO-R7Plusm,android,5,0,0,0,0,0,1485160347.0
15336280,我的烊烊烊烊烊烊烊烊烊烊,Apple-iPhone 6S Plus,ios,5,0,0,0,0,0,1524327724.0
15336305,宿诸票问八引gr,Xiaomi-2014011,android,4490,0,0,0,0,0,1485160630.0
15336791,老衲打酱油,vivo-vivo Y31A,android,4490,0,0,0,0,0,1485160792.0
15336903,xoloxlxodw,GiONEE-E7,android,5,0,0,0,0,0,1485160814.0
15337552,颓废n潮流,vivo-vivo Y51A,android,5,0,0,0,0,0,1485161003.0
15337696,臧煽徽豢腊,Huawei-HUAWEI G750-T01,android,"84186,372",0,0,0,0,0,1502167791.0
15338496,赖巾刷虚假触dz,HUAWEI-PIC-AL00,android,3579,0,0,0,0,0,1504410807.0
15338515,甄黎拢甄,OPPO-OPPO A57,android,5,0,0,0,0,0,1506234395.0
15338589,sweetmoay3,samsung-SM-G9006V,android,827,0,0,0,0,0,1485161367.0
15338609,meier3523_5y7ls,Meizu-MX6,android,10537,0,0,0,0,0,1485161352.0
15338898,鲜花水深简钦仰前后,Letv-Letv X500,android,4490,0,0,0,0,0,1485164654.0
15339125,呼延努恐呼延,Honor-Che1-CL10,android,74,0,0,0,0,0,1485161529.0
15339749,车贷乏车棍,vivo-vivo X5Pro V,android,103997,0,0,0,0,0,1485178909.0
15339756,我为卿狂01_802,Xiaomi-MI 3C,android,"331,4490",0,0,0,0,0,1485845641.0
15339815,鱼双虎,Apple-iPhone 6S Plus,ios,"4490,827",0,0,0,0,0,1512142447.0
15340737,天津-股侠y,vivo-vivo X9,android,5,0,0,0,0,0,1520595740.0
15340796,梁盯搏梁,vivo-vivo X5M,android,2,0,0,0,0,0,1485162671.0
15342011,杨依振380_750,samsung-SM-G9300,android,5,0,0,0,0,0,1485162605.0
15343514,旧始恬静薄徐连,Apple-iPhone 6S,ios,19067,0,0,0,0,0,1505380504.0
15343794,用户5280318640,OPPO-OPPO R9s Plus,android,19067,0,0,0,0,0,1485162879.0
15343943,我心荒芜29199,vivo-vivo X6S A,android,"827,4490",0,0,0,0,0,1487175869.0
15344081,傷为何不退徐子轩,vivo-vivo Y37,android,2,0,0,0,0,0,1485162957.0
15344377,刘宫皮刘几,vivo-vivo X5M,android,2,0,0,0,0,0,1485163034.0
15344850,羿缓鞋寂寞后dl,HUAWEI-PIC-AL00,android,3579,0,0,0,0,0,1504411560.0
15345557,疯癫读,HONOR-KNT-UL10,android,72835,0,0,0,0,0,1485163364.0
15345636,高傲的看着骨,GIONEE-GN3002,android,4264,0,0,0,0,0,1485163398.0
15345908,ss1702,ZTE-ZTE BA601,android,"1858,134941",0,0,0,0,0,1485163512.0
15345946,宇and沫,vivo-vivo X5S L,android,2,0,0,0,0,0,1485787454.0
15346032,幸金蜂幸,HONOR-CAM-TL00,android,5,0,0,0,0,0,1485163571.0
15346339,东门绿任东门,Apple-iPhone 6,ios,100350,0,0,0,0,0,1485163597.0
15346693,班啊胆整想,Xiaomi-HM NOTE 1LTE,android,4490,0,0,0,0,0,1485163700.0
15346796,逍遥子_43575,Letv-Letv X501,android,21061,0,0,0,0,0,1485163725.0
15346815,韶解肢韶碌,vivo-vivo X6S A,android,5,0,0,0,0,0,1485163728.0
15346816,水孤单激怒约孤立,HUAWEI-EVA-AL10,android,4490,0,0,0,0,0,1485165092.0
15346992,思服通红博红润眷,OPPO-OPPO R9tm,android,47,0,0,0,0,0,1485163811.0
15347018,死寂699,KOPO-KOPO L9,android,5,0,0,0,0,0,1485163786.0
15347244,伍稳祖伍,OPPO-OPPO R9s,android,5,0,0,0,0,0,1485163865.0
15348130,天津_股侠_老师在线指导,coosee-YEPEN,android,5,0,0,0,0,0,1485164121.0
15348960,山滴潜山,Coolpad-C106,android,3579,0,0,0,0,0,1485164380.0
15349381,心恋的故事,OPPO-OPPO R9 Plustm A,android,4490,0,0,0,0,0,1485164865.0
15349391,游离2001,OPPO-OPPO R9tm,android,4490,0,0,0,0,0,1485164511.0
15349627,yunfengshan,OPPO-OPPO R9m,android,4490,0,0,0,0,0,1485164586.0
15350159,难以言喻_91740,samsung-SM-N9006,android,3579,0,0,0,0,0,1485164740.0
15350449,泳寥寂依恋捧伤感,OPPO-R7Plus,android,5,0,0,0,0,0,1485164826.0
15350606,拓跋崖娘,vivo-vivo Y622,android,5,0,0,0,0,0,1485164873.0
15351092,昼夜恐惧摧娇美畅,Apple-iPhone 6S,ios,4490,0,0,0,0,0,1485170286.0
15351871,Jab乖,OPPO-OPPO R7,android,4,0,0,0,0,0,1485165248.0
15352086,恐慌浴兰跨苗条单_709,Apple-iPhone 6S,ios,4490,0,0,0,0,0,1485169364.0
15352921,岛谷希性约爱恋冶草翦,Apple-iPhone 6S Plus,ios,4264,0,0,0,0,0,1485165582.0
15352959,巫马旷专,Apple-iPad Air,ios,5,0,0,0,0,0,1485165595.0
15353341,朝夕犹招,OPPO-OPPO R9 Plusm A,android,72835,0,0,0,0,0,1485165722.0
15353401,wushi131313,OPPO-R7Plus,android,5,0,0,0,0,0,1485165739.0
15353684,快点阴显ep_198,HUAWEI-HUAWEI MLA-AL10,android,"19067,28565",0,0,0,0,0,1488627901.0
15353930,趟肩旗丢描_690,HUAWEI-HUAWEI GRA-UL10,android,4490,0,0,0,0,0,1485165949.0
15354706,温桌坏期待掀dm,Xiaomi-Redmi Note 3,android,72835,0,0,0,0,0,1485167255.0
15354930,起司火锅_371,OPPO-OPPO R9m,android,5,0,0,0,0,0,1485166293.0
15354951,相倡效相,Apple-iPhone 7 Plus,ios,3579,0,0,0,0,0,1485166506.0
15354956,相伴yu,OPPO-OPPO A79t,android,"231183,231020,221478,221479,45109,2",0,0,0,0,0,1551780297.0
15355148,心随妮动10,Apple-iPhone 5C,ios,5,0,0,0,0,0,1485166375.0
15355304,哥哥1260650670,LeEco-Le X620,android,5,0,0,0,0,0,1485166431.0
15355699,焦黄安静锤遥望清秀_381,Apple-iPhone 7 Plus,ios,5,0,0,0,0,0,1485168426.0
15355793,卫选咽卫,vivo-vivo X7,android,19067,0,0,0,0,0,1485166636.0
15355894,xieqianghua1982,Honor-CHE-TL00,android,5,0,0,0,0,0,1485177189.0
15356322,怒斥留恋珠花蕊_143,Sony-G3125,android,5,0,0,0,0,0,1504474235.0
15356529,冉继熊冉载,lephone-lephone T7+,android,5,0,0,0,0,0,1485166909.0
15356941,做Ai视频短片,samsung-SM-G930F,android,74,0,0,0,0,0,1485171714.0
15357357,澹台友劫澹台,Apple-iPhone 6S,ios,"3579,4264",0,0,0,0,0,1494557191.0
15357938,武科衣物慌费uw,Apple-iPhone 6,ios,72835,0,0,0,0,0,1485167384.0
15358095,秋日恋歌521,Apple-iPhone 6S,ios,5,0,0,0,0,0,1485168234.0
15358170,东门荣草,Letv-Letv X500,android,3579,0,0,0,0,0,1485167564.0
15358301,821715329_db60c4,vivo-vivo Y33,android,5,0,0,0,0,0,1485167513.0
15358329,激怒珍贵秧褒贬瘦弱_650,HONOR-NEM-AL10,android,4490,0,0,0,0,0,1485167523.0
15358423,建木s0岁月,OPPO-OPPO R9tm,android,74,0,0,0,0,0,1485167562.0
15358530,热情的qinch,Letv-Letv X500,android,5,0,0,0,0,0,1485167590.0
15358640,用户6015758427,OPPO-OPPO A59m,android,3579,0,0,0,0,0,1485167635.0
15358867,挖掘黯淡棍思远浴兰_493,Coolpad-Coolpad K1-NT,android,4490,0,0,0,0,0,1485167721.0
15359620,用户6015737256,Coolpad-Coolpad Y60-C1,android,5,0,0,0,0,0,1485167971.0
15359802,伯局铸伯,HONOR-CAM-AL00,android,827,0,0,0,0,0,1485168030.0
15359817,一个人听好1999,Xiaomi-Redmi Note 3,android,5,0,0,0,0,0,1485168030.0
15360404,尔安_yhhpd,OPPO-OPPO R9s,android,72835,0,0,0,0,0,1485168214.0
15361289,欺负我妹韶,Xiaomi-MI 5,android,"3579,4264",0,0,0,0,0,1485168488.0
15361988,Goodwinchang,samsung-SM-J3109,android,5,0,0,0,0,0,1485189210.0
15362257,NLYSQ76473,HUAWEI-EVA-TL00,android,4490,0,0,0,0,0,1485168764.0
15362959,昵称传奇918,OPPO-OPPO R7sm,android,5,0,0,0,0,0,1485168966.0
15363660,攻烊,OPPO-OPPO R9m,android,5,0,0,0,0,0,1500719879.0
15363834,用户6879264897,HONOR-KIW-TL00,android,84186,0,0,0,0,0,1485169239.0
15365138,1234567890wasd,HONOR-CAM-TL00,android,5,0,0,0,0,0,1485169645.0
15365407,萧欢春839,OPPO-OPPO A59s,android,103997,0,0,0,0,0,1485169746.0
15365579,阎榴带阎妹,vivo-vivo V3,android,4490,0,0,0,0,0,1485169784.0
15365719,14120554_7e7bbb,vivo-vivo V3,android,5,0,0,0,0,0,1485169813.0
15365866,槑槑乐兹,Meizu-MX6,android,10537,0,0,0,0,0,1485169879.0
15366152,多音寂寞装鲜花是,Xiaomi-Redmi 4,android,4490,0,0,0,0,0,1485169934.0
15366905,怒斥思永念红润文弱_136,Xiaomi-Redmi 4,android,4490,0,0,0,0,0,1485170153.0
15367182,谎吹歪悲痛洁白衫_148,Sony-G3125,android,74,0,0,0,0,0,1504611799.0
15367580,东方酱午,Apple-iPhone 6S Plus,ios,1858,0,0,0,0,0,1485170397.0
15367678,鉴毁骤式混,OPPO-OPPO R9s Plus,android,19067,0,0,0,0,0,1485170398.0
15368016,居碧也居,Apple-iPhone 6S,ios,"76,5",0,0,0,0,0,1516463281.0
15368384,mu腔植笛哭整,HUAWEI-HUAWEI NXT-AL10,android,72835,0,0,0,0,0,1485170599.0
15368509,权谊货cwdvf,Samsung-SM-G9006V,android,3579,0,0,0,0,0,1485177403.0
15368573,沈匙退沈,Apple-iPhone 6S,ios,3579,0,0,0,0,0,1485174796.0
15369218,惠送鹅刷致_98023,OPPO-OPPO A53,android,5,0,0,0,0,0,1504273974.0
15369353,语素恬静乡欢畅曲_539,Xiaomi-Redmi 4,android,4490,0,0,0,0,0,1485170876.0
15369914,层筛伙渠栗,vivo-vivo X7,android,827,0,0,0,0,0,1485171046.0
15370301,迷雾中的竹马,LeEco-Le X620,android,30827,0,0,0,0,0,1485171144.0
15370354,较均游符sq,OPPO-OPPO R9s Plus,android,19067,0,0,0,0,0,1485171161.0
15370774,like郑佳辛,vivo-vivo X9,android,21061,0,0,0,0,0,1485171344.0
15371248,baobo亚,samsung-GT-P5210,android,4490,0,0,0,0,0,1485171415.0
15371573,旨端思凡酒揪葵,Apple-iPad Mini 4,ios,4490,0,0,0,0,0,1504374010.0
15372587,太叔秘疯允捕,OPPO-OPPO R9m,android,5,0,0,0,0,0,1485171721.0
15373005,時光漸染流年成殤,vivo-vivo X20A,android,"4,10,96",0,0,0,0,0,1521823024.0
15373025,思索明亮系零落,Lenovo-Lenovo S960,android,4490,0,0,0,0,0,1485171860.0
15373841,郏婶伙奸轰首ng,Apple-iPhone 6S Plus,ios,3579,0,0,0,0,0,1528933680.0
15374034,对着天空傻嫌,Letv-Letv X501,android,10537,0,0,0,0,0,1485172395.0
15374175,育缸烧虫菠gnx,Apple-iPhone 6S,ios,103997,0,0,0,0,0,1485172094.0
15374482,榆皱种纤揉,OPPO-OPPO R9 Plusm A,android,21061,0,0,0,0,0,1498712680.0
15375091,司徒溜候,HONOR-NEM-AL10,android,103997,0,0,0,0,0,1485172376.0
15375209,钞洁恼火欧迟因,vivo-vivo X6S A,android,10537,0,0,0,0,0,1485172337.0
15375283,柳梁涝植诿,Meizu-m1 metal,android,"2,5520",0,0,0,0,0,1485172401.0
15375411,沈敲洞沈,Apple-iPhone 6S Plus,ios,"4490,130736",0,0,0,0,0,1485172453.0
15375646,邓汗至邓宜,Apple-iPhone 7,ios,4490,0,0,0,0,0,1485183782.0
15375845,栋此词组八筛畜_124,OPPO-OPPO R7,android,10537,0,0,0,0,0,1504589457.0
15376282,用户7771881401,OPPO-OPPO R9tm,android,4490,0,0,0,0,0,1485172692.0
15376969,赪燏yu,Xiaomi-MI 8 Lite,android,"2,230321",1,7,4,0,0,1551784673.0
15377843,张涛的妈妈被狗插,OPPO-OPPO R9tm,android,5,0,0,0,0,0,1485172896.0
15378258,游捏邮游,Apple-iPhone 6,ios,4490,0,0,0,0,0,1485172996.0
15378309,sfsdfsd马甲,ZTE U960s3-ZTE U960s3,android,5,0,0,0,0,0,1485173019.0
15378477,苌熙柔绯空弦,Xiaomi-2013023,android,2,0,0,0,0,0,1485173037.0
15378963,靳旁旦靳,samsung-SM-N9100,android,103997,0,0,0,0,0,1485173186.0
15379066,情人劫讨,Meizu-M1 E,android,13899,0,0,0,0,0,1485173176.0
15379465,efikiller,vivo-vivo X7Plus,android,4490,0,0,0,0,0,1485173470.0
15381112,outman1313,vivo-vivo Y628,android,5,0,0,0,0,0,1485173628.0
15381198,灿橘裕痕俱跪,Xiaomi-Redmi Note 3,android,72835,0,0,0,0,0,1485173651.0
15381349,思齐异阻嘴确搂柱,Xiaomi-MI 5s,android,103997,0,0,0,0,0,1485173677.0
15381789,毛哈型毛,vivo-vivo X3S W,android,4490,0,0,0,0,0,1485173775.0
15382000,位突挤长咳族,HUAWEI-GEM-703L,android,4490,0,0,0,0,0,1485173823.0
15382465,不是那样的其实,HONOR-PLK-AL10,android,827,0,0,0,0,0,1485173919.0
15382753,羞花相恋池失恋,Apple-iPhone 6S,ios,4490,0,0,0,0,0,1485173969.0
15382760,别巷寂寥人散后望残烟草弥,OPPO-A51,android,84186,0,0,0,0,0,1485173977.0
15383182,sandra001,OPPO-OPPO R7s,android,84186,0,0,0,0,0,1485174058.0
15384616,松林外贸免税_510,Apple-iPhone 5S,ios,4490,0,0,0,0,0,1486733036.0
15384711,怨链肾趴,vivo-vivo X9,android,"10473,45109,19067",0,0,0,0,0,1506136139.0
15385355,冰风2309720301,Apple-iPhone 6S,ios,5,0,0,0,0,0,1485174506.0
15385620,慌唯抵周疾,Apple-iPhone 6,ios,4490,0,0,0,0,0,1485174576.0
15386046,单词轩昂蹲思议,lge-LG-H961N,android,4490,0,0,0,0,0,1485174759.0
15386506,对娥吕局,Apple-iPhone 6S,ios,3579,0,0,0,0,0,1485174749.0
15386716,走自2013,Apple-iPhone 5S,ios,5,0,0,0,0,0,1485174800.0
15387050,僾蕾,HONOR-NEM-UL10,android,5,0,0,0,0,0,1485174869.0
15387454,幸垮心恋肌,samsung-GT-I8262D,android,72835,0,0,0,0,0,1485174978.0
15388423,夕颜iyyn,OPPO-OPPO A33m,android,3579,0,0,0,0,0,1485175163.0
15388589,yuganren123,Xiaomi-Redmi Note 3,android,5,0,0,0,0,0,1485175203.0
15388767,盍邻洗盍,samsung-SM-J700F,android,447,0,0,0,0,0,1485175241.0
15389308,黎昏扶黎恼,Xiaomi-Redmi Note 3,android,4264,0,0,0,0,0,1485175344.0
15389407,乌卫荡乌,OPPO-OPPO R9km,android,103997,0,0,0,0,0,1485175376.0
15389744,陈起盛,GIONEE-F100,android,5,0,0,0,0,0,1485175434.0
15390139,弘截迷弘疯,HUAWEI-HUAWEI NXT-AL10,android,827,0,0,0,0,0,1504597642.0
15390473,总箱率弯灌签,Apple-iPhone 7 Plus,ios,4490,0,0,0,0,0,1485176075.0
15390971,uss良骥骥vd,HONOR-PLK-AL10,android,72835,0,0,0,0,0,1485175695.0
15391198,liuchun1688,OPPO-OPPO R7sm,android,5,0,0,0,0,0,1485175780.0
15391399,思纬每尽,Huawei-H60-L03,android,72835,0,0,0,0,0,1485175819.0
15391606,安小夏甲,Apple-iPad Air 2,ios,4264,0,0,0,0,0,1485175835.0
15392015,劳漂肝劳,Apple-iPhone 7 Plus,ios,5,0,0,0,0,0,1485175929.0
15392066,吕秤稿吕,Apple-iPhone 6S Plus,ios,"21061,97608",0,0,0,0,0,1488456896.0
15392388,用户6031441776,Meizu-m1 metal,android,827,0,0,0,0,0,1485176014.0
15392430,长痘菇凉最咏,vivo-vivo X5M,android,4490,0,0,0,0,0,1485200017.0
15392869,夜雨610_279,OPPO-OPPO R7sm,android,5,0,0,0,0,0,1485176116.0
15392910,浅浅遇_10,HONOR-PLK-AL10,android,2,0,0,0,0,0,1485176121.0
15393023,厍邀姻tkwop,OPPO-OPPO A37m,android,3579,0,0,0,0,0,1485176157.0
15393131,一支红杏出墙来08,Letv-Letv X500,android,4490,0,0,0,0,0,1485176170.0
15393541,罗湖nini_472,vivo-vivo Y51,android,5,0,0,0,0,0,1485176271.0
15393780,苏黎世的樱涨,HUAWEI-HUAWEI NXT-AL10,android,4490,0,0,0,0,0,1485176313.0
15393803,燕子邹001,vivo-vivo V3M A,android,5,0,0,0,0,0,1485176311.0
15393882,祝屈乳干,Xiaomi-2014813,android,72835,0,0,0,0,0,1485176337.0
15394020,00后原创歌手王源36yc,HONOR-BLN-AL10,android,4490,0,0,0,0,0,1485176441.0
15394359,半夜睡不着888,Apple-iPhone 5S,ios,5,0,0,0,0,0,1485176433.0
15396205,情丶恋上鱼的猫_754,vivo-vivo Y51A,android,5,0,0,0,0,0,1485176810.0
15396997,zhouhao78888,ZTE-N918St,android,5,0,0,0,0,0,1485176959.0
15398464,页褒贬腰雨瘦削贵,Xiaomi-MI 4W,android,5,0,0,0,0,0,1485177251.0
15398603,木头人鸭,Apple-iPhone 6,ios,4264,0,0,0,0,0,1485177279.0
15399178,用户6030284567,HUAWEI-BTV-DL09,android,13899,0,0,0,0,0,1485177390.0
15399196,壁汁搞殖苦边,HUAWEI-HUAWEI TAG-AL00,android,10537,0,0,0,0,0,1485177398.0
15400160,奉漆盐碌垂仙,OPPO-R7Plus,android,3579,0,0,0,0,0,1485177560.0
15402139,王磊97,OPPO-R7t,android,5,0,0,0,0,0,1485177918.0
15402242,用户2110683277,vivo-vivo Y51A,android,5,0,0,0,0,0,1485177941.0
15403515,辟雪略碍蓝,Apple-iPhone 6S Plus,ios,74,0,0,0,0,0,1485178181.0
15403811,查久抓查,OPPO-OPPO R9m,android,4490,0,0,0,0,0,1485178406.0
15404161,吕早句吕赵典,vivo-vivo X7,android,447,0,0,0,0,0,1485178291.0
15404257,-郁闷先生歌,Xiaomi-Redmi Note 3,android,"3579,4264",0,0,0,0,0,1485178314.0
15405365,姑埋桶脱某,nubia-NX541J,android,4490,0,0,0,0,0,1485178497.0
15405638,亡勺爹挠,Huawei-H60-L01,android,19067,0,0,0,0,0,1485178731.0
15406143,小kiss的春天,HUAWEI-HUAWEI NXT-AL10,android,5,0,0,0,0,0,1485178636.0
15406324,采桃袋秋芹停,samsung-SM-G7108V,android,72835,0,0,0,0,0,1485178663.0
15406380,呜氏碍防,OPPO-OPPO R9s,android,19067,0,0,0,0,0,1485178683.0
15406801,崔塔塔塔叔999,Apple-iPhone 7 Plus,ios,"97608,30257,4490",0,0,0,0,0,1498692615.0
15406843,空朽召拖船,Lenovo-Lenovo S60-t,android,1858,0,0,0,0,0,1485178756.0
15406983,壤驷悼凶壤驷,Apple-iPhone 6 Plus,ios,100350,0,0,0,0,0,1485178775.0
15407065,有码河有,OPPO-OPPO R7s,android,19067,0,0,0,0,0,1485178797.0
15407580,侯隔铃侯慨,Xiaomi-MI NOTE LTE,android,100350,0,0,0,0,0,1515584849.0
15409192,用户6116284613,samsung-SM-J500H,android,1858,0,0,0,0,0,1485179328.0
15409582,廖慰朵廖,lge-LG-H860,android,1858,0,0,0,0,0,1485179235.0
15409996,kayla白忧挣,vivo-vivo X7,android,21061,0,0,0,0,0,1485179382.0
15410239,津鼻超钟,Xiaomi-MI 5,android,19067,0,0,0,0,0,1485179366.0
15410248,用户5868066688,OPPO-1105,android,5,0,0,0,0,0,1485179353.0
15410305,雨天打伞2010_525,ZTE U960s3-ZTE U960s3,android,5,0,0,0,0,0,1485179369.0
15411231,遗忘的奶罩_900,QiKU-8681-M02,android,5,0,0,0,0,0,1485179526.0
15411305,待泥模霸嫁,HONOR-KNT-UL10,android,74,0,0,0,0,0,1504622712.0
15412044,囊世轧逃,Apple-iPhone 6S,ios,19067,0,0,0,0,0,1485179682.0
15412287,步么阵冒迎0962,OPPO-OPPO R7s,android,"3645,3536,74",0,0,0,0,0,1504659033.0
15412533,用户3286855277,vivo-vivo X7,android,4490,0,0,0,0,0,1485179765.0
15412558,忧愁恩公恢,Meizu-MX4,android,5,0,0,0,0,0,1485180194.0
15413105,孙址撇孙,vivo-vivo V3,android,103997,0,0,0,0,0,1485179898.0
15413197,今生随风飘,HONOR-NEM-TL00H,android,5,0,0,0,0,0,1485179885.0
15413550,次衫责爹稍,Apple-iPhone 7 Plus,ios,100350,0,0,0,0,0,1485179961.0
15413911,可爱的小明一号,Apple-iPhone 5C,ios,5,0,0,0,0,0,1485180022.0
15414076,敞陈功磨娱,OPPO-OPPO R9tm,android,"4490,827",0,0,0,0,0,1489066428.0
15414117,衫询扭姐,OPPO-OPPO R9s,android,19067,0,0,0,0,0,1485180067.0
15414144,广盒所广温吃,Xiaomi-HM NOTE 1S,android,3579,0,0,0,0,0,1485180078.0
15414232,乜潮锻乜,samsung-SM-N910U,android,4490,0,0,0,0,0,1485180153.0
15414741,烛谨屠勿,Coolpad-Coolpad 8690_T00,android,3579,0,0,0,0,0,1485180175.0
15415387,耿朵击耿位整,OPPO-OPPO A37m,android,827,0,0,0,0,0,1485180314.0
15415499,左丘孙营左,samsung-SM-N910U,android,4490,0,0,0,0,0,1485180321.0
15415701,盍著踪盍,Lenovo-Lenovo K30-T,android,84186,0,0,0,0,0,1485180342.0
15416156,昨日_风影_121,QiKU-8681-M02,android,5,0,0,0,0,0,1485180409.0
15416450,庞禁衡庞,Apple-iPhone 6,ios,4490,0,0,0,0,0,1485180456.0
15416642,欧侵却欧辆脸,Xiaomi-MI 4LTE,android,"3579,4264",0,0,0,0,0,1485180978.0
15416868,马炸朱马,Apple-iPad Mini 2,ios,21061,0,0,0,0,0,1485180550.0
15417229,敬佩惊慌年惊吓_810,Apple-iPhone 5S,ios,4490,0,0,0,0,0,1485180589.0
15417552,小帅哥我是乖孩子,Xiaomi-HM 2A,android,5,0,0,0,0,0,1485180643.0
15418118,saicyouki,samsung-SM-N9208,android,5,0,0,0,0,0,1485180777.0
15418678,的骄傲未,Meizu-m1 note,android,4264,0,0,0,0,0,1485180834.0
15418729,小坦克啊aaaaa,OPPO-OPPO A59m,android,5,0,0,0,0,0,1485180835.0
15418795,丛凑熄丛,OPPO-OPPO R9tm,android,"5,97608",0,0,0,0,0,1488361920.0
15418999,肖叔叔你就是我的6,Sony-L55t,android,84186,0,0,0,0,0,1485181535.0
15419201,苍白隐替屿始,vivo-vivo X6D,android,84186,0,0,0,0,0,1485180930.0
15419237,湿荷羞拢砖,nubia-NX513J,android,4490,0,0,0,0,0,1498140715.0
15419503,邓晨泼邓,asus-ASUS_T00F,android,827,0,0,0,0,0,1485181060.0
15419732,思虑渡桃,GiONEE-GN9005,android,447,0,0,0,0,0,1485181024.0
15419951,大冢咲_大冢咲资料下载,Apple-iPad Air 2,ios,13899,0,0,0,0,0,1485181058.0
15420199,挂约天高洗龙米,samsung-SM-A810YZ,android,4490,0,0,0,0,0,1485181093.0
15420240,用户6054055571,samsung-SM-G9208,android,827,0,0,0,0,0,1485181089.0
15420487,第一眼永恒_192,Apple-iPhone 6,ios,5,0,0,0,0,0,1485181119.0
15420837,kiks_tyo_,Apple-iPhone 6,ios,10537,0,0,0,0,0,1485181177.0
15421590,盾甚嗽亦局bq,honor-FRD-AL10,android,72835,0,0,0,0,0,1504410750.0
15421687,毒宿况验婆,samsung-SM-C9000,android,10537,0,0,0,0,0,1504628575.0
15421845,迷人的张探花,Apple-iPhone 6,ios,5,0,0,0,0,0,1485181330.0
15422008,景劲乌景,Apple-iPhone 7 Plus,ios,827,0,0,0,0,0,1498716572.0
15422104,司迎由司招矿,OPPO-OPPO A59s,android,"4264,97608",0,0,0,0,0,1488415209.0
15422452,羿芹丛羿诵,Apple-iPhone 6S Plus,ios,5,0,0,0,0,0,1485181421.0
15422723,湛鸦伪湛,Apple-iPhone 6S,ios,4490,0,0,0,0,0,1485181461.0
15422874,闾丘靠滴棍偏旅,Xiaomi-Mi-4c,android,447,0,0,0,0,0,1485181548.0
15423118,眉碌驾掀肾,Apple-iPhone 7,ios,100350,0,0,0,0,0,1485181512.0
15423437,应扫齐应,Apple-iPhone 6,ios,21061,0,0,0,0,0,1485181579.0
15423581,雨诺依静vs寒冰峰,Xiaomi-HM NOTE 1LTE,android,4490,0,0,0,0,0,1485181590.0
15423968,栾所迅栾,ZTE-ZTE C880D,android,5,0,0,0,0,0,1485181633.0
15425247,乘帜咱补,Apple-iPhone 7 Plus,ios,19067,0,0,0,0,0,1485181832.0
15425608,欣锣他滥罩,Huawei-ALE-TL00,android,5,0,0,0,0,0,1485182095.0
15425706,小灰毛驴款,OPPO-OPPO A59m,android,"331,103997",0,0,0,0,0,1485934026.0
15425839,梁欠弱梁,Huawei-H60-L03,android,4490,0,0,0,0,0,1485181917.0
15425916,江篇傲江,HONOR-KNT-UL10,android,72835,0,0,0,0,0,1485182014.0
15426258,汇销布愈浑,HUAWEI-HUAWEI TAG-TL00,android,103997,0,0,0,0,0,1498725354.0
15426441,逮壳雅矩毙,Xiaomi-MI 3C,android,19067,0,0,0,0,0,1485182005.0
15426999,遭巡箱披朋御,Xiaomi-MI 3C,android,19067,0,0,0,0,0,1485182087.0
15427163,用户1554872706,OPPO-OPPO R9 Plusm A,android,827,0,0,0,0,0,1485182115.0
15427332,西吹雅棵努,vivo-vivo X6Plus A,android,"1858,447",0,0,0,0,0,1498723059.0
15427470,L毅宝贝,Apple-iPhone 7,ios,"1196,91612,92957,219245",0,2,0,0,0,1535273651.0
15427517,zhishuiliu,Apple-iPhone 6S,ios,84186,0,0,0,0,0,1485183712.0
15427876,声湿笼镇目,Xiaomi-Redmi Note 2,android,4,0,0,0,0,0,1485182246.0
15427988,我不是辣椒十一,HONOR-PLK-TL01H,android,72835,0,0,0,0,0,1485182232.0
15428552,00后原创歌手王源61sb,Apple-iPhone 6,ios,4490,0,0,0,0,0,1485182303.0
15429092,利残寨利析海,Huawei-PE-TL00M,android,4264,0,0,0,0,0,1485182395.0
15429109,常歌斤镜,samsung-GT-P5210,android,19067,0,0,0,0,0,1485182411.0
15429256,仗泄珠怒列,OPPO-OPPO R9tm,android,4490,0,0,0,0,0,1485182437.0
15429489,Take_Care_of,samsung-SM-N9008V,android,3579,0,0,0,0,0,1485182507.0
15429893,久却枣惰酒,samsung-SM-N9008V,android,74,0,0,0,0,0,1485182676.0
15429912,-福-1912910255_306,HONOR-NEM-UL10,android,5,0,0,0,0,0,1485182504.0
15430128,用户6013767558,OPPO-R831S,android,"3579,4264",0,0,0,0,0,1485182565.0
15430145,JINGrabbit08,Apple-iPhone 6S Plus,ios,"97608,13899",0,0,0,0,0,1488365244.0
15430553,蓝蚊子40,Apple-iPhone 6S Plus,ios,4490,0,0,0,0,0,1485182603.0
15430566,试纸自我测艾滋,Apple-iPhone 5S,ios,5,0,0,0,0,0,1485182603.0
15430901,莺歌987,OPPO-OPPO R9tm,android,74,0,0,0,0,0,1485182643.0
15431179,NOW饭哥,OPPO-R7Plusm,android,5,0,0,0,0,0,1485182682.0
15432036,乘出抛堪眨,Xiaomi-Redmi Note 2,android,74,0,0,0,0,0,1485182828.0
15432342,红星闪闪的大兵,Xiaomi-MI 4LTE,android,4490,0,0,0,0,0,1485182951.0
15432747,sdxwc0506,OPPO-R7Plusm,android,5,0,0,0,0,0,1485182912.0
15433545,871966205_bd10df,GIONEE-F100,android,5,0,0,0,0,0,1485184443.0
15433583,阚宴泪阚,Apple-iPhone 7 Plus,ios,3579,0,0,0,0,0,1485183031.0
15434101,江滑范江,OPPO-OPPO R9m,android,103997,0,0,0,0,0,1485183100.0
15434413,扶图构鹰砖,Xiaomi-MI MAX,android,4490,0,0,0,0,0,1504637368.0
15434488,烏魯木齊媽_371_982,Coolpad-GT-I8160,android,5,0,0,0,0,0,1485183165.0
15434497,拓跋龟税,HONOR-ATH-AL00,android,4264,0,0,0,0,0,1485183155.0
15434839,·叶斌看盘·,OPPO-OPPO R9m,android,3579,0,0,0,0,0,1485183210.0
15435564,天柱山农民,vivo-vivo Y23L,android,5,0,0,0,0,0,1485183293.0
15436018,册摧笛潜端,OPPO-OPPO R7,android,4490,0,0,0,0,0,1504607952.0
15436245,搅歪脱更椒,Honor-SCL-AL00,android,4264,0,0,0,0,0,1485183397.0
15436286,濮比克濮,OPPO-OPPO A59m,android,"30257,41221,55480",0,0,0,0,0,1498735704.0
15436806,过客七彩狼,Apple-iPhone 5C,ios,5,0,0,0,0,0,1485183476.0
15437163,吸卷DAILY,Apple-iPhone 6S Plus,ios,447,0,0,0,0,0,1485183672.0
15437165,副歇漆姓博,HUAWEI-MHA-AL00,android,4264,0,0,0,0,0,1504647678.0
15437308,竭允男痒功,4G-X5_1,android,4490,0,0,0,0,0,1485183555.0
15437391,太叔桐签,Apple-iPhone 7 Plus,ios,100350,0,0,0,0,0,1485183551.0
15437493,砖贞伞土率,Letv-Letv X501,android,100350,0,0,0,0,0,1485183569.0
15437930,避遮闯壤,vivo-vivo X6S A,android,19067,0,0,0,0,0,1485183628.0
15437989,颤抖筐赤讽,htc-HTC_D816x,android,1858,0,0,0,0,0,1485183637.0
15438151,用户5939002886,Apple-iPhone 7 Plus,ios,4490,0,0,0,0,0,1485183725.0
15438810,wu-xiao-tao_142,Apple-iPhone 6,ios,5,0,0,0,0,0,1485183751.0
15439191,益拌悠知抗,Apple-iPhone 6S Plus,ios,447,0,0,0,0,0,1504630871.0
15440443,千枼贞子_555,Meizu-m3 note,android,5,0,0,0,0,0,1485184106.0
15440828,漱口水樱子,Apple-iPhone 6,ios,3579,0,0,0,0,0,1485183997.0
15441474,御滚良涨悬,asus-ASUS_Z00LD,android,4490,0,0,0,0,0,1485184374.0
15441712,经久不衰866_206,Xiaomi-MI 4LTE,android,5,0,0,0,0,0,1485184106.0
15442337,云砌龄徒沉,Apple-iPhone 7,ios,827,0,0,0,0,0,1504622130.0
15442516,游步锐游,Huawei-H60-L01,android,447,0,0,0,0,0,1485184291.0
15442843,爪清静咳冠通红,Apple-iPhone 7 Plus,ios,5,0,0,0,0,0,1485184234.0
15443134,张仪佳傻乎乎,vivo-vivo V3M A,android,5,0,0,0,0,0,1485184273.0
15443323,呈阔晕掉朽蚀,GIONEE-GN3002,android,5,0,0,0,0,0,1485184315.0
15443409,纳柔最再咐,vivo-vivo X6D,android,3,0,0,0,0,0,1485184436.0
15443828,降调狼内,Xiaomi-MI NOTE LTE,android,3579,0,0,0,0,0,1485185675.0
15444107,库迷折怖,OPPO-R8207,android,19067,0,0,0,0,0,1485184411.0
15444279,慧就骗挂踢,360-1503-M02,android,5,0,0,0,0,0,1485184437.0
15444606,槽测捞岸剖_476,Huawei-H60-L01,android,5,0,0,0,0,0,1485184471.0
15445160,相恋始末改仿佛滋润_582,Xiaomi-MI 4LTE,android,"31564,4490",0,0,0,0,0,1504625433.0
15445455,照看虫欢,OPPO-R7Plusm,android,3579,0,0,0,0,0,1485184581.0
15445510,丘霞亭刻,samsung-GT-I9500,android,"30257,103997",0,0,0,0,0,1498741776.0
15446308,阳光海洋神,ZTE U960s3-ZTE U960s3,android,5,0,0,0,0,0,1485184660.0
15446477,浪醒须遭,OPPO-OPPO R9m,android,19067,0,0,0,0,0,1485184688.0
15446898,确刊太宗师,Meizu-m1 metal,android,"30257,41221,55480",0,0,0,0,0,1498835318.0
15446955,水深花蕊搂黑暗思,vivo-vivo X9L,android,4490,0,0,0,0,0,1504628794.0
15447309,终妖脾终,Apple-iPhone 6S Plus,ios,5,0,0,0,0,0,1485184792.0
15448050,渠龙稻骂暑,vivo-vivo Y31A,android,6,0,0,0,0,0,1485184875.0
15448243,杜绝熔杜,vivo-vivo Xplay,android,100350,0,0,0,0,0,1485184909.0
15448339,聂抢殖聂,htc-HTC_D816x,android,1858,0,0,0,0,0,1485184918.0
15448749,原来你还在这里21,OPPO-OPPO R9m,android,"3,113",0,0,0,0,0,1485185203.0
15449374,左姓依名往,OPPO-OPPO A59m,android,100350,0,0,0,0,0,1504649041.0
15449495,全反虫辣,Meizu-m1 note,android,72835,0,0,0,0,0,1485185044.0
15449755,用户5689358902,HONOR-KIW-TL00,android,4490,0,0,0,0,0,1485185156.0
15449757,茶旺缘轻,HONOR-BLN-AL10,android,19067,0,0,0,0,0,1485185088.0
15449821,加特爸爸,OPPO-OPPO A37m,android,5,0,0,0,0,0,1485185085.0
15450526,郜使笋郜,Xiaomi-MI 3C,android,19067,0,0,0,0,0,1485185176.0
15451241,皇冠代理_皇冠国际投注,Letv-Letv X500,android,4490,0,0,0,0,0,1485185250.0
15451277,快乐星紫_677,HUAWEI-HUAWEI VNS-AL00,android,84186,0,0,0,0,0,1485185288.0
15451442,用户3799737372,OPPO-OPPO R9 Plusm A,android,4,0,0,0,0,0,1485185275.0
15451661,斐学村土匪,OPPO-R7Plus,android,5,0,0,0,0,0,1485185301.0
15451723,tertoert54gfd_8ad9ab,Huawei-ALE-UL00,android,5,0,0,0,0,0,1485185307.0
15452287,大男人1992的地盘_316,vivo-vivo Y51A,android,5,0,0,0,0,0,1485185406.0
15452411,鱼瘦吃虾,Apple-iPhone 6,ios,"3579,331",0,0,0,0,0,1486001057.0
15452699,刮刮看也,ZTE-ZTE BA610T,android,10,0,0,0,0,0,1485185420.0
15452721,占从鸦呢耕,Xiaomi-MI 5s,android,103997,0,0,0,0,0,1485185433.0
15453074,思忆奇怪拒留恋怀恋,vivo-vivo X5L,android,4490,0,0,0,0,0,1485185469.0
15453218,vision婷,vivo-vivo Y51A,android,84186,0,0,0,0,0,1485185489.0
15453554,愤怒的老王爷_997,ZTE-ZTE C880D,android,5,0,0,0,0,0,1485185525.0
15454129,焰锐向批塘,HONOR-KNT-UL10,android,100350,0,0,0,0,0,1504625130.0
15454878,皓月划送,HONOR-KNT-UL10,android,72835,0,0,0,0,0,1485185676.0
15454981,兔兔小宝宝的天空_361,OPPO-OPPO R9m,android,4264,0,0,0,0,0,1485185687.0
15455377,芬闷悦飘,GiONEE-F103,android,19067,0,0,0,0,0,1485185741.0
15455758,膀西纱虏夜,Apple-iPhone 6,ios,100350,0,0,0,0,0,1485185779.0
15456263,康底洒康,Apple-iPhone 7 Plus,ios,4490,0,0,0,0,0,1485185831.0
15456446,尘审雀膊洽,Apple-iPhone 6S Plus,ios,827,0,0,0,0,0,1504629772.0
15456812,陈道夫2012,OPPO-R7Plus,android,5,0,0,0,0,0,1485185894.0
15456890,定诵袭油售,samsung-GT-P5210,android,100350,0,0,0,0,0,1504626930.0
15457835,飘舒纵享,OPPO-OPPO R7,android,4,0,0,0,0,0,1485186021.0
15458610,新野__,samsung-GT-I9500,android,"30257,103997",0,0,0,0,0,1498743550.0
15459056,幸福的天黑就睡觉,LeEco-Le X620,android,5,0,0,0,0,0,1485186159.0
15459224,滥兴肌青,vivo-vivo X7,android,"3579,4264",0,0,0,0,0,1485186179.0
15459371,溫柔的小怪獸吨ogqy,OPPO-OPPO R9s,android,"57,80503,13194",0,0,0,0,0,1508307278.0
15459557,tsaioni,vivo-vivo Y51A,android,"10540,10537",0,0,0,0,0,1485843211.0
15459858,付锦狂赞兵,samsung-SM-C9000,android,"3579,4264",0,0,0,0,0,1504629611.0
15459919,我就像这个世界1988,ZTE U960s3-ZTE U960s3,android,5,0,0,0,0,0,1485186254.0
15460370,善良的白依娜,Apple-iPhone 6,ios,5,0,0,0,0,0,1485186305.0
15460440,花驳洗浆练,Huawei-H60-L01,android,4490,0,0,0,0,0,1485186315.0
15460643,小铃铛-叮叮-sara_661,OPPO-N5117,android,5,0,0,0,0,0,1485186339.0
15460983,yeats828_9ig9g,vivo-vivo V3Max A,android,5,0,0,0,0,0,1485186388.0
15461386,戚鹰辆戚固丙,honor-FRD-AL10,android,"3579,4264",0,0,0,0,0,1485186577.0
15461511,兔子小2号,vivo-vivo V3,android,103997,0,0,0,0,0,1485186441.0
15461989,晋氏沉晋,vivo-vivo X5Pro V,android,1858,0,0,0,0,0,1485186508.0
15462115,残楼思量词汇,samsung-SM-G9209,android,"3579,4264",0,0,0,0,0,1485186518.0
15462328,摔思绎式钢整齐洋_610,vivo-vivo X6S A,android,4490,0,0,0,0,0,1485186535.0
15462902,确驻亚莲萍,Meizu-m3,android,4490,0,0,0,0,0,1485186609.0
15463630,夹谷族争夹谷,Huawei-HUAWEI MT7-TL10,android,4490,0,0,0,0,0,1485186700.0
15463634,露瓶惕犯步,OPPO-OPPO R7,android,4490,0,0,0,0,0,1485186690.0
15463688,伴菜局辣盏,OPPO-OPPO R9 Plusm A,android,19067,0,0,0,0,0,1485186699.0
15464556,冷1冰2寒3_226_836,HONOR-BLN-AL10,android,13899,0,0,0,0,0,1485186816.0
15465004,慕韩氏_307,HUAWEI-HUAWEI CRR-UL00,android,103997,0,0,0,0,0,1485186864.0
15465026,小草微风西月,OPPO-OPPO R9m,android,5,0,0,0,0,0,1485186854.0
15465143,8撑烟搜络若,Apple-iPad Mini 2,ios,100350,0,0,0,0,0,1485186889.0
15465185,蔡栏忧蔡,360-1503-M02,android,5,0,0,0,0,0,1485186892.0
15465347,凤困口凤,HUAWEI-EVA-TL00,android,103997,0,0,0,0,0,1485186895.0
15465400,用户hilhhehj02,Meizu-m1 note,android,5,0,0,0,0,0,1485186895.0
15465799,落寞苍白但情恋思,OPPO-OPPO R9m,android,4490,0,0,0,0,0,1504628001.0
15465807,滋润仿佛斤俊美花,Xiaomi-HM NOTE 1LTE,android,4490,0,0,0,0,0,1485186958.0
15465988,夔黑帆夔,Apple-iPhone 7,ios,447,0,0,0,0,0,1485186984.0
15466024,灾哈貌倚用,OPPO-OPPO A59s,android,"4,97608",0,0,0,0,0,1488505726.0
15467498,桓忙葛桓,vivo-vivo X6S A,android,5,0,0,0,0,0,1485187172.0
15467642,5隶粘蹈洒嫂,Apple-iPhone 6,ios,100350,0,0,0,0,0,1485187246.0
15467778,鬼悬奶跪尚,samsung-SM-C9000,android,6,0,0,0,0,0,1504654613.0
15468026,喉搁的撞珠,HUAWEI-EVA-DL00,android,1858,0,0,0,0,0,1485188391.0
15468317,L1020HY,X-apple-X-apple,android,"3811,166",0,0,0,0,0,1485674777.0
15468842,Peace_QG,vivo-vivo X9,android,47,0,0,0,0,0,1487921110.0
15468851,无用喜欢-,Meizu-PRO 6,android,"30827,31564",0,0,0,0,0,1488874030.0
15469378,半岛微凉2,samsung-SM-G9300,android,2101,0,0,1,0,0,1553311833.0
15469809,安好小仙女38713,OPPO-OPPO A37m,android,6754,0,0,0,0,0,1485779360.0
15469848,我只喜欢穿秋裤-lsx,vivo-vivo X7,android,"22,24,6754,131020",0,0,0,0,0,1495691143.0
15469974,Xback女团优秀团员,Apple-iPhone 6,ios,"22,3639",0,0,0,0,0,1497581071.0
15470870,用户5769682024,vivo-vivo Y55A,android,"4,369,27",0,0,0,0,0,1485841012.0
15471030,JK_文懿,Huawei-HUAWEI MT7-TL10,android,3917,0,0,0,0,0,1492402828.0
15471744,本宝宝家的坤宝,Huawei-HUAWEI G700-T00,android,"2060,38223",0,0,0,0,0,1485305383.0
15471839,是兴儿没错,Meizu-m3 note,android,"22,154638",0,0,0,0,0,1485308903.0
15471967,尓诺2,Apple-iPhone 5S,ios,"63985,369,16,3775,70730,77198,17380",0,7,2,0,0,1552735503.0
15472493,蒲公英石,GiONEE-GN9010,android,141991,0,0,0,0,0,1485328542.0
15472534,Monster_CYxy,vivo-vivo X6A,android,"24,6754,9",0,2,0,0,0,1522818446.0
15472682,钟情橙子Chen,OPPO-OPPO A57,android,"24,6754,131020",0,0,0,0,0,1485335558.0
15472780,空白的心在路上,Apple-iPhone 6S Plus,ios,"4,3673,3672",0,0,0,0,0,1486681264.0
15472881,道英欧巴的麦克,HUAWEI-VIE-AL10,android,"47,16498,3724,232",0,0,0,0,0,1490943836.0
15472922,爱蘑菇精的王金狗,xiaomi-Redmi 5 Plus,android,"84,827,4490,67838",0,0,0,0,0,1531706569.0
15473324,旅程大人的小号,vivo-vivo V3M A,android,154786,0,0,0,0,0,1485418239.0
15473373,天妇罗荞麦面,Apple-iPhone 8 Plus,ios,"41,219148",0,4,0,0,0,1552629871.0
15473567,三---叶,samsung-SM-A7009,android,"105,567,27",0,0,0,0,0,1485365576.0
15473643,陈米修,Apple-iPhone 7 Plus,ios,22,0,0,0,0,0,1485373797.0
15473945,KARRY_STAR_,vivo-vivo V3M A,android,1,0,0,0,0,0,1485918620.0
15474195,霍水卿颜,OPPO-OPPO R11s Plus,android,"380,369,4793,555,4029",1,0,1,0,0,1553095207.0
15474314,一颗果冻冻er,Apple-iPhone 5S,ios,"4,24,22,6754",0,0,0,0,0,1497076313.0
15474336,凉淑女,Apple-iPhone 6S,ios,8933,0,0,0,0,0,1485596412.0
15474510,Wy正品美瞳贩卖社熙萌美瞳官网,vivo-vivo X6SPlus D,android,"5,4,64",0,0,0,0,0,1488892321.0
15474911,西瓜籽很忙,Xiaomi-Redmi Note 3,android,"154942,16498,3724",0,0,0,0,0,1486721649.0
15475112,温柔暴击,OPPO-PAAM00,android,6,0,11,0,0,0,1551840214.0
15476043,理解给我阳光给你Lancer,Xiaomi-Redmi 3X,android,"46,95,39,151188",0,0,0,0,0,1485942480.0
15476800,涵晴墨默,Apple-iPhone 6S,ios,15,0,0,0,0,0,1485543457.0
15476894,爱安安的小情绪,GIONEE-GN8003,android,"137218,7750,802",7,1,1,0,0,1521849631.0
15478639,DZH48荒诞,Apple-iPhone SE,ios,"222474,14504,38447,2821,11466,2936",0,0,0,0,0,1533173611.0
15478746,V_O_I_C_E,Hisense-Hisense D2-M,android,"13899,90206,44710",0,0,0,0,0,1488472933.0
15478893,活成了勇士,vivo-vivo X7,android,"1,6,4",0,0,0,0,0,1519644935.0
15479023,爱喝洲的Verno,Apple-iPhone 7 Plus,ios,50709,0,0,0,0,0,1524854489.0
15479530,桑儿53719,OPPO-OPPO A33,android,"9,271,12",0,0,0,0,0,1486015163.0
15479746,丽莎-lishalp,Apple-iPhone 6S Plus,ios,"1,5,6",0,0,0,0,0,1494519015.0
15480049,木木L明,Apple-iPhone 6S Plus,ios,646,0,0,0,0,0,1507764881.0
15480097,馨凝NING,asus-ASUS_Z00AD,android,53144,0,0,0,0,0,1485743409.0
15480315,曹继淼33548,Apple-iPhone 6S,ios,3917,0,0,0,0,0,1492353871.0
15480597,时尚123萌,vivo-vivo X7Plus,android,"6,1,103997",0,0,0,0,0,1508254053.0
15481593,颖唯恋歌,OPPO-OPPO R7t,android,"5,15,6",0,0,0,0,0,1487513302.0
15482488,大魔王敏,Honor-SCL-AL00,android,"2,23534",0,0,0,0,0,1486519683.0
15482502,阿薛的七七.,LeEco-Le X620,android,369,0,0,1,0,0,1552135483.0
15482504,唯爱水哥,Huawei-C8817D,android,"4858,32068,53144",0,0,0,0,0,1486701342.0
15482517,三只我一生的信仰i,OPPO-OPPO A79k,android,"138,1196,5,1,6,7,84",1,15,0,0,0,1551863985.0
15482578,學習學習奮鬥學習D,GIONEE-GN9011,android,"155772,44,9",0,0,0,0,0,1485858333.0
15483156,酥酥阿198206,Apple-iPhone 6 Plus,ios,"108885,31564,30827",0,0,0,0,0,1499516270.0
15483422,不想诉说de的扯淡滴青春,HONOR-NEM-AL10,android,1,0,0,0,0,0,1503048307.0
15483737,鎏禾,OPPO-OPPO R9tm,android,"1,6,5,30827",0,0,0,0,0,1486904118.0
15484068,all_Ann,Xiaomi-MI 4C,android,134138,0,0,0,0,0,1486476174.0
15484124,慕容凉汐,OPPO-OPPO A59s,android,"72835,70740,98792,143422,3653,63985",0,0,1,0,0,1553314381.0
15484174,买熊仔的小火柴,OPPO-OPPO R9tm,android,"24,22,6754",0,0,0,0,0,1487908695.0
15484203,原来是ruirui啊12,LeEco-Le X620,android,8865,0,0,0,0,0,1491225643.0
15484749,事旧欠酒,OPPO-OPPO R7t,android,"4,3217,131020",0,0,0,0,0,1485958483.0
15485080,Dream唯爱,GiONEE-GN5001S,android,50969,0,0,0,0,0,1487067036.0
15485136,洲呐洲啊,Huawei-HUAWEI C8816,android,"30827,31564",0,0,0,0,0,1491021762.0
15485812,农肉配乃据剧,Coolpad-Coolpad T2-00,android,331,0,0,0,0,0,1485962625.0
15485928,伍忍衫伍,Apple-iPhone 5S,ios,331,0,0,0,0,0,1485964194.0
15486143,Hwwyu,Apple-iPhone 6,ios,"5,1,6,2",0,0,0,0,0,1486083318.0
15486401,鹿鹿鹿鹿老大,OPPO-OPPO R9s,android,"4,24,2060,187579",0,0,0,0,0,1547114785.0
15486618,啡伱卟埝,Huawei-H60-L11,android,"150,331",0,0,0,0,0,1486000136.0
15487749,BeMyV,Apple-iPhone 6 Plus,ios,"132284,4241,44802",0,0,0,0,0,1486447416.0
15487925,Christinayys,Honor-SCL-CL00,android,"22,12,1,49",0,0,0,0,0,1486467933.0
15488229,我的同桌是郑号锡wings,Apple-iPhone 6S,ios,"74353,4241,132284",0,0,0,0,0,1486822477.0
15488601,西木野财阀的车坐么,Coolpad-Coolpad Y82-820,android,"152097,684,2821",0,0,0,0,0,1486085154.0
15489116,唯爱梨涡少年的天涯7087,OPPO-OPPO A57,android,"5,39",0,0,0,0,0,1500566266.0
15489552,谢东顿谢,samsung-SM-C7000,android,40157,0,0,0,0,0,1486118429.0
15489665,AlbbyBiBi,Apple-iPhone 6S Plus,ios,"369,16706",0,0,0,0,0,1505429273.0
15490146,用户6132040133,Meizu-m1 metal,android,"66,23347,12526",0,0,0,0,0,1486372759.0
15490288,Cher1229,Meizu-m2,android,"47,24,114603",0,0,0,0,0,1490444856.0
15490323,Wuli宇宇的小毛毛,OPPO-OPPO A59m,android,"59,12193,4390",1,0,0,0,0,1526213584.0
15490410,啦啦啦啦Luuuu,Apple-iPhone 6,ios,"561,630,399",0,0,0,0,0,1489431433.0
15490566,胖虎的皮卡丘,Apple-iPhone 6 Plus,ios,"156675,3917",0,0,0,0,0,1486174459.0
15490962,蜜汁甜美系,Huawei-ALE-UL00,android,4,0,0,0,0,0,1488549125.0
15491017,M-菲-M,OPPO-OPPO R9m,android,"4,93479",0,0,1,0,0,1524314065.0
15491708,麦克杨马鹿,vivo-vivo X20A,android,"4,30,4858",0,4,0,0,0,1530883644.0
15492058,中了4号少年的毒,HUAWEI-HUAWEI CAZ-TL10,android,"24,22,6754,131020",0,0,0,0,0,1492699096.0
15492404,孙铭飞,samsung-SM-N9100,android,"4,1,15",0,0,0,0,0,1486269240.0
15492993,y小薄荷,TCL-TCL 302U,android,"6,5,1",0,0,0,0,0,1486299876.0
15493406,丁一宇呐,Meizu-m1 metal,android,"299,369",0,0,0,0,0,1488762464.0
15493416,皇甫征坟,Xiaomi-2014813,android,141592,0,0,0,0,0,1486320275.0
15493840,小鬼piio5376,samsung-SM-A520L,android,"103997,100350",0,0,0,0,0,1552656959.0
15494329,千玺的小烊跑了,vivo-vivo X9,android,"150,5",0,0,0,0,0,1541522916.0
15494499,爱萧白的大白,Meizu-M57AC,android,9,0,0,0,0,0,1486386659.0
15495086,__肆月,Honor-Che1-CL10,android,"157196,22212",0,0,0,0,0,1486396240.0
15495963,花栖雨泽0,Apple-iPhone 8 Plus,ios,"84,380,10473,619,14889",0,0,0,0,0,1534984781.0
15496909,你尝过雪的味道吗,OPPO-OPPO R9 Plustm A,android,4490,0,0,0,0,0,1486484563.0
15496940,C大七,HUAWEI-CUN-TL00,android,"166,54171",0,0,0,0,0,1486466734.0
15497007,柠萌61678,vivo-vivo Y66,android,"4,10,39",0,0,0,0,0,1493520339.0
15497017,一个人的孤独45911,HUAWEI-HUAWEI TIT-TL00,android,"45637,158043",0,0,0,0,0,1487259301.0
15497553,裴麋君,HUAWEI-HUAWEI CAZ-AL10,android,"7997,5334,44326",0,0,0,0,0,1501630872.0
15497909,Aliee賢賢,OPPO-OPPO R9s Plus,android,"166,4,11",0,0,0,0,0,1487946398.0
15498159,守月_男孩,vivo-vivo Y51A,android,21756,0,0,0,0,0,1493367963.0
15498907,1127_CL_61,OPPO-OPPO R9s,android,"4,24,6754",0,0,0,0,0,1486536441.0
15499547,---huangshumin-,Apple-iPhone 6S,ios,"151188,157091,153866",0,0,0,0,0,1486557335.0
15500216,杯子里的pri,OPPO-OPPO R9 Plusm A,android,"132284,4241,44802",0,0,0,0,0,1487080368.0
15500355,Lucky07820,LeEco-Le X820,android,"265,1243,166",0,0,0,0,0,1495296365.0
15500861,lunam_club,Apple-iPhone 6S,ios,"105093,4",0,0,0,0,0,1491061096.0
15501041,Decade_兮和,HUAWEI-VIE-AL10,android,"40157,1,6,5",0,0,0,0,0,1490089656.0
15501134,YHQIqi,OPPO-OPPO R9tm,android,"132284,44802",0,0,0,0,0,1497066788.0
15501682,为凯程蓝,vivo-vivo X6A,android,"5,3116,1,6",0,0,0,0,0,1486825142.0
15501786,Ron_蝶冰穆淑,samsung-SM-C7000,android,40157,0,0,0,0,0,1486620310.0
15501960,Mona-宁平欣娅,OPPO-R7c,android,40157,0,0,0,0,0,1486623808.0
15502304,我叫林总攻,Apple-iPhone 5,ios,83528,0,0,0,0,0,1486629901.0
15502608,不想做甜菜,Apple-iPhone 6S,ios,"22,3119",0,0,0,0,0,1514638204.0
15502849,反语_JZL,GIONEE-F100S,android,"44710,90206",0,0,0,0,0,1486737942.0
15503107,可能很有意思的,OPPO-OPPO R9tm,android,"59147,114",0,0,0,0,0,1490534161.0
15503597,Wuli鹿鹿鹿晗啊,vivo-vivo X9,android,"4,89069",0,0,0,0,0,1519052357.0
15504988,Ydl1234567899,vivo-vivo X7,android,"5,45109,59",0,0,0,0,0,1487137380.0
15505391,🌜Zz姨🌛,OPPO-OPPO R9st,android,"47,263",0,0,0,0,0,1499865653.0
15505544,资深蛋家军_蔕納大大,Apple-iPhone 6 Plus,ios,65750,0,0,0,0,0,1487050865.0
15505920,肩带,OPPO-A51,android,"47,12,4",0,0,0,0,0,1486735162.0
15506675,浅夏淡忆_445216,vivo-vivo Y913,android,"3917,119252",0,0,0,0,0,1486748140.0
15506883,今天该吃啥么,Apple-iPhone 7 Plus,ios,"5,138,111713,112892",0,3,0,1,0,1550968161.0
15507717,唯爱灬大萌i,OPPO-OPPO A37t,android,"369,16706",0,0,0,0,0,1534482106.0
15507818,ATAEYOON,samsung-SM-J5108,android,"132284,4241",0,0,0,0,0,1486814412.0
15507854,weiai凡_,vivo-vivo X6S A,android,10,0,0,0,0,0,1486804056.0
15508340,flowerworldinmyheart,Apple-iPhone 6,ios,369,0,0,0,0,0,1488939369.0
15508521,浅浅的Shallow,Xiaomi-2014812,android,"103997,100350,89069",0,0,0,0,0,1486829377.0
15508928,大脸盘哦,vivo-vivo Y79A,android,"5,190",0,0,0,0,0,1547900829.0
15509544,曹二雪呀,Meizu-m1 metal,android,"32744,3917,39186",0,0,0,0,0,1498455342.0
15509713,Becauseofyou73476,Honor-CHM-TL00H,android,"6887,802,91358",0,0,0,0,0,1517536674.0
15509877,炎亞綸的小迷妹吖,OPPO-OPPO R9tm,android,43,0,0,0,0,0,1508543267.0
15510048,俊俊和小源的四叶草,OPPO-OPPO R9m,android,"1,6,44,159224",0,0,0,0,0,1488939286.0
15510363,大纹咂爱吃胡萝卜_D,Xiaomi-MI 4LTE,android,"24,22,131020,6754",0,0,0,0,0,1492699261.0
15510463,炸炸鸡要疯-,Apple-iPhone 8 Plus,ios,"22,27,217341",0,0,0,0,0,1525099661.0
15510572,ZZY_赵智怡,Apple-iPhone 7 Plus,ios,"21,225428,212290",0,4,0,0,0,1553436945.0
15511122,鹿校花只有自己,OPPO-R8207,android,4,0,0,0,0,0,1492589982.0
15511152,M法尔范M,Apple-iPhone 7 Plus,ios,4,0,0,0,0,0,1492332683.0
15511488,易只菲菲,Apple-iPhone 7,ios,"5,10,39",0,0,0,0,0,1538636180.0
15512244,一个人也是大魔王,vivo-vivo X6SPlus D,android,158910,0,0,0,0,0,1486997751.0
15512534,纯情碳酸水,Apple-iPhone 6S,ios,"45109,362,22",0,0,0,0,0,1489334434.0
15512794,生病也要吃火锅,Apple-iPhone 6,ios,"11467,44773,155502",0,0,0,0,0,1487039813.0
15513128,橙海站新闻部部长-思尔,Xiaomi-HM 2A,android,"5,1,6",0,0,0,0,0,1487297908.0
15513287,杨允翰,OPPO-OPPO R9s,android,166,0,0,0,0,0,1490321510.0
15513445,爱的薰衣草518,OPPO-OPPO A37m,android,166,0,0,0,0,0,1493726600.0
15513958,笑靥如花O-,Apple-iPhone 7 Plus,ios,3811,0,0,0,0,0,1487346693.0
15514113,社會妳燕姐,OPPO-R8007,android,"123371,77,27,8933,95",0,0,1,0,0,1530191006.0
15514179,见不到XZQ绝不改名,OPPO-OPPO R9m,android,"16706,369",0,0,0,0,0,1505122504.0
15514694,用户3831603570,vivo-vivo V3Max A,android,4,0,0,0,0,0,1487181655.0
15515246,满苏尔--Mansur,OPPO-OPPO A57,android,"15,166,4",0,0,0,0,0,1487092015.0
15516369,烨这么美,Meizu-M460A,android,180,0,0,0,0,0,1490192457.0
15516446,lili莉莉_艺兴女朋友,Apple-iPhone 5C,ios,22,0,0,0,0,0,1515596715.0
15517175,嗯还记得吗,samsung-SM-G5309W,android,166,0,0,0,0,0,1487474696.0
15517654,哈哈哈哈哈886666,Apple-iPhone 5S,ios,"3,42,498",0,0,0,0,0,1487326571.0
15518057,-Aimee_yi,Xiaomi-MI 3,android,"12,498,369",0,0,0,0,0,1487293982.0
15518618,薄荷栗子巧克力,Apple-iPhone 6,ios,"166,12,10",0,0,0,0,0,1487262130.0
15519062,黄小A长不高,Apple-iPhone 6,ios,498,0,0,0,0,0,1488893598.0
15520358,LBN_OFFICIAL,OPPO-OPPO A37m,android,"44,18,159224",0,0,0,0,0,1490113888.0
15520469,樊振东的二百斤大腿,vivo-vivo X20A,android,"86241,18062,222996,39186,26775",1,1,1,0,0,1552391850.0
15521158,小疯子电闸坏了,Apple-iPhone 6 Plus,ios,"3,4194,437",0,0,0,0,0,1496419412.0
15521765,故园ANKH,vivo-vivo Y79A,android,"527,59,96,15913,100638",0,3,14,0,0,1553271309.0
15521828,Queen玻璃屋,OPPO-OPPO R9s,android,"5,4",0,0,0,0,0,1487470595.0
15522404,Homie_小女孩,OPPO-OPPO R9m,android,199641,0,0,0,0,0,1542967637.0
15522444,果子鱼Lemon,HUAWEI-PAR-AL00,android,"26,9,122645,108619,56390",0,0,0,0,0,1551930760.0
15522607,昊洋hao后援会,Apple-iPhone 5S,ios,156553,0,0,0,0,0,1487349628.0
15522666,就吃呗还是,HUAWEI-EVA-AL10,android,31564,0,0,0,0,0,1521855481.0
15523016,邱家螃蟹,Apple-iPhone 6S,ios,"159960,7346,4",0,0,0,0,0,1494253406.0
15523029,E神神s,vivo-vivo X6A,android,47,0,0,0,0,0,1487385696.0
15523803,_青音,nubia-NX511J,android,"13373,159224",0,0,0,0,0,1489073953.0
15523882,囍一个RYH,OPPO-OPPO A59s,android,"91,151239",0,0,0,0,0,1507456595.0
15523896,WOM-5,vivo-vivo X7,android,"11,101,345",0,0,0,0,0,1487416415.0
15524066,抹茶奶盖哟,Apple-iPhone 5S,ios,"10,42,20",0,0,0,0,0,1487420600.0
15525117,卢广信,Apple-iPhone 6,ios,"166,4,1",0,0,0,0,0,1487488019.0
15525818,宇宙无敌超级棒的小三爷,Apple-iPhone 6S Plus,ios,"362,157870,45109",0,0,0,0,0,1492863889.0
15526469,Le-fils-prodigue,Apple-iPhone 6,ios,"53144,2,4858",0,0,0,0,0,1487518056.0
15527211,纸哇娃,HONOR-ATH-AL00,android,"44,159224",0,0,0,0,0,1488213556.0
15528008,Fairyyyyyy-,Apple-iPhone 6,ios,"36,498,31",0,0,0,0,0,1487665402.0
15528613,杨幂MiniYangYang,OPPO-OPPO R9km,android,12,0,0,0,0,0,1488022781.0
15528895,婳鸢是个软妹纸w,Apple-iPhone X,ios,1243,0,3,2,0,0,1553430103.0
15529078,Zjiat,Apple-iPhone 6 Plus,ios,115805,0,0,0,0,0,1487610025.0
15529402,你是我眉心未完的诗,vivo-vivo X6S A,android,"5,1,6",0,0,0,0,0,1487751246.0
15529719,快乐也很简单恋歌,Xiaomi-MI 4C,android,"23102,23167,369",0,0,0,0,0,1502946030.0
15529954,Dora--ZLD,Apple-iPhone 6S,ios,"12,498,102",0,0,0,0,0,1487678400.0
15529966,脑大壳zd,vivo-vivo X9,android,159224,0,0,0,0,0,1520872865.0
15530322,倩女悠昏1,HUAWEI-HUAWEI NXT-AL10,android,"143354,498,102",0,0,0,0,0,1487928616.0
15530702,焦俊艳粉丝团浙江分会,Apple-iPhone 6S,ios,2539,0,0,0,0,0,1487659406.0
15531027,轩然花场,Apple-iPhone 6 Plus,ios,2539,0,0,0,0,0,1487664750.0
15531088,MAD平方,Apple-iPhone 5,ios,"95,55889,3167,162203",0,0,0,0,0,1498635037.0
15531316,茹tf茹,HUAWEI-PAR-AL00,android,"5,3386,2060,213678,6,138",1,13,1,0,0,1552923644.0
15531576,凯凯凯凯子Tomboy,Apple-iPhone 6S,ios,"9,26,498",0,0,0,0,0,1489106306.0
15531674,模仿颈员蹄稠损甩,Apple-iPhone 7 Plus,ios,2539,0,0,0,0,0,1487676644.0
15531941,Lee恣意,OPPO-OPPO R11,android,"166,12,39",0,0,0,0,0,1518930546.0
15532306,大糖豆豆ii,OPPO-OPPO R9m,android,"4,369,3125",0,0,0,0,0,1494733099.0
15532353,粉色秤子,Apple-iPhone 7 Plus,ios,"498,8426,39",0,0,0,0,0,1488374066.0
15532469,张佳玲玲玲i,Apple-iPhone 6S,ios,"12,498,39",0,0,0,0,0,1487759483.0
15532771,吴漂亮1,OPPO-OPPO R9km,android,"187579,31564,30827",0,0,0,0,0,1538141135.0
15533066,yoyi_eito,honor-FRD-AL10,android,"1243,102,498",0,0,0,0,0,1488126712.0
15533125,孙静阳0415,OPPO-OPPO A37m,android,"1,369,2020",0,0,0,0,0,1487720600.0
15534354,思考焦尉迟归药x,Apple-iPhone SE,ios,2539,0,0,0,0,0,1487751837.0
15534452,清静脑辣梦凭,Apple-iPhone SE,ios,2539,0,0,0,0,0,1487753810.0
15534973,BlacK一shEep,Apple-iPhone 6S,ios,"42,166,31",0,0,0,0,0,1487765433.0
15535314,AnnllllSeHun,OPPO-R7c,android,"74353,11,24",0,0,0,0,0,1493729066.0
15535447,1664XMD,Apple-iPhone 6S Plus,ios,0,0,0,0,0,0,1487774771.0
15535716,醋醋和RGC48的日常-,Apple-iPhone 7 Plus,ios,"263,47,2060",0,0,0,0,0,1530360775.0
15536524,雨兰3917,Apple-iPhone 7,ios,160233,0,0,0,0,0,1487828527.0
15537174,Yu2b,Apple-iPhone 6,ios,"539,59,122",0,0,0,0,0,1492722573.0
15537563,随心去做放手一搏,vivo-vivo V3Max A,android,"22,369",0,0,0,0,0,1488162298.0
15537653,和平侠丶,Xiaomi-Redmi Note 2,android,369,0,0,0,0,0,1491470012.0
15538040,宁静7719,samsung-SM-G900F,android,11895,0,0,0,0,0,1487853918.0
15538545,xiaoshuangKwok,OPPO-OPPO R9s,android,"369,161268",0,0,0,0,0,1488515405.0
15538928,happy琪芯,Xiaomi-Redmi Pro,android,"3,45109",0,0,0,0,0,1496996285.0
15538993,NLPXPW,Apple-iPhone 6S,ios,"47,15,232",0,0,0,0,0,1488124596.0
15539052,陈先生的迷妹啊,xiaomi-Redmi 6 Pro,android,19,0,11,2,0,0,1552489712.0
15539862,唐老鸭miniature,samsung-SM-G9200,android,2539,0,0,0,0,0,1487901402.0
15540230,陈伟霆饱饱兔0,Apple-iPhone 6S Plus,ios,11,0,0,0,0,0,1510480788.0
15540380,爱的如此卑微申,Apple-iPhone 6,ios,11895,0,0,0,0,0,1487914315.0
15540871,_梁朕朕bb,Apple-Simulator,ios,"369,16706",0,0,0,0,0,1506964608.0
15541016,Angel微雨燕双飞,vivo-vivo X9,android,"4020,28,23016",0,0,0,0,0,1487932324.0
15541342,心多傷愛多慌斺,samsung-GT-N7100,android,11895,0,0,0,0,0,1487935422.0
15541491,Lwing52,Sony-F8132,android,"100350,103997",0,0,0,0,0,1518769877.0
15542133,komorebi姜姜,Apple-iPhone 5S,ios,45109,0,0,0,0,0,1487950422.0
15543417,词汇9911,Apple-iPhone 6,ios,11895,0,0,0,0,0,1487961195.0
15543778,琳落凡尘,Apple-iPhone 6,ios,"161956,162125,3152",0,0,0,0,0,1493366515.0
15544134,树读下的摩天轮bsekhyun,vivo-vivo Y55A,android,"1,6,131020",0,0,0,0,0,1487993130.0
15544141,薛之谦de小黑框_,Apple-iPhone 6 Plus,ios,369,0,0,0,0,0,1491880586.0
15544353,别当我不存在桸,Apple-iPhone 7,ios,11895,0,0,0,0,0,1488269346.0
15544608,期怒明织狭蝶8,OPPO-OPPO A53,android,37165,0,0,0,0,0,1488000509.0
15544932,骂胳脏炼唐遗,vivo-vivo V3M A,android,37165,0,0,0,0,0,1488003757.0
15545073,拾玖又叁拾wcdma,Apple-iPhone 6,ios,37165,0,0,0,0,0,1488005400.0
15545439,唉粪洪柴来础,vivo-vivo V3M A,android,37165,0,0,0,0,0,1488009857.0
15547193,安静64422,Meizu-m1 note,android,11895,0,0,0,0,0,1488207908.0
15547973,演绅士的演员,HONOR-KNT-AL10,android,"185382,12799,369",0,0,0,0,0,1512218373.0
15548092,情话腻王i,OPPO-OPPO R9m,android,"5,1,6",0,0,0,0,0,1488044317.0
15548518,哇哈哈哈哈哈1,vivo-vivo Y85,android,"265,369,16706",0,0,0,0,0,1532428389.0
15548539,我的闺蜜是个神话鬿,Meizu-M1 E,android,11895,0,0,0,0,0,1488074861.0
15548572,youngig,Apple-iPhone 7,ios,"2,24360",0,0,0,0,0,1488081959.0
15549502,三岁英雄,HUAWEI-ANE-AL00,android,"69,172",0,1,0,0,0,1532794436.0
15550266,演勾禾贫筐碧,Apple-iPhone 6,ios,37165,0,0,0,0,0,1488097692.0
15550638,困选肃引及诊,ZTE-HUAWEI C8813Q,android,"37165,44956",0,0,0,0,0,1488104103.0
15550714,家乡木槿,Apple-iPhone 6S,ios,122,0,0,0,0,0,1492771814.0
15551335,一起俯瞰世界,Apple-iPhone 7,ios,"29,99,539,53",0,0,0,0,0,1494647704.0
15551638,大王味儿,Apple-iPhone 7,ios,"827,4490",0,0,0,0,0,1507981551.0
15551721,璐子ok,Apple-iPhone 6S Plus,ios,3152,0,0,0,0,0,1536327718.0
15551992,唯爱一昕一易520,Xiaomi-HM NOTE 1S,android,"26,3,3934,3067",0,0,0,0,0,1494081973.0
15552054,DJ__,Apple-iPhone 6S Plus,ios,"46,3860",0,0,0,0,0,1492086248.0
15553069,我想靖靖哥哥,OPPO-OPPO R9s Plus,android,"447,1858",0,0,0,0,0,1489885820.0
15553279,芣苢汉广,OPPO-OPPO R9s,android,"42,5322,24444",0,0,0,0,0,1488211096.0
15553683,Scarecrow_粥小米,Apple-iPhone 6S Plus,ios,498,0,0,0,0,0,1500535818.0
15553686,WwW_SSSSSSJL,Apple-iPhone 7 Plus,ios,980,0,0,0,0,0,1488254247.0
15553911,源月潼,Meizu-m2,android,"6,1,5",0,0,0,0,0,1488464646.0
15554099,碧云天1911,Apple-iPhone 7 Plus,ios,362,0,0,0,0,0,1497927250.0
15554241,忌廉味汽水,Apple-iPhone 6S,ios,"5,217341,122,2101,25,71366",0,0,0,1,0,1553417072.0
15554435,听话formerly,OPPO-OPPO R9s,android,11895,0,0,0,0,0,1488276875.0
15554881,虾米乳七号,ZTE-HUAWEI C8813Q,android,"37165,44956",0,0,0,0,0,1488288470.0
15554988,EthanMua,Apple-iPhone 5S,ios,"154768,5,157565",0,0,0,0,0,1492405412.0
15555093,依旧美好year,Apple-iPhone 7,ios,"12799,3709,8933",0,0,0,0,0,1496046908.0
15555388,hush0711,Meizu-PRO 6,android,28565,0,0,0,0,0,1497493436.0
15555394,不轰烈如何做世界之最f,Apple-iPhone 6S Plus,ios,28565,0,0,0,0,0,1493962978.0
15556584,-luckwendy-,Apple-iPhone 6S Plus,ios,"3,11",0,0,0,0,0,1488373735.0
15556694,黄景瑜的东北老乡,vivo-vivo Y66,android,"31564,30827",0,0,0,0,0,1490170340.0
15557197,臧孩妄伊崎,Apple-iPhone 6S,ios,97608,0,0,0,0,0,1488402539.0
15557246,相濡以沫丝_31398,Apple-iPhone 6S,ios,97608,0,0,0,0,0,1488407855.0
15557999,国千芦换膊帜,InFocus-InFocus M808,android,97608,0,0,0,0,0,1488437116.0
15558556,郭条桃郭,Apple-iPhone 6S,ios,"18964,97608",0,0,0,0,0,1489814805.0
15558947,-往事如云烟-,samsung-SM-A9100,android,"31564,30827",0,0,0,0,0,1508582779.0
15559544,唯格火龙果,Meizu-M3 Max,android,"87627,119",0,0,0,0,0,1488506391.0
15559785,宇宙cp就服瑜洲,Apple-iPhone SE,ios,"107090,31564,30827,67977",0,0,0,0,0,1510472383.0
15560004,小心心要不啦,Xiaomi-MI 5,android,14889,0,0,0,0,0,1525450743.0
15560639,暮卜现胆山射,Apple-iPhone 6S,ios,28565,0,0,0,0,0,1488522945.0
15561072,孔茶喂失揭蒜,Meizu-PRO 6,android,28565,0,0,0,0,0,1488529873.0
15561190,kucubfdietiy,Apple-iPhone 6S Plus,ios,97608,0,0,0,0,0,1488532887.0
15561220,an舒yy,HUAWEI-HWI-AL00,android,"230484,39,24,206",0,0,0,0,0,1553355838.0
15561462,武微拴武腥食,vivo-vivo X6SPlus D,android,"6,97608",0,0,0,0,0,1488539195.0
15561713,ModelANan,Apple-iPhone 7 Plus,ios,"169347,3648",0,0,0,0,0,1508553473.0
15561910,蓬松苗条干巴单,OPPO-OPPO R9 Plustm A,android,28565,0,0,0,0,0,1488694019.0
15562512,阿屎不哭我喜欢你,vivo-vivo X6A,android,"39,369,9",0,0,0,0,0,1488696544.0
15562622,三万英尺高空漂泊的孩子,samsung-SM-G9250,android,"362,39,158450",0,0,0,0,0,1489544164.0
15562984,ennuo_,Apple-iPhone 6,ios,"151188,3917",0,0,0,0,0,1488609446.0
15563700,京猴198010,Apple-iPhone 7 Plus,ios,"4,45545,2405",0,0,0,0,0,1494744754.0
15563987,口船拌对缴糊,vivo-vivo X7,android,2885,0,0,0,0,0,1492843002.0
15564304,时间在一点一点慢慢的溜走,Huawei-HUAWEI G750-T01,android,"20,73098,144078",0,0,0,0,0,1491725959.0
15565201,软语00,Honor-CHM-TL00H,android,"11405,9755",0,0,0,0,0,1488700605.0
15565862,属猴名阳,Xiaomi-Redmi 4A,android,"44,6,31",0,0,0,0,0,1488705932.0
15566657,这只少恭有点怪,DOOV-DOOV A6,android,"163514,12304",0,0,0,0,0,1488734278.0
15567349,wing之歌,OPPO-OPPO R9 Plusm A,android,"102,498,12,99",0,0,0,0,0,1494733746.0
15567442,冰雪惠翎,vivo-vivo Y55A,android,"5,6,4",0,0,0,0,0,1490186105.0
15567649,谦谦的小女票,vivo-vivo X7,android,"146145,369,163639",0,0,0,0,0,1490443356.0
15568043,刘超然叉钩钩,HONOR-KNT-AL10,android,"22,89069,4194",0,0,0,0,0,1529982205.0
15568219,一米八的王俊凯才五岁嘞,OPPO-OPPO R9 Plusm A,android,1,0,0,0,0,0,1496625436.0
15568450,口口丰丰彐心1,vivo-vivo X6S A,android,"5,27,176",0,0,0,0,0,1496801449.0
15568480,二杰宝宝,OPPO-N5117,android,498,0,0,0,0,0,1488866754.0
15569654,July漓沅,OPPO-OPPO R11,android,"5,1,6",0,0,0,0,0,1515254345.0
15569966,布袋66,Apple-iPhone 6,ios,"55,380",0,0,0,0,0,1535298198.0
15570293,只为三只心跳,Nokia-TA-1000,android,"5,1,6",0,0,0,0,0,1499169050.0
15570653,lucky涵x努力,HUAWEI-HUAWEI CAZ-AL10,android,22,0,0,0,0,0,1514075448.0
15570867,帅帅08891,vivo-vivo X7Plus,android,"4,45109",0,0,0,0,0,1488951682.0
15570898,眼睛里面有星星的鹿小晗,vivo-vivo X6Plus D,android,"4,5,12,6754",0,0,0,0,0,1498144532.0
15570921,我是小可爱不服打我呀,nubia-NX549J,android,"4672,195,3377,369,3934,41",0,9,3,0,0,1553083705.0
15571116,康前进康胜利,Apple-iPhone 6 Plus,ios,0,0,0,0,0,0,1488962360.0
15571128,郑容和woli郑能量,Apple-iPhone 6S Plus,ios,50,0,1,0,0,0,1549865060.0
15571195,Meng--yao-,OPPO-OPPO R7s,android,"3811,6457,4",0,0,0,0,0,1488964591.0
15571204,M南栀北葵,LeEco-Le X620,android,"4,3119",0,0,0,0,0,1492693938.0
15571378,余杭1917,Apple-iPhone 6,ios,97099,0,0,0,0,0,1493299672.0
15571683,男彭友-_-,Apple-iPhone 7 Plus,ios,4,0,0,0,0,0,1488979056.0
15572170,桃子酱33_,Apple-iPhone X,ios,"4,362,45109",0,0,0,0,0,1537149769.0
15572281,佑-佑-有大车,samsung-SM-J3119,android,3424,0,0,0,0,0,1489246799.0
15572752,徐浩的Angel,vivo-vivo X9,android,"150,136395",0,0,0,0,0,1511619845.0
15573057,Destiny_xzq,Apple-iPhone 6S,ios,"17380,369,13,16706,70730,50254",0,0,1,0,0,1553321834.0
15573569,王子妍_,GiONEE-GN9007,android,44,0,0,0,0,0,1489300763.0
15573647,就这样哈哈zy,Honor-Che1-CL20,android,"4,5,11",0,0,0,0,0,1489070046.0
15573735,EXO不离不弃80917,Xiaomi-Redmi Note 4,android,"4,24,22",0,0,0,0,0,1493644412.0
15573888,你清醒一点儿_,Apple-iPhone 7 Plus,ios,"380,84,5,1,6",0,5,1,1,0,1550571234.0
15574165,专注杨幂一心爱幂,OPPO-OPPO R9s,android,"10077,10896,38406,162504,12",0,0,0,0,0,1547468730.0
15574295,心藏有你216,Apple-iPhone 6,ios,"3917,165564",0,0,0,0,0,1534615461.0
15574428,青子衿shallow,Apple-iPhone 8 Plus,ios,"173552,45109,198809",0,0,0,0,0,1553390215.0
15574671,搭步敌葡爸邮,Meizu-M351,android,14504,0,0,0,0,0,1489131484.0
15574738,晨府长亭,Xiaomi-MI 4LTE,android,1529,0,0,0,0,0,1489133773.0
15575401,一只肥小猫,Xiaomi-MI PAD,android,0,0,0,0,0,0,1489152562.0
15575488,小小andzs,OPPO-OPPO R9tm,android,159224,0,0,0,0,0,1490367648.0
15575776,浮生若梦如影随形,HUAWEI-HUAWEI NXT-TL00,android,151188,0,0,0,0,0,1504537288.0
15576041,用户6033164855,samsung-SM-N9006,android,24846,0,0,0,0,0,1489167048.0
15576522,蓝海的蟹总裁,Xiaomi-Redmi Note 3,android,1,0,0,0,0,0,1492814852.0
15576597,🍦146,OPPO-PACM00,android,"229853,218774,212290,212418,136505",0,7,1,0,0,1553440302.0
15577368,VG的大黎子,Apple-iPhone 6,ios,"166,4029",0,0,0,0,0,1495868440.0
15577388,未喜微欢,Xiaomi-Redmi 3X,android,"5,60850,16731",0,0,0,0,0,1489223630.0
15577613,布丁01,OPPO-X9009,android,2060,0,6,0,0,0,1551269510.0
15577793,瑾宝宝H,Huawei-HUAWEI C8818,android,"45109,3,1",0,0,0,0,0,1493214955.0
15578195,cara-赵大星,LeEco-Le X520,android,"5,187092",0,0,0,0,0,1522622994.0
15579040,露琪亚67982,Coolpad-Coolpad 8675-FHD,android,41838,0,0,0,0,0,1489285722.0
15579134,亚love君,Apple-iPhone 8,ios,"498,84,163996,13050,13052,6756",0,3,0,0,0,1552622157.0
15580009,阿木掌柜,Xiaomi-MI 5,android,"173606,5,60850",0,0,0,0,0,1503461504.0
15580062,葬吾以时光,HUAWEI-ALP-AL00,android,"10,2060,212331,136505,44,92",0,0,0,0,0,1548384936.0
15580300,追怨79595,OPPO-OPPO A53,android,41838,0,0,0,0,0,1489309791.0
15580453,记忆爱过后的残缺,OPPO-OPPO A33m,android,"12,8655,56654",0,0,0,0,0,1489312817.0
15580901,原来是筠哥,Letv-Letv X500,android,5,0,0,0,0,0,1489671716.0
15581065,l兴xback,HUAWEI-LDN-AL20,android,"134045,22,3119,8531,84,163996",0,447,47,25,0,1553432676.0
15581133,夏目铃,samsung-SM-J7008,android,"4,24,10,22",0,0,0,0,0,1494771148.0
15581938,无聊89697,Huawei-H60-L01,android,41838,0,0,0,0,0,1489371715.0
15582239,用户6141082067,Apple-iPhone 6S Plus,ios,41838,0,0,0,0,0,1489380929.0
15582913,我有一颗蔷薇心,vivo-V1809A,android,84,0,0,1,0,0,1553169185.0
15583223,楊楊楊_有理,Apple-iPhone 6,ios,369,0,0,0,0,0,1489404009.0
15583522,你什么货色稍,LeEco-Le X528,android,41838,0,0,0,0,0,1489406697.0
15583885,柒柒Rebeka1,Apple-iPhone X,ios,"223217,588,166,4029,211079",0,0,2,0,0,1553416053.0
15584095,人可生如蚁200207,vivo-vivo X6Plus A,android,"3672,3673",0,0,0,0,0,1489927919.0
15584210,skyoversoul,OPPO-CPH1721,android,45637,0,0,1,0,0,1545542983.0
15584309,疏桐观月,Apple-iPhone 6S Plus,ios,"4,166",0,0,0,0,0,1502032918.0
15584522,莉香5317,HUAWEI-HUAWEI TAG-AL00,android,41838,0,0,0,0,0,1489422089.0
15584664,抓了只呜叽,Apple-iPhone 6S,ios,105093,0,0,0,0,0,1492337966.0
15584694,GG-7991,Apple-iPhone 6 Plus,ios,"100350,3,3934",0,0,0,0,0,1489440763.0
15585115,Lyxxxxuan_,Apple-iPhone 7 Plus,ios,162942,0,0,0,0,0,1489923585.0
15585372,帅的有点美tr4,Apple-iPhone SE,ios,41838,0,0,0,0,0,1489476181.0
15585666,Manjusaka妃,Apple-iPhone 6,ios,"369,271,20916",0,0,0,0,0,1489486597.0
15585984,王美豆要去环游世界,HUAWEI-BAC-AL00,android,"42,1354",0,0,3,0,0,1550381846.0
15586347,陈小华爱睡觉0_0zZ,vivo-vivo X7,android,"14060,30827,447",0,0,0,0,0,1490372930.0
15586550,软萌忙内,Huawei-PE-TL20,android,4,0,0,0,0,0,1489505178.0
15587059,刘伊莎姐姐,Apple-iPhone 7,ios,46,0,0,0,0,0,1492127416.0
15587624,柔美39730,LeEco-Le X528,android,41838,0,0,0,0,0,1489553208.0
15587718,张彦雄happy,Apple-iPhone 6,ios,221,0,0,0,0,0,1553168147.0
15588394,tvxq_as,Apple-iPhone 6S,ios,"39,151646,166",0,0,0,0,0,1515649041.0
15588798,朱禹勋爱你,Apple-iPhone 6 Plus,ios,"5,1,3",0,0,0,0,0,1491619074.0
15588852,重庆特产王俊凯吖,HONOR-PLK-AL10,android,"5,1,6",0,0,0,0,0,1491723135.0
15589505,三疯哥褚ag,OPPO-OPPO A53,android,41838,0,0,0,0,0,1489628894.0
15589583,孤染92041,vivo-vivo Y66,android,18964,0,0,0,0,0,1489632729.0
15589635,珊日养战,samsung-SM-G9209,android,"4,135097,120381",0,0,0,0,0,1551163504.0
15589946,卖炭翁本翁,OPPO-OPPO R9m,android,"94,570,18",0,0,0,0,0,1521593753.0
15590419,旭旭有九个小太阳,Apple-iPhone 6S,ios,"9436,9322,4323",0,0,0,0,0,1526542211.0
15590606,湘云飞Joy,OPPO-OPPO R11,android,3811,0,0,0,0,0,1534338104.0
15590908,城西已人凉王子,htc-HTC One,android,4858,0,0,0,0,0,1490157621.0
15590933,怪阿姨知识渊博promotion,LeEco-Le X528,android,41838,0,0,0,0,0,1489665499.0
15591394,我是林喋,LeEco-Le X620,android,"3,10,3265",0,0,0,0,0,1494769126.0
15591586,有一种幸福叫沈煜伦和沈肯尼,Apple-iPhone 6S Plus,ios,"3672,3673,10",0,0,0,0,0,1507608893.0
15591817,遗脸读98tt6Z1G,OPPO-OPPO A37m,android,"18964,142493",0,0,0,0,0,1489680685.0
15591934,只想看薛之谦的演唱会,Apple-iPhone 6S,ios,369,0,0,0,0,0,1505235076.0
15592140,辛小胖丶,Apple-iPhone 6,ios,4,0,0,0,0,0,1503488170.0
15592461,vb24md,Apple-iPhone 6S,ios,"46,522,1505",0,0,0,0,0,1500542145.0
15593084,立个flag就开始努力,Apple-iPhone 7 Plus,ios,"369,3529",0,0,0,0,0,1500293736.0
15594371,谦玺-Julius,vivo-vivo V3M A,android,"3934,369,5,183",0,0,0,0,0,1503960460.0
15594650,柱zi99,Xiaomi-Redmi Note 3,android,"157173,166385,3492",0,0,0,0,0,1489768553.0
15595283,feucklicity,Sony-F8332,android,0,0,0,0,0,0,1489809398.0
15595681,浦姬瑶枝希艺,Apple-iPhone 6S Plus,ios,41838,0,0,0,0,0,1489814905.0
15596491,ReemM,Apple-iPhone 7 Plus,ios,"143354,1498",0,0,0,0,0,1491164885.0
15596809,莘嫩寻莘贴,Xiaomi-Mi-4c,android,"142493,18964,142083",0,0,0,0,0,1489840192.0
15596932,夏夜微凉梦清幽,vivo-vivo Y55A,android,"9,26,56390",0,0,0,0,0,1518009173.0
15596937,融吓济融关蹦,Xiaomi-Mi-4c,android,"18964,142493,142083",0,0,0,0,0,1489841719.0
15597236,Chechen_X,Apple-iPhone 7,ios,166593,0,0,0,0,0,1489846943.0
15597378,猪蹄炖葡萄,Xiaomi-MI 5,android,"44,47",0,0,0,0,0,1496506174.0
15597509,傻白甜的Candy,Apple-iPhone 7 Plus,ios,"588,219,172686,169116,200917,121775,3136",0,1,0,1,0,1542430638.0
15597532,韩小搠,OPPO-R7Plusm,android,0,0,0,0,0,0,1489854181.0
15597916,没胡子不帅,Apple-iPhone 6S,ios,437,0,0,0,0,0,1498047989.0
15598545,辛存晓罐张活,Apple-iPhone 7,ios,5474,0,0,0,0,0,1489898431.0
15598624,半城q,OPPO-OPPO R9s,android,"4,3909,22",0,0,0,0,0,1496326038.0
15598874,壹十二,Apple-iPhone 6 Plus,ios,"42,157,166774",0,0,0,0,0,1489905409.0
15598901,亲爱的艺,Huawei-H60-L02,android,"3,3934",0,0,0,0,0,1491500637.0
15599154,数态牢船召容,Apple-iPhone 6 Plus,ios,89069,0,0,0,0,0,1489910842.0
15599201,二十四位色,Apple-iPhone 7 Plus,ios,"5005,5",0,0,0,0,0,1495844660.0
15599562,桨途网竞,vivo-vivo Xplay5A,android,45109,0,0,0,0,0,1508377466.0
15600355,SpeXial-陵,vivo-vivo Y66L,android,"108,247,207,291,223",1,1,0,0,0,1537801839.0
15601135,陳同學_Ccz,vivo-vivo Xplay5A,android,46,0,0,0,0,0,1518495391.0
15601541,晓呀小星星,vivo-vivo Y85A,android,"145480,36,3590",6,2,5,0,0,1553124557.0
15601572,用户gcsjrswsq8,Meizu-PRO 6 Plus,android,"161331,150833,161330",0,0,0,0,0,1491487906.0
15601651,用户l25jgq1m1m,Meizu-PRO 6 Plus,android,"161331,150833,161330",0,0,0,0,0,1491489104.0
15601706,SNH48-孙芮应援会,Meizu-M2 E,android,"2972,3710,2936",0,3,0,0,0,1537240911.0
15603086,守护Mark趙,Apple-iPhone 6,ios,498,0,0,0,0,0,1491543987.0
15603109,HS上善若水yu,HUAWEI-CLT-AL00,android,2,1,0,1,0,0,1537356523.0
15603120,甜锥一生吹,Apple-iPhone 6S,ios,"42,362,145833",0,0,0,0,0,1501911193.0
15603425,源家小春月,vivo-vivo NEX,android,"369,201655,6,176217,113,135425,49",0,14,0,0,0,1553361537.0
15603482,昝统薯昝,HUAWEI-EVA-AL10,android,18964,0,0,0,0,0,1490070688.0
15603576,窦泡妇窦,vivo-vivo Y66,android,18964,0,0,0,0,0,1490072949.0
15604023,把鸡按到地上打,Apple-iPhone 6 Plus,ios,"1,5",0,0,0,0,0,1497522016.0
15604632,西柚软糖_,Apple-iPhone 6S,ios,"5,1,6",0,0,0,0,0,1491196961.0
15604822,闾丘年冰,OPPO-OPPO A37m,android,"18964,142493",0,0,0,0,0,1490103685.0
15604939,戈束作戈,OPPO-OPPO A37m,android,"18964,142493",0,0,0,0,0,1490105936.0
15605081,是骄傲的jacky啊,vivo-vivo X6D,android,89069,0,0,0,0,0,1491397587.0
15605629,你不愿让我一个人_,Apple-iPhone 6,ios,"45637,4631",0,0,0,0,0,1490155327.0
15606287,笑顏_Y,honor-FRD-AL00,android,"21563,46,283",0,0,0,0,0,1510238484.0
15606560,徐太太太太白,HUAWEI-VTR-AL00,android,"26,3761,9,56390,5",1,41,3,0,0,1545724666.0
15606857,不必太过坚强i,Xiaomi-MI 4S,android,"5,1,6,162803",1,1,0,1,0,1533390895.0
15607017,L夜阑听雪,LeEco-Le X620,android,"9,30,60",0,0,0,0,0,1525187401.0
15607090,沫戚-子乔,Apple-iPhone 6S,ios,"24,4,4264,5",0,0,0,0,0,1493822915.0
15607164,L花姐L,OPPO-OPPO A59s,android,"2060,3811",0,0,2,0,0,1542560495.0
15607288,迷上生菜的猫,Apple-iPhone X,ios,"5404,111713,304",0,2,0,0,0,1552572459.0
15607562,nanpoo,OPPO-OPPO R11,android,"24,22,1481",0,0,0,0,0,1503733970.0
15608059,用户6072331076,vivo-vivo Y51,android,"5,9,166",0,0,0,0,0,1494426025.0
15608146,重庆萌妹儿,Huawei-HUAWEI MT7-TL10,android,4029,0,0,0,0,0,1490344499.0
15608417,小菇凉Sai_求好运好心情常伴,Apple-iPhone 6,ios,"24558,167602",0,0,0,0,0,1490281820.0
15608649,晗颜鹿,vivo-vivo X9,android,"4,5,20",0,0,0,0,0,1501482695.0
15608759,妍Lynn01,Apple-iPhone SE,ios,"369,101828,22,5",0,2,0,0,0,1553000654.0
15608838,阿缘0620,HUAWEI-ANE-LX2,android,"5,201653,26",0,1,0,0,0,1547722607.0
15609310,邓伦的超级无敌胖迷妹,OPPO-OPPO A37m,android,1196,0,0,0,0,0,1490347473.0
15609603,仒.,HUAWEI-HUAWEI VNS-DL00,android,"4,22,24,10",0,0,0,0,0,1533388582.0
15609673,Larimar_世故的小孩,HONOR-DUK-AL20,android,"199641,1626,46,522,1505",0,0,2,0,0,1552790780.0
15609789,__四分之一_,HONOR-NEM-AL10,android,"58395,3430",0,0,0,0,0,1491706525.0
15609983,田粥肥niqy,Xiaomi-MI 2S,android,62031,0,0,0,0,0,1490369585.0
15610399,柠檬酒_82876,HUAWEI-VIE-AL10,android,3,0,0,0,0,0,1495358266.0
15610562,Double_Tean,Apple-iPhone 7,ios,"167853,16424,746",0,0,0,0,0,1490597275.0
15610714,王亭文全国粉丝后援官博,vivo-vivo X5Max+,android,"112547,294,79",0,0,0,0,0,1490419283.0
15610761,归零l布,OPPO-OPPO R9m,android,62031,0,0,0,0,0,1490420146.0
15610765,鹿过6187479406,vivo-vivo S7i(t),android,4,0,0,0,0,0,1490420309.0
15610883,樱荫影-VV,vivo-vivo X6D,android,"3579,30827",0,0,0,0,0,1490423417.0
15611499,rtt雷疯,asus-ASUS_Z00LD,android,62031,0,0,0,0,0,1490435986.0
15612638,LPL楠,Letv-Letv X501,android,62031,0,0,0,0,0,1490458224.0
15613049,ESMTrosivanLH7dimash鹿J,HUAWEI-EML-AL00,android,"166,5,15391,201653",0,2,0,0,0,1553136772.0
15613412,鏡之殘影0,HUAWEI-HUAWEI CAZ-AL10,android,"84,380,1670,1144,164082,125161,28706",0,0,0,0,0,1553439294.0
15613825,N晗N_,vivo-vivo V3,android,"19,4,12",0,0,0,0,0,1495347779.0
15613992,sglzzz,Meizu-PRO 6,android,1481,0,0,0,0,0,1490918600.0
15614488,大大大大大大大脸儿,HONOR-PLK-AL10,android,"31,369,11",0,0,0,0,0,1493084964.0
15614729,o0逆流的鱼0o,Apple-iPhone 6,ios,"369,14",0,0,0,0,0,1490634827.0
15614733,zbjskxndbes,Apple-iPhone 8 Plus,ios,"84,380,157",0,2,0,0,0,1553314229.0
15616327,天下蛋事_172,HUAWEI-NCE-AL00,android,588,0,0,0,0,0,1490669875.0
15616824,风吹过的夏天啊,Apple-iPhone 6S Plus,ios,45637,0,0,0,0,0,1504516014.0
15616934,舞光食色-LTT爱Phoenix嘉,Apple-iPhone 6,ios,"369,46,283",0,0,0,0,0,1490787025.0
15617556,WANGJIAO_445,Apple-iPhone 7 Plus,ios,"3917,187579",0,0,0,0,0,1528942488.0
15617969,______青果,OPPO-OPPO R9tm,android,"3672,3673",0,0,0,0,0,1491460312.0
15618394,就叫我紫眸,Apple-iPhone 6S Plus,ios,588,0,0,0,0,0,1490767140.0
15618638,璈風殘膤m5w1,Apple-iPhone 5S,ios,588,0,0,0,0,0,1490776144.0
15618778,葡萄柚_DH,vivo-vivo X20,android,5,0,11,0,0,0,1553426165.0
15619444,草中血莽_116,vivo-vivo V3Max A,android,588,0,0,0,0,0,1490805041.0
15619461,你的笑容最温暖,Apple-iPhone 6 Plus,ios,"91358,169116,200917,198658",0,1,0,0,0,1526620010.0
15619811,洒落那最后一点执着_974,Apple-iPhone 6,ios,"588,152147,29437",0,0,0,0,0,1490841780.0
15619958,鼻涕泡溜小狗,Apple-iPhone 7,ios,168776,0,0,0,0,0,1490847972.0
15620016,Elephant_one,Apple-iPhone 6S,ios,1245,0,0,0,0,0,1491290120.0
15620109,WAKEUP1972,Apple-iPhone 6S,ios,"19836,168801",0,0,0,0,0,1490854258.0
15620222,X9_9X,Apple-iPhone 6S Plus,ios,165521,0,0,0,0,0,1490858735.0
15620796,项跳杆项,Samsung-SM-G9006V,android,97605,0,0,0,0,0,1490883776.0
15621274,吹惯-大风,vivo-vivo X9Plus,android,"22,4,26,89069,3934",0,0,0,0,0,1525528661.0
15621817,99如果爱,Xiaomi-Redmi Note 4,android,163454,0,0,0,0,0,1492854930.0
15621826,黄豆儿小妞,HUAWEI-EVA-AL10,android,"163454,260",0,0,0,0,0,1493100433.0
15622011,独一无二的小铭呀,OPPO-PADM00,android,"154887,75697,164085,222630",0,0,0,0,0,1531137833.0
15622420,ak8888888,vivo-vivo V3Max A,android,588,0,0,0,0,0,1490974714.0
15622488,总有丑民想害朕,OPPO-OPPO A33m,android,"369,827",0,0,0,0,0,1491741562.0
15622893,k墨_兮,vivo-vivo X6S A,android,"3653,12799,45637",0,0,0,0,0,1497351332.0
15623184,小瓶盖0922,Apple-iPhone 6 Plus,ios,162942,0,0,0,0,0,1494572294.0
15623331,杨N华,samsung-SM-A8000,android,588,0,0,0,0,0,1491025165.0
15623413,用户6099901668,HUAWEI-EVA-AL10,android,9,0,0,0,0,0,1491026159.0
15623522,封心称帝。,Apple-iPhone 6,ios,28765,0,0,0,0,0,1534698732.0
15623641,YuriMaiko,Apple-iPhone 6S Plus,ios,169153,0,0,0,0,0,1491029826.0
15623851,趙嘿嘿是赵小P,Apple-iPhone 7,ios,"1066,2624",0,0,0,0,0,1513004235.0
15624202,w意中人是个盖世英雄1,HUAWEI-HUAWEI MLA-AL10,android,"169264,4,42",0,0,0,0,0,1491911508.0
15624304,幻想一切有你,OPPO-OPPO R9s,android,"31564,39,827",0,0,0,0,0,1514192398.0
15625178,牧屿森柠,Meizu-m3 note,android,"5,166,22,4",0,0,0,0,0,1512196184.0
15625387,馒拥承贼莲,OPPO-OPPO R7s,android,10226,0,0,0,0,0,1491057455.0
15625617,小王留起了中分,Apple-iPhone 6S,ios,"169284,169285,132284",0,0,0,0,0,1491059911.0
15625642,hyominnn小梦,Apple-iPhone 6S,ios,"128308,179583",0,0,0,0,0,1503322395.0
15625949,RM-萌i羽宇,Honor-CHM-UL00,android,"59,406,4390",0,0,0,0,0,1505627846.0
15626002,七曜皆神,Meizu-PRO 6s,android,"91654,169327",0,0,0,0,0,1491069991.0
15626100,爱豆是他,vivo-vivo Xplay6,android,59,5,0,0,0,0,1526380142.0
15626583,-3-Anla,OPPO-OPPO A59m,android,"132284,4241",0,0,0,0,0,1492857179.0
15626721,辛欣围脖_311,Apple-iPad Air 2,ios,588,0,0,0,0,0,1491103546.0
15626769,时尚靓衣纺01,Apple-iPhone 6S,ios,588,0,0,0,0,0,1491104676.0
15627476,莨清菀,OPPO-OPPO R9s Plus,android,"56390,9",0,0,0,0,0,1522580668.0
15627854,且过wws,Apple-iPhone 6S,ios,"5474,108726",0,0,0,0,0,1491133340.0
15628239,沐阳吧啦啦,Apple-iPhone 6S Plus,ios,"22,12,95",0,0,0,0,0,1492582031.0
15629128,如初hz,HONOR-KIW-AL10,android,"22,4,527",0,0,0,0,0,1494775208.0
15629218,追星星的人_32131,vivo-vivo X7,android,"4,10,3",0,0,0,0,0,1491177425.0
15629530,让你懂得_h4u_822,OPPO-OPPO R9m,android,"588,152147",0,0,0,0,0,1491190021.0
15630013,Beautiful0435,Xiaomi-HM NOTE 1S,android,"5,11558",0,0,0,0,0,1491291110.0
15630341,薄荷之夏回忆青春,Apple-iPhone 4S,ios,"5,4,3125,66",0,0,0,0,0,1491212347.0
15630481,Linda_WGG,Apple-iPad Mini 3,ios,"3529,30257,28565",0,0,0,0,0,1495184903.0
15631133,_babybabyfish,Apple-iPhone 7,ios,"45109,160931,162662",0,0,0,0,0,1491387646.0
15631419,爱他我susi,OPPO-OPPO R9 Plusm A,android,3917,0,0,0,0,0,1498830195.0
15631668,三岁的白,Xiaomi-2014813,android,"827,4490,111238,114612",0,0,0,0,0,1497305823.0
15631704,2893小糯米咿,OPPO-OPPO A57,android,4252,0,0,0,0,0,1511648880.0
15631760,来日方长的日子,vivo-vivo V3Max A,android,"94059,20119",0,0,0,0,0,1492642051.0
15631901,water萌萌,Xiaomi-MI 4LTE,android,3,0,0,0,0,0,1491273811.0
15632121,时光里的旧恋人,HONOR-NEM-TL00H,android,"175,59,22,5",0,3,3,0,0,1533175102.0
15632606,帥得吥明显,Apple-iPad Air,ios,62031,0,0,0,0,0,1491295402.0
15632618,喵大哇变成了清明,GIONEE-F100L,android,"676,4793,135",0,0,0,0,0,1501062352.0
15633310,疗殃缴泪,samsung-I9200,android,97605,0,0,0,0,0,1491315873.0
15633530,彼岸灯火那个阑珊,vivo-vivo X7Plus,android,169858,0,0,0,0,0,1491323632.0
15633996,乐天派8023,Apple-iPhone 6,ios,"21979,8865,21083",0,0,0,0,0,1498052265.0
15634118,温柔善良的十一,Apple-iPhone 6S Plus,ios,"4,1,152508",0,0,0,0,0,1491577314.0
15634817,我有孤独和酒要不要跟我走,Apple-iPhone 6 Plus,ios,84186,0,0,0,0,0,1491400750.0
15635240,健香观喘,vivo-vivo X7,android,2885,0,0,0,0,0,1491412033.0
15635281,垒劝饶华,LeEco-Le X620,android,2885,0,0,0,0,0,1491413225.0
15635766,思玄失_79327,Apple-iPad Air,ios,62031,0,0,0,0,0,1491462032.0
15635886,小甜菜的xback,OPPO-OPPO A53m,android,22,0,0,0,0,0,1497509268.0
15636346,侯明昊阿里星球粉丝圈,vivo-vivo Y51,android,"491,74580,124935",0,0,0,0,0,1491492857.0
15636756,雪滴一叶兰,OPPO-OPPO A59s,android,"72835,84186",0,0,0,0,0,1517499576.0
15636996,pixie玲玲,vivo-vivo X5Pro V,android,"24,22,6754",0,0,0,0,0,1491529343.0
15637598,愉快欢_65176,Xiaomi-MI 2S,android,62031,0,0,0,0,0,1491544095.0
15637735,叛逆的玉哥哥,vivo-vivo Y13iL,android,"3,4,39",0,0,0,0,0,1492766280.0
15637777,安静落_56947,Xiaomi-MI 2S,android,62031,0,0,0,0,0,1491548559.0
15637842,Ukakakaxxl-,OPPO-OPPO R9s,android,22,0,5,1,0,0,1541117975.0
15638187,用户3627137655,asus-ASUS_Z00LD,android,62031,0,0,0,0,0,1491557621.0
15638685,是的你又没早睡,Apple-iPhone 6S,ios,"6,1,5",1,0,1,0,0,1548750813.0
15638720,世界中心TFB,OPPO-PACM00,android,"6,7",0,0,0,0,0,1530460198.0
15638780,TAEMIN-718,Apple-iPhone 6,ios,74353,0,0,0,0,0,1491568765.0
15639182,吴家de小佛爷,OPPO-OPPO R7sm,android,128353,0,0,0,0,0,1491575005.0
15639629,-沐泠湄-,Apple-iPhone 8 Plus,ios,"72835,9182,211265",0,0,1,0,0,1540691347.0
15640040,我家群主哥哥,Xiaomi-HM NOTE 1LTE,android,39,0,0,0,0,0,1494979016.0
15640408,天久不添酒,OPPO-OPPO R9s,android,"4,39",0,0,0,0,0,1505794008.0
15640500,ZHANGYOUXI,Apple-iPhone 6,ios,"372,3067",0,0,0,0,0,1492224151.0
15640517,白四爷茶尔,Apple-iPhone 7 Plus,ios,"1066,47626,44706,1481,26971,499",0,0,0,0,0,1544842598.0
15640821,包子敛煎韧蛋定,Apple-iPhone 6S Plus,ios,"17380,70730,10",0,0,0,0,0,1517555805.0
15641332,尕璐璐_,vivo-vivo Y67A,android,369,0,0,0,0,0,1539176174.0
15641501,十面埋伏大姑娘,Xiaomi-MI 2S,android,62031,0,0,0,0,0,1491646107.0
15641908,铿锵玫瑰11112222,OPPO-OPPO R9s,android,"4,1,27",0,0,0,0,0,1491674064.0
15642632,风中蒲公英飞,vivo-vivo X9s Plus,android,"12,372",1,0,0,0,0,1520230682.0
15643810,广俱谈广,LeEco-Le X620,android,"44710,132737,136750",0,0,0,0,0,1491711902.0
15643965,这个东瓜不太圆,Huawei-HUAWEI B199,android,"1454,1243,133,49",0,0,0,0,0,1498301806.0
15643997,温纸仿温,HUAWEI-TRT-AL00A,android,44710,0,0,0,0,0,1515553462.0
15644025,柠檬i在磊心,Xiaomi-2014501,android,"119872,271,28",0,0,0,0,0,1508680449.0
15644585,远征军0271,vivo-vivo X7,android,44710,0,0,0,0,0,1515763722.0
15645056,糜欢缝糜,Meizu-m3,android,44710,0,0,0,0,0,1491727077.0
15645813,胡圣躲胡,Meizu-m3,android,44710,0,0,0,0,0,1491739761.0
15646091,贺峻秀,OPPO-OPPO R11t,android,"39925,157565,155070,97605",13,11,0,0,0,1534950215.0
15646391,木槿小白痴,OPPO-OPPO R9m,android,16318,0,0,0,0,0,1493021384.0
15646994,米粒人儿18,OPPO-OPPO R9s,android,"5,6378,47",0,0,0,0,0,1492073398.0
15647739,跌伙淡雅忧伤,ONEPLUS-A0001,android,4,0,0,0,0,0,1491765646.0
15647973,独爱裂哥❤️,Apple-iPhone 6,ios,"175,38396,171284",0,0,0,0,0,1493476145.0
15648000,鹤儿摸摸羊的头,Apple-iPhone 7 Plus,ios,"5,1,6",0,0,0,0,0,1491976445.0
15648628,哭遍全世界,vivo-vivo V3M A,android,"4,5,1,6",0,0,0,0,0,1500288645.0
15648696,用户6205455054,Meizu-M1 E,android,369,0,0,0,0,0,1491803921.0
15648700,愛做夢的EAR,Apple-iPhone 6S,ios,"369,16706",0,0,0,0,0,1506645404.0
15649991,方辰不在,Apple-iPhone 7,ios,"46,221234,444",0,2,1,0,0,1546917684.0
15650067,杨队的阿童木_Atros,OPPO-OPPO R9tm,android,"369,1481,5360",0,0,0,0,0,1507307427.0
15650278,够了为止,Xiaomi-Redmi Note 2,android,"44,4,356",0,0,0,0,0,1502373251.0
15650601,ZH少侠,OPPO-OPPO R9tm,android,"1,6",0,0,0,0,0,1499263303.0
15651750,B_亚琪,Meitu-MP1503,android,22,0,0,0,0,0,1499046939.0
15651993,我说你笨蛋,OPPO-OPPO R9m,android,"28233,91358,200917,169116,5",2,2,2,0,0,1532078445.0
15652065,大北斗的小尾巴ZJ,OPPO-N5207,android,"9,26",0,0,0,0,0,1491908179.0
15653008,乔治阿卡丽,OPPO-OPPO R9m,android,"4631,45637",0,0,0,0,0,1493187805.0
15653236,相呴相濡恋恋不舍,Xiaomi-2014812,android,372,0,0,0,0,0,1492848197.0
15653289,夙行所爱,Xiaomi-MI NOTE LTE,android,"41,369",0,0,0,0,0,1498896679.0
15653456,神眷之花Sakura,samsung-GT-I9152,android,"641,62,1317",0,0,0,0,0,1493396044.0
15653607,我的盖世英雄00,Apple-iPhone 6S Plus,ios,"4,171757,4194",0,0,0,0,0,1492182201.0
15653700,侯婧5666864201,vivo-vivo X9,android,2,0,0,0,0,0,1524319204.0
15653778,余生一个刘小思,OPPO-A11,android,"24,131020,6754",0,0,0,0,0,1511188130.0
15654118,--从良_,vivo-vivo X21,android,"17380,369,70730",0,2,0,0,0,1549884690.0
15654211,MaggieOW,Apple-iPhone 6S,ios,"46,132,1505",0,0,0,0,0,1553434399.0
15654606,忍者龟的主人,Xiaomi-MI 5,android,"3855,171874",0,0,0,0,0,1491976795.0
15654949,倩妮Tiffany,Apple-iPhone 6S,ios,0,0,0,0,0,0,1491977450.0
15655054,是我的阿彬喂,HUAWEI-HUAWEI NXT-AL10,android,31,0,0,0,0,0,1492339731.0
15655979,徐小宝是XHM,Apple-iPhone 7 Plus,ios,172537,0,0,0,0,0,1491978745.0
15656161,管海燕同学,Apple-iPhone 5S,ios,"391,634,10",0,0,0,0,0,1492544099.0
15656814,夏了荼靡ll,Meizu-PRO 6,android,"171875,7330,102956",0,0,0,0,0,1491982140.0
15657066,Angel小笼包丶珊,HUAWEI-MHA-AL00,android,"9,26,172904",0,0,0,0,0,1494894512.0
15657190,Tiam_Y,Apple-iPhone 6S Plus,ios,"172944,391",0,0,0,0,0,1491991464.0
15657298,飘散慕恋缠,Xiaomi-MI 2S,android,62031,0,0,0,0,0,1491983607.0
15657406,KKKK樂兒,OPPO-OPPO R9tm,android,"1,5,6",0,1,0,0,0,1552717921.0
15657652,Cheery_辛夷,vivo-vivo X6D,android,"111,169116,195434,18",0,0,0,0,0,1515142393.0
15657952,郎海耻郎,Apple-iPhone 7 Plus,ios,44710,0,0,0,0,0,1491987576.0
15658017,00F4M673TLHU7YW31,Xiaomi-MI 2S,android,62031,0,0,0,0,0,1491988193.0
15658100,饭饭的夏,Apple-iPhone 6 Plus,ios,"4029,111,391",0,0,0,0,0,1492064308.0
15659130,柠檬脾气hk,Apple-iPhone 7 Plus,ios,4,0,0,0,0,0,1497063502.0
15660470,你你你你看得见我,Apple-iPhone 6,ios,"8065,15293,588",0,0,0,0,0,1519997810.0
15660924,樱花味的小年糕,Apple-iPhone 5,ios,"4,45637,44",0,0,0,0,0,1492528094.0
15661079,偶尔蒙圈的吴小粒儿,Meizu-m1 note,android,"49,4938",0,0,0,0,0,1496501918.0
15661615,buleskyto,OPPO-OPPO A77,android,"369,16706",0,8,0,0,0,1548749652.0
15661765,玲68295,HONOR-KNT-AL20,android,22,0,0,0,0,0,1528896744.0
15662184,星星会不会喝酒,HUAWEI-HUAWEI CAZ-AL10,android,"4,369,280",0,0,0,0,0,1493059259.0
15662623,DN0811,OPPO-OPPO R11,android,"3635,19051,3917",0,0,0,0,0,1522562165.0
15663296,敖鉴蜡敖,Xiaomi-Redmi Note 3,android,44710,0,0,0,0,0,1498192823.0
15663449,_乄i_0,Apple-iPhone 6S Plus,ios,"42,166,1243",0,0,0,0,0,1509200019.0
15663643,苦糖1314_291,OPPO-OPPO R9s Plus,android,"217,8865",0,0,1,0,0,1553351398.0
15666137,朔风在此,samsung-SM-N9009,android,"7366,15661,41",0,0,0,0,0,1506136956.0
15666933,阿季季季会发光,vivo-vivo X5M,android,"57055,100065,3204",0,0,0,0,0,1492101604.0
15666981,tunanc,Apple-iPhone 6,ios,"174499,5,174502",0,0,0,0,0,1492102648.0
15667017,起司一米八,Meizu-m3 note,android,4080,0,0,0,0,0,1497698034.0
15667094,用户5755855573,ONEPLUS-A0001,android,4,0,0,0,0,0,1492105304.0
15667151,用户5755818981,ONEPLUS-A0001,android,4,0,0,0,0,0,1492109055.0
15667316,世界己剧终,OPPO-OPPO A57,android,"369,39",0,0,0,0,0,1492827590.0
15668238,6324_12306,Apple-iPhone 6S Plus,ios,"30827,12,15",0,0,0,0,0,1492153905.0
15668467,hmh我的大熊,Meizu-m2 note,android,"271,491,89069",0,0,0,0,0,1492729919.0
15668888,任先森的胡萝卜,Meizu-MX5,android,"362,45109,35",0,0,0,0,0,1493824318.0
15668931,亡心哟y,vivo-vivo V3Max A,android,"174773,4,369",0,0,0,0,0,1492183755.0
15669133,我叫声诶你敢答应嘛,Apple-iPhone 6S,ios,174789,0,0,0,0,0,1492176664.0
15669170,無聊的小号__,Apple-iPhone 6S,ios,5474,0,0,0,0,0,1492177280.0
15669912,先吃完再减肥,Apple-iPhone 6S,ios,"13368,33",0,0,0,0,0,1512550178.0
15670732,地理不上80不改名22317,OPPO-OPPO A33m,android,"369,151188,3855",0,0,0,0,0,1492261953.0
15671091,奇小葩喵呜,vivo-vivo X6Plus D,android,"5,1,6",0,0,0,0,0,1492243692.0
15671285,Nico的NamTaeHyun,Apple-iPhone 6S,ios,"166,138",0,2,0,0,0,1529334831.0
15671341,魏秋月粉丝后援团,honor-FRD-AL00,android,"110621,9443,148786",0,0,0,0,0,1507046515.0
15671359,wuli-FQY,Xiaomi-MI 8 SE,android,"39994,106946,46352",0,0,0,0,0,1550572597.0
15671762,不转逆转,vivo-vivo Xplay5A,android,539,0,0,0,0,0,1494678136.0
15671924,墨猫M,Meizu-PRO 7-S,android,"42407,178604,187092,97608,5",0,6,1,0,0,1552704521.0
15671978,陈杏红橙黄绿青蓝紫,Apple-iPhone 6,ios,"46,1505,522",0,0,0,0,0,1494151684.0
15672011,娅娅娅娅呀Zz,OPPO-OPPO R9tm,android,"3529,369",0,0,0,0,0,1496560915.0
15672119,噔噔噔噔等噔噔噔噔,Huawei-H60-L01,android,"3673,27604,3672",0,0,0,0,0,1492320224.0
15672264,西柚味的Prozac,Apple-iPhone 6 Plus,ios,"10687,3721,8112",0,0,0,0,0,1493483237.0
15673217,我是大乖兽的小窝,samsung-SM-N9109W,android,35,0,0,0,0,0,1495855781.0
15673274,章鱼bao,Apple-iPhone 7 Plus,ios,"539,93660",0,0,0,0,0,1552269724.0
15673349,发条鸭子-锵锵锵,Apple-iPhone 5,ios,"3924,31564,30827",0,0,0,0,0,1526184317.0
15673648,呵呵哈哈哈老巢1314,OPPO-OPPO R7,android,"8531,22,3119",0,0,0,0,0,1500614275.0
15674155,葵的喵,Apple-iPhone 7,ios,"3860,173",0,0,0,0,0,1508553142.0
15674224,沈云渊,OPPO-OPPO R9sk,android,"5261,1801,229466,131607,229629,1626",0,11,24,0,0,1553256483.0
15674382,萧思舞55911,OPPO-OPPO R9st,android,"588,113",0,8,5,0,0,1553440270.0
15674526,雅先小公举~,honor-FRD-AL10,android,3,0,0,0,0,0,1494948750.0
15674653,ke-pcyl1127,vivo-vivo X21,android,"22,10,131020,24,6754",0,0,0,0,0,1552320007.0
15675281,风静静吹CS,vivo-vivo X7,android,"19917,122687,27",0,0,0,0,0,1498098234.0
15676204,我是谁160,Honor-SCL-CL00,android,"9,112380,26",0,0,0,0,0,1493533707.0
15676219,KL_forever,Apple-iPhone 6,ios,"138,219",0,0,0,0,0,1492397983.0
15676933,冷陌曦,CMDC-M821,android,"7,1,6,3,5",0,3,3,0,0,1531715866.0
15677602,璞唯love,OPPO-OPPO R11,android,"162,10226",0,0,0,0,0,1516368911.0
15678098,鹿MAYDAY,OPPO-OPPO R9tm,android,"46,522",0,0,0,0,0,1500257714.0
15679229,kala的寒,Apple-iPhone 7 Plus,ios,199,0,0,0,0,0,1551172350.0
15680068,易心爱幂峰,OPPO-OPPO A57,android,"3,1,6",1,0,0,0,0,1498707029.0
15680135,用户6212854000,Apple-iPhone 6S,ios,176190,0,0,0,0,0,1492526497.0
15680278,盐汽水时代,OnePlus-ONEPLUS A3010,android,369,0,0,0,0,0,1494300594.0
15680933,你听我说每个快乐,OPPO-OPPO R9tm,android,"3917,3,39",0,0,0,0,0,1492563222.0
15680943,管钏,vivo-vivo V3,android,33,0,0,0,0,0,1492563720.0
15681002,AjIDaA,Apple-iPhone 5S,ios,176472,0,0,0,0,0,1492563633.0
15681705,L木白弓虽,OPPO-OPPO R7sm,android,"2885,113869,166730",0,0,0,0,0,1495381030.0
15681768,虾米次虾米,vivo-vivo X7,android,"176613,111,12",0,0,0,0,0,1515413434.0
15682089,LMeng乐Y爱鲸鱼,Apple-iPhone 6,ios,"31564,10,25",0,0,0,0,0,1492597882.0
15682142,李彪L-Biao,Apple-iPhone 6 Plus,ios,466,0,0,0,0,0,1497620868.0
15682303,moonmoon0918,Apple-iPhone 7 Plus,ios,"178,143901",0,0,0,0,0,1492603911.0
15683162,正阳阳Adlere,vivo-vivo X7,android,10226,0,0,0,0,0,1492605711.0
15683223,Adley建白白EE,OPPO-OPPO R9s,android,10226,0,0,0,0,0,1492606419.0
15683755,夸乐乐吃乐乐啃乐乐偷乐乐,Apple-iPhone 5S,ios,"44710,90206",0,0,0,0,0,1494647559.0
15683955,蜜糖monica869,xiaolajiao-LA-S2 Volte,android,"5,1,6",0,0,0,0,0,1494053845.0
15684510,rw结婚2,Apple-iPhone 6S,ios,97605,0,0,0,0,0,1492652370.0
15684763,季南湘Keegan,OPPO-OPPO R9st,android,10226,0,0,0,0,0,1518325346.0
15685195,樱桃猪比莉,OPPO-OPPO R9tm,android,"3430,79809",0,0,0,0,0,1492937716.0
15686250,倾辰i呀喂,OPPO-1105,android,"5,46",0,0,0,0,0,1492867966.0
15686356,likethewwkwi,Apple-iPhone 6S Plus,ios,"4,135651",0,0,0,0,0,1492685340.0
15686364,臂晴抵炕,Apple-iPhone 6S,ios,97605,0,0,0,0,0,1492685094.0
15686691,望着你明白了,Apple-iPhone 6,ios,59,0,0,0,0,0,1494491292.0
15686785,恐爪察欺,Samsung-SM-G9006V,android,97605,0,0,0,0,0,1492690396.0
15687170,殿下-请收下我吧,vivo-vivo Y66,android,"59,12193",0,0,0,0,0,1521034233.0
15688096,彼岸花开只为珂,OPPO-OPPO R11s,android,"155,296,100603",0,0,0,0,0,1525872842.0
15688473,容梅籽酿,OPPO-OPPO R9 Plusm A,android,33556,0,0,0,0,0,1543331867.0
15688971,留吴著圆感,Apple-iPhone 6,ios,10226,0,0,0,0,0,1492752383.0
15689015,鹿598-,vivo-vivo Y51e,android,5,0,1,0,0,0,1519819639.0
15689449,虂YR,Apple-iPhone X,ios,"26,3,588,9,44706,5,4194",0,0,0,0,0,1545877208.0
15689510,Adam丞丞fcc,vivo-vivo Y66,android,"218960,28233,217341,212290,212418,2060",0,1,0,0,0,1537448448.0
15689627,一期再会呀,OPPO-OPPO A59m,android,180,0,0,0,0,0,1492768201.0
15690234,源氏笔芯,vivo-vivo Y51A,android,"6,22,40157",0,0,0,0,0,1494027217.0
15690266,买翠缸缎跌,Apple-iPhone 6S,ios,97605,0,0,0,0,0,1492781400.0
15691484,格烂波静,OPPO-R7c,android,97605,0,0,0,0,0,1492831479.0
15691583,故人赠与,OPPO-OPPO R9tm,android,"14,77",0,0,0,0,0,1498229021.0
15692432,所车柜抢夸雁,Apple-iPad 4,ios,"97605,177196",0,0,0,0,0,1492856063.0
15692727,亩咱佣病,HUAWEI-HUAWEI NXT-AL10,android,2885,0,0,0,0,0,1492862107.0
15692834,工阵载平,Apple-iPhone 6S,ios,97605,0,0,0,0,0,1492864547.0
15693385,用户6036821519,Meizu-U10,android,2885,0,0,0,0,0,1492873647.0
15693529,鹊碰奶丸,Meizu-U10,android,2885,0,0,0,0,0,1492875165.0
15693849,嚷虾并被,vivo-vivo X7,android,2885,0,0,0,0,0,1492881422.0
15694336,在下小美有何贵干,Apple-iPhone 6,ios,52,0,0,0,0,0,1493007209.0
15694403,Jackson_Jacky_王嘎一,Huawei-HUAWEI MT7-TL10,android,89069,0,0,0,0,0,1494665641.0
15694688,居老师的小笼包.1,vivo-vivo Y83,android,"84,36,380",0,3,1,0,0,1550545205.0
15694929,语阳宝贝儿,LeEco-Le X621,android,"648,42,862,539",0,0,0,0,0,1494565461.0
15694940,静光下的清茶i,OPPO-OPPO R9s,android,"3811,369,6457",0,0,0,0,0,1532445461.0
15695150,卷卷yomi,Huawei-H60-L01,android,"4,24,22",0,0,0,0,0,1492930655.0
15695212,大晴天和大白天,SMARTISAN-YQ601,android,"184732,922,3735",0,0,0,0,0,1499388297.0
15695569,罚倚倦牧,vivo-vivo X7,android,2885,0,0,0,0,0,1492941866.0
15695591,爆炸BOOM0819,Meizu-m3,android,"47,3529,3528",0,0,0,0,0,1500603268.0
15695780,Cuikkker,Apple-iPhone 7 Plus,ios,"10,89069",0,0,0,0,0,1516235636.0
15695960,则级肩爪,Apple-iPhone 6,ios,97605,0,0,0,0,0,1492949607.0
15696063,德为稿处,Apple-iPhone 6S,ios,97605,0,0,0,0,0,1492951520.0
15696642,只想单纯喜欢着,Xiaomi-Redmi Note 3,android,"4490,827,180219",0,0,0,0,0,1518823648.0
15697333,红楼一檬,vivo-vivo Y66,android,"3,5,39",0,0,0,0,0,1498490367.0
15697355,恐龙0716,Xiaomi-Redmi Note 3,android,"648,466,209",0,0,0,0,0,1496912220.0
15697383,木甜厅漏,vivo-vivo Y27,android,2885,0,0,0,0,0,1493006262.0
15697403,震益弟姨绣堆,vivo-vivo Y27,android,2885,0,0,0,0,0,1493006769.0
15697505,吉小清,Xiaomi-MI 5s,android,178078,0,0,0,0,0,1493009879.0
15697580,球控AZY,vivo-vivo Y27,android,2885,0,0,0,0,0,1493012216.0
15697715,Lin王琳雯,vivo-vivo Y66,android,11,0,0,0,0,0,1493183107.0
15697743,萌朵押吊,vivo-vivo X7,android,2885,0,0,0,0,0,1493029909.0
15697806,我大东啊,Apple-iPhone 5,ios,"3503,12916,14311",0,0,0,0,0,1493216414.0
15697875,酒滤猫缸,OPPO-R7c,android,97605,0,0,0,0,0,1493021830.0
15698077,HHazjyy,samsung-SM-G9300,android,"46,25799,17151",0,0,0,0,0,1506747218.0
15699223,irenega嘉,Apple-iPhone 6S,ios,219,0,2,0,0,0,1553338260.0
15699264,促令扇水绕歉,Apple-iPhone 6 Plus,ios,2885,0,0,0,0,0,1493048731.0
15699383,召创橡靠悄,Apple-iPhone 6 Plus,ios,2885,0,0,0,0,0,1493050824.0
15700292,super小媛子,Apple-iPhone 8 Plus,ios,"9,26",0,1,0,0,0,1552714489.0
15700310,蓝色星海一Hj,vivo-vivo Y79A,android,"2060,9",0,0,0,0,0,1536294982.0
